کد یکتا,موتور,خانواده,نام شاخص,تعریف عملیاتی,فرمول/منطق,واحد,جهت مطلوب,نقش در الگوریتم,ورودی‌های لازم,روش/منبع,تناوب,سطح مکانی,تفکیک عدالت,مقیاس/آستانه,سطح تمرکز,وضعیت استخراج,کنترل کیفیت,خروجی/تصمیم
M-CORE-H1,سنجش,هسته ۸ سرمایه,سطح تحصیلات,جمعیت ۲۵+ دارای حداقل دیپلم ÷ جمعیت ۲۵+ ×۱۰۰,جمعیت ۲۵+ دارای حداقل دیپلم ÷ جمعیت ۲۵+ ×۱۰۰,درصد,بیشتر بهتر,ظرفیت,جمعیت ۲۵+ دارای حداقل دیپلم؛ کل جمعیت ۲۵+,سرشماری/پیمایش,سالانه و پس از مداخله,محله و زیرمحله,زیرمحله/بلوک، زمان، جنس، سن، درآمد، معلولیت، نوع خانوار و وضعیت سکونت؛ متناسب با معنا,نمره ۰–۱۰۰ پس از کالیبراسیون L/U,هسته اجباری,صریح در صفحه,تعریف و جهت ثابت؛ صفر با گمشده یکی نیست؛ منبع، زمان، پوشش، نسخه و evidence_id ثبت شود,پروفایل سرمایه، C-A-U-E-O و Q/T/R
M-CORE-H2,سنجش,هسته ۸ سرمایه,مهارت قابل عرضه,افراد دارای مهارت حرفه‌ای قابل استفاده ÷ جمعیت در سن کار ×۱۰۰,افراد دارای مهارت حرفه‌ای قابل استفاده ÷ جمعیت در سن کار ×۱۰۰,درصد,بیشتر بهتر,ظرفیت,افراد ماهر؛ جمعیت در سن کار,پیمایش/فنی‌وحرفه‌ای,سالانه و پس از مداخله,محله و زیرمحله,زیرمحله/بلوک، زمان، جنس، سن، درآمد، معلولیت، نوع خانوار و وضعیت سکونت؛ متناسب با معنا,نمره ۰–۱۰۰ پس از کالیبراسیون L/U,هسته اجباری,صریح در صفحه,تعریف و جهت ثابت؛ صفر با گمشده یکی نیست؛ منبع، زمان، پوشش، نسخه و evidence_id ثبت شود,پروفایل سرمایه، C-A-U-E-O و Q/T/R
M-CORE-H3,سنجش,هسته ۸ سرمایه,اشتغال پایدار,شاغلان دارای قرارداد/بیمه یا تداوم شغلی مصوب ÷ جمعیت فعال ×۱۰۰,شاغلان دارای قرارداد/بیمه یا تداوم شغلی مصوب ÷ جمعیت فعال ×۱۰۰,درصد,بیشتر بهتر,پیامد,شاغلان پایدار؛ جمعیت فعال,پیمایش/تأمین اجتماعی,سالانه و پس از مداخله,محله و زیرمحله,زیرمحله/بلوک، زمان، جنس، سن، درآمد، معلولیت، نوع خانوار و وضعیت سکونت؛ متناسب با معنا,نمره ۰–۱۰۰ پس از کالیبراسیون L/U,هسته اجباری,صریح در صفحه,تعریف و جهت ثابت؛ صفر با گمشده یکی نیست؛ منبع، زمان، پوشش، نسخه و evidence_id ثبت شود,پروفایل سرمایه، C-A-U-E-O و Q/T/R
M-CORE-H4,سنجش,هسته ۸ سرمایه,انطباق مهارت و شغل,شاغلان مرتبط با مهارت ÷ شاغلان ماهر ×۱۰۰,شاغلان مرتبط با مهارت ÷ شاغلان ماهر ×۱۰۰,درصد,بیشتر بهتر,تبدیل,شاغلان منطبق؛ شاغلان ماهر,پیمایش نیروی کار,سالانه و پس از مداخله,محله و زیرمحله,زیرمحله/بلوک، زمان، جنس، سن، درآمد، معلولیت، نوع خانوار و وضعیت سکونت؛ متناسب با معنا,نمره ۰–۱۰۰ پس از کالیبراسیون L/U,هسته اجباری,صریح در صفحه,تعریف و جهت ثابت؛ صفر با گمشده یکی نیست؛ منبع، زمان، پوشش، نسخه و evidence_id ثبت شود,پروفایل سرمایه، C-A-U-E-O و Q/T/R
M-CORE-H5,سنجش,هسته ۸ سرمایه,یادگیری مستمر,شرکت‌کنندگان آموزش در ۱۲ ماه ÷ جمعیت ۱۵+ ×۱۰۰,شرکت‌کنندگان آموزش در ۱۲ ماه ÷ جمعیت ۱۵+ ×۱۰۰,درصد,بیشتر بهتر,بازتولید,شرکت‌کنندگان؛ جمعیت ۱۵+,پیمایش/مراکز آموزشی,سالانه و پس از مداخله,محله و زیرمحله,زیرمحله/بلوک، زمان، جنس، سن، درآمد، معلولیت، نوع خانوار و وضعیت سکونت؛ متناسب با معنا,نمره ۰–۱۰۰ پس از کالیبراسیون L/U,هسته اجباری,صریح در صفحه,تعریف و جهت ثابت؛ صفر با گمشده یکی نیست؛ منبع، زمان، پوشش، نسخه و evidence_id ثبت شود,پروفایل سرمایه، C-A-U-E-O و Q/T/R
M-CORE-S1,سنجش,هسته ۸ سرمایه,اعتماد همسایگی,(میانگین وزنی لیکرت−۱)÷۴×۱۰۰,(میانگین وزنی لیکرت−۱)÷۴×۱۰۰,امتیاز ۰–۱۰۰,بیشتر بهتر,ظرفیت,جمع نمرات وزنی؛ وزن پاسخ‌ها,پیمایش,سالانه و پس از مداخله,محله و زیرمحله,زیرمحله/بلوک، زمان، جنس، سن، درآمد، معلولیت، نوع خانوار و وضعیت سکونت؛ متناسب با معنا,نمره ۰–۱۰۰ پس از کالیبراسیون L/U,هسته اجباری,صریح در صفحه,تعریف و جهت ثابت؛ صفر با گمشده یکی نیست؛ منبع، زمان، پوشش، نسخه و evidence_id ثبت شود,پروفایل سرمایه، C-A-U-E-O و Q/T/R
M-CORE-S2,سنجش,هسته ۸ سرمایه,تعلق محله‌ای,(میانگین وزنی لیکرت−۱)÷۴×۱۰۰,(میانگین وزنی لیکرت−۱)÷۴×۱۰۰,امتیاز ۰–۱۰۰,بیشتر بهتر,تجربه,جمع نمرات وزنی؛ وزن پاسخ‌ها,پیمایش,سالانه و پس از مداخله,محله و زیرمحله,زیرمحله/بلوک، زمان، جنس، سن، درآمد، معلولیت، نوع خانوار و وضعیت سکونت؛ متناسب با معنا,نمره ۰–۱۰۰ پس از کالیبراسیون L/U,هسته اجباری,صریح در صفحه,تعریف و جهت ثابت؛ صفر با گمشده یکی نیست؛ منبع، زمان، پوشش، نسخه و evidence_id ثبت شود,پروفایل سرمایه، C-A-U-E-O و Q/T/R
M-CORE-S3,سنجش,هسته ۸ سرمایه,شبکه همکاری,ساکنان دارای همکاری متقابل ÷ پاسخگویان معتبر ×۱۰۰,ساکنان دارای همکاری متقابل ÷ پاسخگویان معتبر ×۱۰۰,درصد,بیشتر بهتر,ظرفیت,افراد دارای همکاری؛ پاسخ معتبر,پیمایش,سالانه و پس از مداخله,محله و زیرمحله,زیرمحله/بلوک، زمان، جنس، سن، درآمد، معلولیت، نوع خانوار و وضعیت سکونت؛ متناسب با معنا,نمره ۰–۱۰۰ پس از کالیبراسیون L/U,هسته اجباری,صریح در صفحه,تعریف و جهت ثابت؛ صفر با گمشده یکی نیست؛ منبع، زمان، پوشش، نسخه و evidence_id ثبت شود,پروفایل سرمایه، C-A-U-E-O و Q/T/R
M-CORE-S4,سنجش,هسته ۸ سرمایه,اقدام جمعی,مشارکت‌کنندگان حل مسئله طی سال ÷ جمعیت واجد ×۱۰۰,مشارکت‌کنندگان حل مسئله طی سال ÷ جمعیت واجد ×۱۰۰,درصد,بیشتر بهتر,تبدیل,مشارکت‌کنندگان؛ جمعیت واجد,پیمایش/اسناد,سالانه و پس از مداخله,محله و زیرمحله,زیرمحله/بلوک، زمان، جنس، سن، درآمد، معلولیت، نوع خانوار و وضعیت سکونت؛ متناسب با معنا,نمره ۰–۱۰۰ پس از کالیبراسیون L/U,هسته اجباری,صریح در صفحه,تعریف و جهت ثابت؛ صفر با گمشده یکی نیست؛ منبع، زمان، پوشش، نسخه و evidence_id ثبت شود,پروفایل سرمایه، C-A-U-E-O و Q/T/R
M-CORE-S5,سنجش,هسته ۸ سرمایه,حل مسئله جمعی,مسائل حل‌شده مشارکتی ÷ مسائل شناسایی‌شده ×۱۰۰,مسائل حل‌شده مشارکتی ÷ مسائل شناسایی‌شده ×۱۰۰,درصد,بیشتر بهتر,پیامد/بازتولید,مسائل حل‌شده؛ مسائل شناسایی‌شده,پرونده پروژه,سالانه/مطابق منبع,محله و زیرمحله,زیرمحله/بلوک، زمان، جنس، سن، درآمد، معلولیت، نوع خانوار و وضعیت سکونت؛ متناسب با معنا,نمره ۰–۱۰۰ پس از کالیبراسیون L/U,هسته اجباری,صریح در صفحه,تعریف و جهت ثابت؛ صفر با گمشده یکی نیست؛ منبع، زمان، پوشش، نسخه و evidence_id ثبت شود,پروفایل سرمایه، C-A-U-E-O و Q/T/R
M-CORE-E1,سنجش,هسته ۸ سرمایه,قدرت اقتصادی خانوار,میانه درآمد معادل خانوار محله ÷ میانه شهر ×۱۰۰,میانه درآمد معادل خانوار محله ÷ میانه شهر ×۱۰۰,نسبت ×۱۰۰,بیشتر بهتر,ظرفیت,میانه محله؛ میانه شهر,پیمایش/آمار رسمی,سالانه و پس از مداخله,محله و زیرمحله,زیرمحله/بلوک، زمان، جنس، سن، درآمد، معلولیت، نوع خانوار و وضعیت سکونت؛ متناسب با معنا,نمره ۰–۱۰۰ پس از کالیبراسیون L/U,هسته اجباری,صریح در صفحه,تعریف و جهت ثابت؛ صفر با گمشده یکی نیست؛ منبع، زمان، پوشش، نسخه و evidence_id ثبت شود,پروفایل سرمایه، C-A-U-E-O و Q/T/R
M-CORE-E2,سنجش,هسته ۸ سرمایه,فرصت شغلی محلی,شغل فعال ÷ جمعیت فعال ×۱۰۰۰,شغل فعال ÷ جمعیت فعال ×۱۰۰۰,شغل/۱۰۰۰ فعال,بیشتر بهتر,ظرفیت/فرصت,شغل فعال؛ جمعیت فعال,اصناف/GIS,سالانه/مطابق منبع,محله و زیرمحله,زیرمحله/بلوک، زمان، جنس، سن، درآمد، معلولیت، نوع خانوار و وضعیت سکونت؛ متناسب با معنا,نمره ۰–۱۰۰ پس از کالیبراسیون L/U,هسته اجباری,صریح در صفحه,تعریف و جهت ثابت؛ صفر با گمشده یکی نیست؛ منبع، زمان، پوشش، نسخه و evidence_id ثبت شود,پروفایل سرمایه، C-A-U-E-O و Q/T/R
M-CORE-E3,سنجش,هسته ۸ سرمایه,ماندگاری کسب‌وکار,کسب‌وکار فعال بیش از ۳ سال ÷ کل کسب‌وکار فعال ×۱۰۰,کسب‌وکار فعال بیش از ۳ سال ÷ کل کسب‌وکار فعال ×۱۰۰,درصد,بیشتر بهتر,پیامد,کسب‌وکار ۳+ سال؛ کل فعال,اصناف/مالیات,سالانه/مطابق منبع,محله و زیرمحله,زیرمحله/بلوک، زمان، جنس، سن، درآمد، معلولیت، نوع خانوار و وضعیت سکونت؛ متناسب با معنا,نمره ۰–۱۰۰ پس از کالیبراسیون L/U,هسته اجباری,صریح در صفحه,تعریف و جهت ثابت؛ صفر با گمشده یکی نیست؛ منبع، زمان، پوشش، نسخه و evidence_id ثبت شود,پروفایل سرمایه، C-A-U-E-O و Q/T/R
M-CORE-E4,سنجش,هسته ۸ سرمایه,استطاعت مسکن,هزینه مسکن ÷ درآمد قابل تصرف خانوار ×۱۰۰,هزینه مسکن ÷ درآمد قابل تصرف خانوار ×۱۰۰,درصد,کمتر بهتر,عدالت/دسترسی,هزینه مسکن؛ درآمد خانوار,پیمایش/بازار,سالانه و پس از مداخله,محله و زیرمحله,زیرمحله/بلوک، زمان، جنس، سن، درآمد، معلولیت، نوع خانوار و وضعیت سکونت؛ متناسب با معنا,نمره ۰–۱۰۰ پس از کالیبراسیون L/U,هسته اجباری,صریح در صفحه,تعریف و جهت ثابت؛ صفر با گمشده یکی نیست؛ منبع، زمان، پوشش، نسخه و evidence_id ثبت شود,پروفایل سرمایه، C-A-U-E-O و Q/T/R
M-CORE-E5,سنجش,هسته ۸ سرمایه,ماندگاری ارزش اقتصادی,اشتغال/ارزش محلی باقی‌مانده ÷ کل ارزش ایجادشده ×۱۰۰,اشتغال/ارزش محلی باقی‌مانده ÷ کل ارزش ایجادشده ×۱۰۰,درصد,بیشتر بهتر,بازتولید,ارزش ماندگار؛ کل ارزش,پیمایش بنگاه/حساب محلی,سالانه و پس از مداخله,محله و زیرمحله,زیرمحله/بلوک، زمان، جنس، سن، درآمد، معلولیت، نوع خانوار و وضعیت سکونت؛ متناسب با معنا,نمره ۰–۱۰۰ پس از کالیبراسیون L/U,هسته اجباری,صریح در صفحه,تعریف و جهت ثابت؛ صفر با گمشده یکی نیست؛ منبع، زمان، پوشش، نسخه و evidence_id ثبت شود,پروفایل سرمایه، C-A-U-E-O و Q/T/R
M-CORE-P1,سنجش,هسته ۸ سرمایه,پایداری بنا,۱۰۰−سهم بناهای ناپایدار,۱۰۰−سهم بناهای ناپایدار,درصد,بیشتر بهتر,ظرفیت/ریسک,بنای پایدار؛ کل بنا,GIS/پایگاه ساختمان,سالانه/مطابق منبع,محله و زیرمحله,زیرمحله/بلوک، زمان، جنس، سن، درآمد، معلولیت، نوع خانوار و وضعیت سکونت؛ متناسب با معنا,نمره ۰–۱۰۰ پس از کالیبراسیون L/U,هسته اجباری,صریح در صفحه,تعریف و جهت ثابت؛ صفر با گمشده یکی نیست؛ منبع، زمان، پوشش، نسخه و evidence_id ثبت شود,پروفایل سرمایه، C-A-U-E-O و Q/T/R
M-CORE-P2,سنجش,هسته ۸ سرمایه,پیوستگی شبکه معابر,طول شبکه متصل ÷ کل شبکه ×۱۰۰,طول شبکه متصل ÷ کل شبکه ×۱۰۰,درصد,بیشتر بهتر,ظرفیت,طول متصل؛ کل طول,GIS شبکه,سالانه/مطابق منبع,محله و زیرمحله,زیرمحله/بلوک، زمان، جنس، سن، درآمد، معلولیت، نوع خانوار و وضعیت سکونت؛ متناسب با معنا,نمره ۰–۱۰۰ پس از کالیبراسیون L/U,هسته اجباری,صریح در صفحه,تعریف و جهت ثابت؛ صفر با گمشده یکی نیست؛ منبع، زمان، پوشش، نسخه و evidence_id ثبت شود,پروفایل سرمایه، C-A-U-E-O و Q/T/R
M-CORE-P3,سنجش,هسته ۸ سرمایه,قابلیت استفاده فضای عمومی,میانگین اقلام مشاهده‌ای ۰–۲، تبدیل به ۰–۱۰۰,میانگین اقلام مشاهده‌ای ۰–۲، تبدیل به ۰–۱۰۰,امتیاز ۰–۱۰۰,بیشتر بهتر,استفاده,امتیاز اقلام؛ حداکثر امتیاز,ممیزی میدانی,سالانه/مطابق منبع,محله و زیرمحله,زیرمحله/بلوک، زمان، جنس، سن، درآمد، معلولیت، نوع خانوار و وضعیت سکونت؛ متناسب با معنا,نمره ۰–۱۰۰ پس از کالیبراسیون L/U,هسته اجباری,صریح در صفحه,تعریف و جهت ثابت؛ صفر با گمشده یکی نیست؛ منبع، زمان، پوشش، نسخه و evidence_id ثبت شود,پروفایل سرمایه، C-A-U-E-O و Q/T/R
M-CORE-P4,سنجش,هسته ۸ سرمایه,دسترسی خدمات پایه,جمعیت در آستانه شبکه‌ای خدمت ÷ کل جمعیت ×۱۰۰,جمعیت در آستانه شبکه‌ای خدمت ÷ کل جمعیت ×۱۰۰,درصد,بیشتر بهتر,دسترسی,جمعیت پوشش‌یافته؛ کل جمعیت,GIS/ثبت خدمت,سالانه/مطابق منبع,محله و زیرمحله,زیرمحله/بلوک، زمان، جنس، سن، درآمد، معلولیت، نوع خانوار و وضعیت سکونت؛ متناسب با معنا,نمره ۰–۱۰۰ پس از کالیبراسیون L/U,هسته اجباری,صریح در صفحه,تعریف و جهت ثابت؛ صفر با گمشده یکی نیست؛ منبع، زمان، پوشش، نسخه و evidence_id ثبت شود,پروفایل سرمایه، C-A-U-E-O و Q/T/R
M-CORE-P5,سنجش,هسته ۸ سرمایه,دسترسی حمل‌ونقل پایدار,جمعیت برخوردار از حمل‌ونقل فعال/عمومی مناسب ÷ کل ×۱۰۰,جمعیت برخوردار از حمل‌ونقل فعال/عمومی مناسب ÷ کل ×۱۰۰,درصد,بیشتر بهتر,دسترسی,جمعیت برخوردار؛ کل جمعیت,GIS/GTFS,سالانه/مطابق منبع,محله و زیرمحله,زیرمحله/بلوک، زمان، جنس، سن، درآمد، معلولیت، نوع خانوار و وضعیت سکونت؛ متناسب با معنا,نمره ۰–۱۰۰ پس از کالیبراسیون L/U,هسته اجباری,صریح در صفحه,تعریف و جهت ثابت؛ صفر با گمشده یکی نیست؛ منبع، زمان، پوشش، نسخه و evidence_id ثبت شود,پروفایل سرمایه، C-A-U-E-O و Q/T/R
M-CORE-N1,سنجش,هسته ۸ سرمایه,دسترسی به فضای سبز,جمعیت در فاصله پیاده مصوب ÷ کل جمعیت ×۱۰۰,جمعیت در فاصله پیاده مصوب ÷ کل جمعیت ×۱۰۰,درصد,بیشتر بهتر,دسترسی,جمعیت پوشش‌یافته؛ کل جمعیت,GIS,سالانه/مطابق منبع,محله و زیرمحله,زیرمحله/بلوک، زمان، جنس، سن، درآمد، معلولیت، نوع خانوار و وضعیت سکونت؛ متناسب با معنا,نمره ۰–۱۰۰ پس از کالیبراسیون L/U,هسته اجباری,صریح در صفحه,تعریف و جهت ثابت؛ صفر با گمشده یکی نیست؛ منبع، زمان، پوشش، نسخه و evidence_id ثبت شود,پروفایل سرمایه، C-A-U-E-O و Q/T/R
M-CORE-N2,سنجش,هسته ۸ سرمایه,پوشش سبز,مساحت تاج درخت/پوشش سبز معتبر ÷ مساحت خشکی ×۱۰۰,مساحت تاج درخت/پوشش سبز معتبر ÷ مساحت خشکی ×۱۰۰,درصد,بیشتر بهتر,ظرفیت,مساحت سبز؛ مساحت خشکی,سنجش‌ازدور/GIS,سالانه/مطابق منبع,محله و زیرمحله,زیرمحله/بلوک، زمان، جنس، سن، درآمد، معلولیت، نوع خانوار و وضعیت سکونت؛ متناسب با معنا,نمره ۰–۱۰۰ پس از کالیبراسیون L/U,هسته اجباری,صریح در صفحه,تعریف و جهت ثابت؛ صفر با گمشده یکی نیست؛ منبع، زمان، پوشش، نسخه و evidence_id ثبت شود,پروفایل سرمایه، C-A-U-E-O و Q/T/R
M-CORE-N3,سنجش,هسته ۸ سرمایه,کیفیت هوا,PM2.5 جمعیت‌وزن‌دار؛ سپس نمره معکوس نسبت به استاندارد,PM2.5 جمعیت‌وزن‌دار؛ سپس نمره معکوس نسبت به استاندارد,µg/m³ و نمره,کمتر بهتر,پیامد,PM2.5 وزن‌دار؛ جمعیت/زمان معتبر,پایش محیطی,سالانه/مطابق منبع,محله و زیرمحله,زیرمحله/بلوک، زمان، جنس، سن، درآمد، معلولیت، نوع خانوار و وضعیت سکونت؛ متناسب با معنا,نمره ۰–۱۰۰ پس از کالیبراسیون L/U,هسته اجباری,صریح در صفحه,تعریف و جهت ثابت؛ صفر با گمشده یکی نیست؛ منبع، زمان، پوشش، نسخه و evidence_id ثبت شود,پروفایل سرمایه، C-A-U-E-O و Q/T/R
M-CORE-N4,سنجش,هسته ۸ سرمایه,مواجهه با خطر,جمعیت در پهنه خطر ÷ کل جمعیت ×۱۰۰,جمعیت در پهنه خطر ÷ کل جمعیت ×۱۰۰,درصد,کمتر بهتر,ریسک,جمعیت مواجه؛ کل جمعیت,GIS مخاطرات,سالانه/مطابق منبع,محله و زیرمحله,زیرمحله/بلوک، زمان، جنس، سن، درآمد، معلولیت، نوع خانوار و وضعیت سکونت؛ متناسب با معنا,نمره ۰–۱۰۰ پس از کالیبراسیون L/U,هسته اجباری,صریح در صفحه,تعریف و جهت ثابت؛ صفر با گمشده یکی نیست؛ منبع، زمان، پوشش، نسخه و evidence_id ثبت شود,پروفایل سرمایه، C-A-U-E-O و Q/T/R
M-CORE-N5,سنجش,هسته ۸ سرمایه,تاب‌آوری اقلیمی,میانگین وزنی گرما، آب‌گرفتگی، خشکسالی و ظرفیت پاسخ پس از نرمال‌سازی,میانگین وزنی گرما، آب‌گرفتگی، خشکسالی و ظرفیت پاسخ پس از نرمال‌سازی,امتیاز ۰–۱۰۰,بیشتر بهتر,بازتولید,اجزای معتبر؛ وزن معتبر,GIS/اقلیم/مدیریت بحران,سالانه/مطابق منبع,محله و زیرمحله,زیرمحله/بلوک، زمان، جنس، سن، درآمد، معلولیت، نوع خانوار و وضعیت سکونت؛ متناسب با معنا,نمره ۰–۱۰۰ پس از کالیبراسیون L/U,هسته اجباری,صریح در صفحه,تعریف و جهت ثابت؛ صفر با گمشده یکی نیست؛ منبع، زمان، پوشش، نسخه و evidence_id ثبت شود,پروفایل سرمایه، C-A-U-E-O و Q/T/R
M-CORE-C1,سنجش,هسته ۸ سرمایه,دارایی فرهنگی,دارایی فرهنگی فعال/ثبت‌شده ÷ جمعیت ×۱۰۰۰,دارایی فرهنگی فعال/ثبت‌شده ÷ جمعیت ×۱۰۰۰,تعداد/۱۰۰۰ نفر,بیشتر بهتر,ظرفیت,دارایی فعال؛ جمعیت,GIS/اسناد,سالانه/مطابق منبع,محله و زیرمحله,زیرمحله/بلوک، زمان، جنس، سن، درآمد، معلولیت، نوع خانوار و وضعیت سکونت؛ متناسب با معنا,نمره ۰–۱۰۰ پس از کالیبراسیون L/U,هسته اجباری,صریح در صفحه,تعریف و جهت ثابت؛ صفر با گمشده یکی نیست؛ منبع، زمان، پوشش، نسخه و evidence_id ثبت شود,پروفایل سرمایه، C-A-U-E-O و Q/T/R
M-CORE-C2,سنجش,هسته ۸ سرمایه,فعال‌بودن دارایی فرهنگی,دارایی دارای استفاده/برنامه فعال ÷ کل دارایی ×۱۰۰,دارایی دارای استفاده/برنامه فعال ÷ کل دارایی ×۱۰۰,درصد,بیشتر بهتر,تبدیل,دارایی فعال؛ کل دارایی,مشاهده/برنامه فعالیت,سالانه/مطابق منبع,محله و زیرمحله,زیرمحله/بلوک، زمان، جنس، سن، درآمد، معلولیت، نوع خانوار و وضعیت سکونت؛ متناسب با معنا,نمره ۰–۱۰۰ پس از کالیبراسیون L/U,هسته اجباری,صریح در صفحه,تعریف و جهت ثابت؛ صفر با گمشده یکی نیست؛ منبع، زمان، پوشش، نسخه و evidence_id ثبت شود,پروفایل سرمایه، C-A-U-E-O و Q/T/R
M-CORE-C3,سنجش,هسته ۸ سرمایه,هویت محله‌ای,(میانگین وزنی لیکرت−۱)÷۴×۱۰۰,(میانگین وزنی لیکرت−۱)÷۴×۱۰۰,امتیاز ۰–۱۰۰,بیشتر بهتر,تجربه,جمع نمرات وزنی؛ وزن پاسخ‌ها,پیمایش,سالانه و پس از مداخله,محله و زیرمحله,زیرمحله/بلوک، زمان، جنس، سن، درآمد، معلولیت، نوع خانوار و وضعیت سکونت؛ متناسب با معنا,نمره ۰–۱۰۰ پس از کالیبراسیون L/U,هسته اجباری,صریح در صفحه,تعریف و جهت ثابت؛ صفر با گمشده یکی نیست؛ منبع، زمان، پوشش، نسخه و evidence_id ثبت شود,پروفایل سرمایه، C-A-U-E-O و Q/T/R
M-CORE-C4,سنجش,هسته ۸ سرمایه,مشارکت فرهنگی,مشارکت‌کنندگان فعالیت فرهنگی ÷ جمعیت واجد ×۱۰۰,مشارکت‌کنندگان فعالیت فرهنگی ÷ جمعیت واجد ×۱۰۰,درصد,بیشتر بهتر,استفاده,مشارکت‌کنندگان؛ جمعیت واجد,پیمایش/ثبت برنامه,سالانه و پس از مداخله,محله و زیرمحله,زیرمحله/بلوک، زمان، جنس، سن، درآمد، معلولیت، نوع خانوار و وضعیت سکونت؛ متناسب با معنا,نمره ۰–۱۰۰ پس از کالیبراسیون L/U,هسته اجباری,صریح در صفحه,تعریف و جهت ثابت؛ صفر با گمشده یکی نیست؛ منبع، زمان، پوشش، نسخه و evidence_id ثبت شود,پروفایل سرمایه، C-A-U-E-O و Q/T/R
M-CORE-C5,سنجش,هسته ۸ سرمایه,انتقال هویت,جوانان مشارکت‌کننده در روایت/فعالیت محلی ÷ جوانان واجد ×۱۰۰,جوانان مشارکت‌کننده در روایت/فعالیت محلی ÷ جوانان واجد ×۱۰۰,درصد,بیشتر بهتر,بازتولید,جوانان مشارکت‌کننده؛ جوانان واجد,پیمایش,سالانه و پس از مداخله,محله و زیرمحله,زیرمحله/بلوک، زمان، جنس، سن، درآمد، معلولیت، نوع خانوار و وضعیت سکونت؛ متناسب با معنا,نمره ۰–۱۰۰ پس از کالیبراسیون L/U,هسته اجباری,صریح در صفحه,تعریف و جهت ثابت؛ صفر با گمشده یکی نیست؛ منبع، زمان، پوشش، نسخه و evidence_id ثبت شود,پروفایل سرمایه، C-A-U-E-O و Q/T/R
M-CORE-G1,سنجش,هسته ۸ سرمایه,مشارکت در تصمیم‌گیری,فرایندهای دارای مشارکت واقعی گروه‌های محلی ÷ کل فرایندها ×۱۰۰,فرایندهای دارای مشارکت واقعی گروه‌های محلی ÷ کل فرایندها ×۱۰۰,درصد,بیشتر بهتر,تبدیل,فرایند مشارکتی؛ کل فرایند,اسناد/پیمایش,سالانه و پس از مداخله,محله و زیرمحله,زیرمحله/بلوک، زمان، جنس، سن، درآمد، معلولیت، نوع خانوار و وضعیت سکونت؛ متناسب با معنا,نمره ۰–۱۰۰ پس از کالیبراسیون L/U,هسته اجباری,صریح در صفحه,تعریف و جهت ثابت؛ صفر با گمشده یکی نیست؛ منبع، زمان، پوشش، نسخه و evidence_id ثبت شود,پروفایل سرمایه، C-A-U-E-O و Q/T/R
M-CORE-G2,سنجش,هسته ۸ سرمایه,پاسخگویی,درخواست‌های حل‌شده در SLA ÷ درخواست‌های واجد ×۱۰۰,درخواست‌های حل‌شده در SLA ÷ درخواست‌های واجد ×۱۰۰,درصد,بیشتر بهتر,تبدیل,حل در SLA؛ درخواست واجد,سامانه مدیریت شهری,سالانه/مطابق منبع,محله و زیرمحله,زیرمحله/بلوک، زمان، جنس، سن، درآمد، معلولیت، نوع خانوار و وضعیت سکونت؛ متناسب با معنا,نمره ۰–۱۰۰ پس از کالیبراسیون L/U,هسته اجباری,صریح در صفحه,تعریف و جهت ثابت؛ صفر با گمشده یکی نیست؛ منبع، زمان، پوشش، نسخه و evidence_id ثبت شود,پروفایل سرمایه، C-A-U-E-O و Q/T/R
M-CORE-G3,سنجش,هسته ۸ سرمایه,هماهنگی نهادی,امتیاز شبکه همکاری: تراکم/مرکزیت/تداوم توافق‌های عملی,امتیاز شبکه همکاری: تراکم/مرکزیت/تداوم توافق‌های عملی,امتیاز ۰–۱۰۰,بیشتر بهتر,تبدیل,پیوندهای فعال؛ پیوندهای ممکن,ارزیابی شبکه/خبرگان,سالانه/مطابق منبع,محله و زیرمحله,زیرمحله/بلوک، زمان، جنس، سن، درآمد، معلولیت، نوع خانوار و وضعیت سکونت؛ متناسب با معنا,نمره ۰–۱۰۰ پس از کالیبراسیون L/U,هسته اجباری,صریح در صفحه,تعریف و جهت ثابت؛ صفر با گمشده یکی نیست؛ منبع، زمان، پوشش، نسخه و evidence_id ثبت شود,پروفایل سرمایه، C-A-U-E-O و Q/T/R
M-CORE-G4,سنجش,هسته ۸ سرمایه,ظرفیت اجرا,پروژه‌های تکمیل‌شده در زمان/بودجه ÷ پروژه‌های مصوب ×۱۰۰,پروژه‌های تکمیل‌شده در زمان/بودجه ÷ پروژه‌های مصوب ×۱۰۰,درصد,بیشتر بهتر,ظرفیت مداخله,پروژه تکمیل؛ پروژه مصوب,داده پروژه,سالانه/مطابق منبع,محله و زیرمحله,زیرمحله/بلوک، زمان، جنس، سن، درآمد، معلولیت، نوع خانوار و وضعیت سکونت؛ متناسب با معنا,نمره ۰–۱۰۰ پس از کالیبراسیون L/U,هسته اجباری,صریح در صفحه,تعریف و جهت ثابت؛ صفر با گمشده یکی نیست؛ منبع، زمان، پوشش، نسخه و evidence_id ثبت شود,پروفایل سرمایه، C-A-U-E-O و Q/T/R
M-CORE-G5,سنجش,هسته ۸ سرمایه,یادگیری نهادی,پروژه‌های استفاده‌کننده از ارزیابی قبلی ÷ کل پروژه‌ها ×۱۰۰,پروژه‌های استفاده‌کننده از ارزیابی قبلی ÷ کل پروژه‌ها ×۱۰۰,درصد,بیشتر بهتر,بازتولید,پروژه یادگیرنده؛ کل پروژه,اسناد/ارزیابی,سالانه/مطابق منبع,محله و زیرمحله,زیرمحله/بلوک، زمان، جنس، سن، درآمد، معلولیت، نوع خانوار و وضعیت سکونت؛ متناسب با معنا,نمره ۰–۱۰۰ پس از کالیبراسیون L/U,هسته اجباری,صریح در صفحه,تعریف و جهت ثابت؛ صفر با گمشده یکی نیست؛ منبع، زمان، پوشش، نسخه و evidence_id ثبت شود,پروفایل سرمایه، C-A-U-E-O و Q/T/R
M-CORE-R1,سنجش,هسته ۸ سرمایه,اتصال به شبکه شهری,میانه زمان سفر جمعیت‌وزن‌دار به مراکز اصلی,میانه زمان سفر جمعیت‌وزن‌دار به مراکز اصلی,دقیقه,کمتر بهتر,دسترسی,جمع زمان×جمعیت؛ کل جمعیت,GIS شبکه,سالانه/مطابق منبع,محله و زیرمحله,زیرمحله/بلوک، زمان، جنس، سن، درآمد، معلولیت، نوع خانوار و وضعیت سکونت؛ متناسب با معنا,نمره ۰–۱۰۰ پس از کالیبراسیون L/U,هسته اجباری,صریح در صفحه,تعریف و جهت ثابت؛ صفر با گمشده یکی نیست؛ منبع، زمان، پوشش، نسخه و evidence_id ثبت شود,پروفایل سرمایه، C-A-U-E-O و Q/T/R
M-CORE-R2,سنجش,هسته ۸ سرمایه,دسترسی به فرصت شغلی,تعداد فرصت شغلی قابل دسترس در آستانه زمان برای هر مبدأ، جمعیت‌وزن‌دار,تعداد فرصت شغلی قابل دسترس در آستانه زمان برای هر مبدأ، جمعیت‌وزن‌دار,تعداد فرصت,بیشتر بهتر,تبدیل,فرصت قابل دسترس؛ جمعیت/مبدأ,GIS/بازار کار,سالانه/مطابق منبع,محله و زیرمحله,زیرمحله/بلوک، زمان، جنس، سن، درآمد، معلولیت، نوع خانوار و وضعیت سکونت؛ متناسب با معنا,نمره ۰–۱۰۰ پس از کالیبراسیون L/U,هسته اجباری,صریح در صفحه,تعریف و جهت ثابت؛ صفر با گمشده یکی نیست؛ منبع، زمان، پوشش، نسخه و evidence_id ثبت شود,پروفایل سرمایه، C-A-U-E-O و Q/T/R
M-CORE-R3,سنجش,هسته ۸ سرمایه,دسترسی به دانش,میانه زمان شبکه‌ای به مراکز آموزش/دانش فعال,میانه زمان شبکه‌ای به مراکز آموزش/دانش فعال,دقیقه,کمتر بهتر,تبدیل,جمع زمان×جمعیت؛ کل جمعیت,GIS/ثبت مراکز,سالانه/مطابق منبع,محله و زیرمحله,زیرمحله/بلوک، زمان، جنس، سن، درآمد، معلولیت، نوع خانوار و وضعیت سکونت؛ متناسب با معنا,نمره ۰–۱۰۰ پس از کالیبراسیون L/U,هسته اجباری,صریح در صفحه,تعریف و جهت ثابت؛ صفر با گمشده یکی نیست؛ منبع، زمان، پوشش، نسخه و evidence_id ثبت شود,پروفایل سرمایه، C-A-U-E-O و Q/T/R
M-CORE-R4,سنجش,هسته ۸ سرمایه,اتصال اقتصادی,فروش/خرید/همکاری بیرون‌محله‌ای بنگاه‌ها ÷ کل تعامل اقتصادی ×۱۰۰,فروش/خرید/همکاری بیرون‌محله‌ای بنگاه‌ها ÷ کل تعامل اقتصادی ×۱۰۰,درصد,بیشتر بهتر,تبدیل,تعامل بیرونی؛ کل تعامل,پیمایش بنگاه,سالانه و پس از مداخله,محله و زیرمحله,زیرمحله/بلوک، زمان، جنس، سن، درآمد، معلولیت، نوع خانوار و وضعیت سکونت؛ متناسب با معنا,نمره ۰–۱۰۰ پس از کالیبراسیون L/U,هسته اجباری,صریح در صفحه,تعریف و جهت ثابت؛ صفر با گمشده یکی نیست؛ منبع، زمان، پوشش، نسخه و evidence_id ثبت شود,پروفایل سرمایه، C-A-U-E-O و Q/T/R
M-CORE-R5,سنجش,هسته ۸ سرمایه,اتصال دیجیتال,میانگین نرمال‌شده پوشش، سرعت، پایداری و استفاده مؤثر,میانگین نرمال‌شده پوشش، سرعت، پایداری و استفاده مؤثر,امتیاز ۰–۱۰۰,بیشتر بهتر,بازتولید,اجزای معتبر؛ وزن معتبر,اپراتور/پیمایش,سالانه و پس از مداخله,محله و زیرمحله,زیرمحله/بلوک، زمان، جنس، سن، درآمد، معلولیت، نوع خانوار و وضعیت سکونت؛ متناسب با معنا,نمره ۰–۱۰۰ پس از کالیبراسیون L/U,هسته اجباری,صریح در صفحه,تعریف و جهت ثابت؛ صفر با گمشده یکی نیست؛ منبع، زمان، پوشش، نسخه و evidence_id ثبت شود,پروفایل سرمایه، C-A-U-E-O و Q/T/R
M-SUR-C1,سنجش,پیمایش ادراکی ۱۵‌گویه,محله از نظر فضای سبز و درختان غنی است,گویه C1 در لایه ظرفیت,Score = 100×(Mean−1)/4,لیکرت ۱–۵ و نمره ۰–۱۰۰,بیشتر بهتر,ظرفیت,پاسخ معتبر، وزن نمونه و منطق پرش,پیمایش؛ —,سالانه و پیش/پس از مداخله,محله/زیرمحله,زیرمحله/بلوک، زمان، جنس، سن، درآمد، معلولیت، نوع خانوار و وضعیت سکونت؛ متناسب با معنا,۱ تا ۵؛ سپس ۰ تا ۱۰۰,هسته اجباری,صریح در صفحه,حداقل n، CI، وزن عدم‌پاسخ، رضایت آگاهانه و آزمون پایایی,پروفایل C-A-U-E-O و تشخیص اصطکاک
M-SUR-C2,سنجش,پیمایش ادراکی ۱۵‌گویه,کیفیت هوا در بیشتر روزها قابل قبول است,گویه C2 در لایه ظرفیت,Score = 100×(Mean−1)/4,لیکرت ۱–۵ و نمره ۰–۱۰۰,بیشتر بهتر,ظرفیت,پاسخ معتبر، وزن نمونه و منطق پرش,پیمایش؛ —,سالانه و پیش/پس از مداخله,محله/زیرمحله,زیرمحله/بلوک، زمان، جنس، سن، درآمد، معلولیت، نوع خانوار و وضعیت سکونت؛ متناسب با معنا,۱ تا ۵؛ سپس ۰ تا ۱۰۰,هسته اجباری,صریح در صفحه,حداقل n، CI، وزن عدم‌پاسخ، رضایت آگاهانه و آزمون پایایی,پروفایل C-A-U-E-O و تشخیص اصطکاک
M-SUR-C3,سنجش,پیمایش ادراکی ۱۵‌گویه,آلودگی صوتی محله آزاردهنده است,گویه C3 در لایه ظرفیت,Score = 100−[100×(Mean−1)/4],لیکرت ۱–۵ و نمره ۰–۱۰۰,کمتر بهتر/معکوس,ظرفیت,پاسخ معتبر، وزن نمونه و منطق پرش,پیمایش؛ اگر پاسخ ۴ یا ۵: منبع صدا چیست؟,سالانه و پیش/پس از مداخله,محله/زیرمحله,زیرمحله/بلوک، زمان، جنس، سن، درآمد، معلولیت، نوع خانوار و وضعیت سکونت؛ متناسب با معنا,۱ تا ۵؛ سپس ۰ تا ۱۰۰,هسته اجباری,صریح در صفحه,حداقل n، CI، وزن عدم‌پاسخ، رضایت آگاهانه و آزمون پایایی,پروفایل C-A-U-E-O و تشخیص اصطکاک
M-SUR-A1,سنجش,پیمایش ادراکی ۱۵‌گویه,دسترسی به حمل‌ونقل عمومی از خانه آسان است,گویه A1 در لایه دسترسی,Score = 100×(Mean−1)/4,لیکرت ۱–۵ و نمره ۰–۱۰۰,بیشتر بهتر,دسترسی,پاسخ معتبر، وزن نمونه و منطق پرش,پیمایش؛ اگر پاسخ ۱ یا ۲: کدام وسیله/مانع؟,سالانه و پیش/پس از مداخله,محله/زیرمحله,زیرمحله/بلوک، زمان، جنس، سن، درآمد، معلولیت، نوع خانوار و وضعیت سکونت؛ متناسب با معنا,۱ تا ۵؛ سپس ۰ تا ۱۰۰,هسته اجباری,صریح در صفحه,حداقل n، CI، وزن عدم‌پاسخ، رضایت آگاهانه و آزمون پایایی,پروفایل C-A-U-E-O و تشخیص اصطکاک
M-SUR-A2,سنجش,پیمایش ادراکی ۱۵‌گویه,دسترسی به خدمات روزمره آسان است,گویه A2 در لایه دسترسی,Score = 100×(Mean−1)/4,لیکرت ۱–۵ و نمره ۰–۱۰۰,بیشتر بهتر,دسترسی,پاسخ معتبر، وزن نمونه و منطق پرش,پیمایش؛ اگر پاسخ ۱ یا ۲: کدام خدمت؟,سالانه و پیش/پس از مداخله,محله/زیرمحله,زیرمحله/بلوک، زمان، جنس، سن، درآمد، معلولیت، نوع خانوار و وضعیت سکونت؛ متناسب با معنا,۱ تا ۵؛ سپس ۰ تا ۱۰۰,هسته اجباری,صریح در صفحه,حداقل n، CI، وزن عدم‌پاسخ، رضایت آگاهانه و آزمون پایایی,پروفایل C-A-U-E-O و تشخیص اصطکاک
M-SUR-A3,سنجش,پیمایش ادراکی ۱۵‌گویه,مسیرهای پیاده به هم متصل و جابه‌جایی آسان است,گویه A3 در لایه دسترسی,Score = 100×(Mean−1)/4,لیکرت ۱–۵ و نمره ۰–۱۰۰,بیشتر بهتر,دسترسی,پاسخ معتبر، وزن نمونه و منطق پرش,پیمایش؛ اگر پاسخ ۱ یا ۲: کدام مسیر؟,سالانه و پیش/پس از مداخله,محله/زیرمحله,زیرمحله/بلوک، زمان، جنس، سن، درآمد، معلولیت، نوع خانوار و وضعیت سکونت؛ متناسب با معنا,۱ تا ۵؛ سپس ۰ تا ۱۰۰,هسته اجباری,صریح در صفحه,حداقل n، CI، وزن عدم‌پاسخ، رضایت آگاهانه و آزمون پایایی,پروفایل C-A-U-E-O و تشخیص اصطکاک
M-SUR-U1,سنجش,پیمایش ادراکی ۱۵‌گویه,پیاده‌روها هموار، پیوسته و بدون مانع‌اند,گویه U1 در لایه استفاده,Score = 100×(Mean−1)/4,لیکرت ۱–۵ و نمره ۰–۱۰۰,بیشتر بهتر,استفاده,پاسخ معتبر، وزن نمونه و منطق پرش,پیمایش؛ اگر پاسخ ۱ یا ۲: نوع مانع؟,سالانه و پیش/پس از مداخله,محله/زیرمحله,زیرمحله/بلوک، زمان، جنس، سن، درآمد، معلولیت، نوع خانوار و وضعیت سکونت؛ متناسب با معنا,۱ تا ۵؛ سپس ۰ تا ۱۰۰,هسته اجباری,صریح در صفحه,حداقل n، CI، وزن عدم‌پاسخ، رضایت آگاهانه و آزمون پایایی,پروفایل C-A-U-E-O و تشخیص اصطکاک
M-SUR-U2,سنجش,پیمایش ادراکی ۱۵‌گویه,روشنایی معابر در شب کافی است,گویه U2 در لایه استفاده,Score = 100×(Mean−1)/4,لیکرت ۱–۵ و نمره ۰–۱۰۰,بیشتر بهتر,استفاده,پاسخ معتبر، وزن نمونه و منطق پرش,پیمایش؛ اگر پاسخ ۱ یا ۲: کدام معبر؟,سالانه و پیش/پس از مداخله,محله/زیرمحله,زیرمحله/بلوک، زمان، جنس، سن، درآمد، معلولیت، نوع خانوار و وضعیت سکونت؛ متناسب با معنا,۱ تا ۵؛ سپس ۰ تا ۱۰۰,هسته اجباری,صریح در صفحه,حداقل n، CI، وزن عدم‌پاسخ، رضایت آگاهانه و آزمون پایایی,پروفایل C-A-U-E-O و تشخیص اصطکاک
M-SUR-U3,سنجش,پیمایش ادراکی ۱۵‌گویه,پارک‌ها و فضاهای سبز امن، تمیز، فعال و قابل استفاده‌اند,گویه U3 در لایه استفاده,Score = 100×(Mean−1)/4,لیکرت ۱–۵ و نمره ۰–۱۰۰,بیشتر بهتر,استفاده,پاسخ معتبر، وزن نمونه و منطق پرش,پیمایش؛ اگر پاسخ ۱ یا ۲: نگهداری/امنیت/امکانات/دسترسی؟,سالانه و پیش/پس از مداخله,محله/زیرمحله,زیرمحله/بلوک، زمان، جنس، سن، درآمد، معلولیت، نوع خانوار و وضعیت سکونت؛ متناسب با معنا,۱ تا ۵؛ سپس ۰ تا ۱۰۰,هسته اجباری,صریح در صفحه,حداقل n، CI، وزن عدم‌پاسخ، رضایت آگاهانه و آزمون پایایی,پروفایل C-A-U-E-O و تشخیص اصطکاک
M-SUR-E1,سنجش,پیمایش ادراکی ۱۵‌گویه,در طول روز در محله احساس امنیت می‌کنم,گویه E1 در لایه تجربه,Score = 100×(Mean−1)/4,لیکرت ۱–۵ و نمره ۰–۱۰۰,بیشتر بهتر,تجربه,پاسخ معتبر، وزن نمونه و منطق پرش,پیمایش؛ اگر پاسخ ۱ یا ۲: عامل و مکان؟,سالانه و پیش/پس از مداخله,محله/زیرمحله,زیرمحله/بلوک، زمان، جنس، سن، درآمد، معلولیت، نوع خانوار و وضعیت سکونت؛ متناسب با معنا,۱ تا ۵؛ سپس ۰ تا ۱۰۰,هسته اجباری,صریح در صفحه,حداقل n، CI، وزن عدم‌پاسخ، رضایت آگاهانه و آزمون پایایی,پروفایل C-A-U-E-O و تشخیص اصطکاک
M-SUR-E2,سنجش,پیمایش ادراکی ۱۵‌گویه,به محله خود تعلق دارم,گویه E2 در لایه تجربه,Score = 100×(Mean−1)/4,لیکرت ۱–۵ و نمره ۰–۱۰۰,بیشتر بهتر,تجربه,پاسخ معتبر، وزن نمونه و منطق پرش,پیمایش؛ اگر پاسخ ۱ یا ۲: چرا؟,سالانه و پیش/پس از مداخله,محله/زیرمحله,زیرمحله/بلوک، زمان، جنس، سن، درآمد، معلولیت، نوع خانوار و وضعیت سکونت؛ متناسب با معنا,۱ تا ۵؛ سپس ۰ تا ۱۰۰,هسته اجباری,صریح در صفحه,حداقل n، CI، وزن عدم‌پاسخ، رضایت آگاهانه و آزمون پایایی,پروفایل C-A-U-E-O و تشخیص اصطکاک
M-SUR-E3,سنجش,پیمایش ادراکی ۱۵‌گویه,به همسایگان اعتماد دارم,گویه E3 در لایه تجربه,Score = 100×(Mean−1)/4,لیکرت ۱–۵ و نمره ۰–۱۰۰,بیشتر بهتر,تجربه,پاسخ معتبر، وزن نمونه و منطق پرش,پیمایش؛ اگر پاسخ ۱ یا ۲: زمینه بی‌اعتمادی؟,سالانه و پیش/پس از مداخله,محله/زیرمحله,زیرمحله/بلوک، زمان، جنس، سن، درآمد، معلولیت، نوع خانوار و وضعیت سکونت؛ متناسب با معنا,۱ تا ۵؛ سپس ۰ تا ۱۰۰,هسته اجباری,صریح در صفحه,حداقل n، CI، وزن عدم‌پاسخ، رضایت آگاهانه و آزمون پایایی,پروفایل C-A-U-E-O و تشخیص اصطکاک
M-SUR-O1,سنجش,پیمایش ادراکی ۱۵‌گویه,از زندگی در این محله راضی هستم,گویه O1 در لایه پیامد,Score = 100×(Mean−1)/4,لیکرت ۱–۵ و نمره ۰–۱۰۰,بیشتر بهتر,پیامد,پاسخ معتبر، وزن نمونه و منطق پرش,پیمایش؛ اگر پاسخ ۱ یا ۲: مهم‌ترین علت؟,سالانه و پیش/پس از مداخله,محله/زیرمحله,زیرمحله/بلوک، زمان، جنس، سن، درآمد، معلولیت، نوع خانوار و وضعیت سکونت؛ متناسب با معنا,۱ تا ۵؛ سپس ۰ تا ۱۰۰,هسته اجباری,صریح در صفحه,حداقل n، CI، وزن عدم‌پاسخ، رضایت آگاهانه و آزمون پایایی,پروفایل C-A-U-E-O و تشخیص اصطکاک
M-SUR-O2,سنجش,پیمایش ادراکی ۱۵‌گویه,در یک ماه گذشته احساس تنهایی داشته‌ام,گویه O2 در لایه پیامد مکمل,Score = 100−[100×(Mean−1)/4],لیکرت ۱–۵ و نمره ۰–۱۰۰,کمتر بهتر/معکوس,پیامد مکمل,پاسخ معتبر، وزن نمونه و منطق پرش,پیمایش؛ اگر پاسخ ۴ یا ۵: شخصی یا محله‌ای؟,سالانه و پیش/پس از مداخله,محله/زیرمحله,زیرمحله/بلوک، زمان، جنس، سن، درآمد، معلولیت، نوع خانوار و وضعیت سکونت؛ متناسب با معنا,۱ تا ۵؛ سپس ۰ تا ۱۰۰,هسته اجباری,صریح در صفحه,حداقل n، CI، وزن عدم‌پاسخ، رضایت آگاهانه و آزمون پایایی,پروفایل C-A-U-E-O و تشخیص اصطکاک
M-SUR-O3,سنجش,پیمایش ادراکی ۱۵‌گویه,اگر شرایط مالی اجازه دهد، مایل به ادامه سکونت هستم,گویه O3 در لایه پیامد,Score = 100×(Mean−1)/4,لیکرت ۱–۵ و نمره ۰–۱۰۰,بیشتر بهتر,پیامد,پاسخ معتبر، وزن نمونه و منطق پرش,پیمایش؛ اگر پاسخ ۱ یا ۲: علت جابه‌جایی؟,سالانه و پیش/پس از مداخله,محله/زیرمحله,زیرمحله/بلوک، زمان، جنس، سن، درآمد، معلولیت، نوع خانوار و وضعیت سکونت؛ متناسب با معنا,۱ تا ۵؛ سپس ۰ تا ۱۰۰,هسته اجباری,صریح در صفحه,حداقل n، CI، وزن عدم‌پاسخ، رضایت آگاهانه و آزمون پایایی,پروفایل C-A-U-E-O و تشخیص اصطکاک
M-K-H,سنجش,امتیازهای سرمایه,امتیاز سرمایه انسانی,میانگین وزنی نمره‌های معتبر سرمایه انسانی,K_H = Σ(w_i Z_i) / Σ(w_i),امتیاز ۰–۱۰۰,بیشتر بهتر,K — ذخیره سرمایه,نمره استاندارد شاخص‌های انسانی و وزن معتبر,محاسبه قطعی پس از QA,هر دوره سنجش,محله/زیرمحله,زیرمحله/بلوک، زمان، جنس، سن، درآمد، معلولیت، نوع خانوار و وضعیت سکونت؛ متناسب با معنا,۰–۱۰۰,هسته محاسباتی,صریح در صفحه,حداقل پوشش؛ تحلیل حساسیت وزن؛ عدم جایگزینی گمشده با صفر,پروفایل هشت سرمایه
M-K-S,سنجش,امتیازهای سرمایه,امتیاز سرمایه اجتماعی,میانگین وزنی نمره‌های معتبر سرمایه اجتماعی,K_S = Σ(w_i Z_i) / Σ(w_i),امتیاز ۰–۱۰۰,بیشتر بهتر,K — ذخیره سرمایه,نمره استاندارد شاخص‌های اجتماعی و وزن معتبر,محاسبه قطعی پس از QA,هر دوره سنجش,محله/زیرمحله,زیرمحله/بلوک، زمان، جنس، سن، درآمد، معلولیت، نوع خانوار و وضعیت سکونت؛ متناسب با معنا,۰–۱۰۰,هسته محاسباتی,صریح در صفحه,حداقل پوشش؛ تحلیل حساسیت وزن؛ عدم جایگزینی گمشده با صفر,پروفایل هشت سرمایه
M-K-EC,سنجش,امتیازهای سرمایه,امتیاز سرمایه اقتصادی,میانگین وزنی نمره‌های معتبر سرمایه اقتصادی,K_EC = Σ(w_i Z_i) / Σ(w_i),امتیاز ۰–۱۰۰,بیشتر بهتر,K — ذخیره سرمایه,نمره استاندارد شاخص‌های اقتصادی و وزن معتبر,محاسبه قطعی پس از QA,هر دوره سنجش,محله/زیرمحله,زیرمحله/بلوک، زمان، جنس، سن، درآمد، معلولیت، نوع خانوار و وضعیت سکونت؛ متناسب با معنا,۰–۱۰۰,هسته محاسباتی,صریح در صفحه,حداقل پوشش؛ تحلیل حساسیت وزن؛ عدم جایگزینی گمشده با صفر,پروفایل هشت سرمایه
M-K-P,سنجش,امتیازهای سرمایه,امتیاز سرمایه کالبدی–زیرساختی,میانگین وزنی نمره‌های معتبر سرمایه کالبدی–زیرساختی,K_P = Σ(w_i Z_i) / Σ(w_i),امتیاز ۰–۱۰۰,بیشتر بهتر,K — ذخیره سرمایه,نمره استاندارد شاخص‌های کالبدی–زیرساختی و وزن معتبر,محاسبه قطعی پس از QA,هر دوره سنجش,محله/زیرمحله,زیرمحله/بلوک، زمان، جنس، سن، درآمد، معلولیت، نوع خانوار و وضعیت سکونت؛ متناسب با معنا,۰–۱۰۰,هسته محاسباتی,صریح در صفحه,حداقل پوشش؛ تحلیل حساسیت وزن؛ عدم جایگزینی گمشده با صفر,پروفایل هشت سرمایه
M-K-N,سنجش,امتیازهای سرمایه,امتیاز سرمایه طبیعی–محیطی,میانگین وزنی نمره‌های معتبر سرمایه طبیعی–محیطی,K_N = Σ(w_i Z_i) / Σ(w_i),امتیاز ۰–۱۰۰,بیشتر بهتر,K — ذخیره سرمایه,نمره استاندارد شاخص‌های طبیعی–محیطی و وزن معتبر,محاسبه قطعی پس از QA,هر دوره سنجش,محله/زیرمحله,زیرمحله/بلوک، زمان، جنس، سن، درآمد، معلولیت، نوع خانوار و وضعیت سکونت؛ متناسب با معنا,۰–۱۰۰,هسته محاسباتی,صریح در صفحه,حداقل پوشش؛ تحلیل حساسیت وزن؛ عدم جایگزینی گمشده با صفر,پروفایل هشت سرمایه
M-K-C,سنجش,امتیازهای سرمایه,امتیاز سرمایه فرهنگی–هویتی,میانگین وزنی نمره‌های معتبر سرمایه فرهنگی–هویتی,K_C = Σ(w_i Z_i) / Σ(w_i),امتیاز ۰–۱۰۰,بیشتر بهتر,K — ذخیره سرمایه,نمره استاندارد شاخص‌های فرهنگی–هویتی و وزن معتبر,محاسبه قطعی پس از QA,هر دوره سنجش,محله/زیرمحله,زیرمحله/بلوک، زمان، جنس، سن، درآمد، معلولیت، نوع خانوار و وضعیت سکونت؛ متناسب با معنا,۰–۱۰۰,هسته محاسباتی,صریح در صفحه,حداقل پوشش؛ تحلیل حساسیت وزن؛ عدم جایگزینی گمشده با صفر,پروفایل هشت سرمایه
M-K-G,سنجش,امتیازهای سرمایه,امتیاز سرمایه نهادی–حکمرانی,میانگین وزنی نمره‌های معتبر سرمایه نهادی–حکمرانی,K_G = Σ(w_i Z_i) / Σ(w_i),امتیاز ۰–۱۰۰,بیشتر بهتر,K — ذخیره سرمایه,نمره استاندارد شاخص‌های نهادی–حکمرانی و وزن معتبر,محاسبه قطعی پس از QA,هر دوره سنجش,محله/زیرمحله,زیرمحله/بلوک، زمان، جنس، سن، درآمد، معلولیت، نوع خانوار و وضعیت سکونت؛ متناسب با معنا,۰–۱۰۰,هسته محاسباتی,صریح در صفحه,حداقل پوشش؛ تحلیل حساسیت وزن؛ عدم جایگزینی گمشده با صفر,پروفایل هشت سرمایه
M-K-R,سنجش,امتیازهای سرمایه,امتیاز سرمایه شبکه‌ای–ارتباطی,میانگین وزنی نمره‌های معتبر سرمایه شبکه‌ای–ارتباطی,K_R = Σ(w_i Z_i) / Σ(w_i),امتیاز ۰–۱۰۰,بیشتر بهتر,K — ذخیره سرمایه,نمره استاندارد شاخص‌های شبکه‌ای–ارتباطی و وزن معتبر,محاسبه قطعی پس از QA,هر دوره سنجش,محله/زیرمحله,زیرمحله/بلوک، زمان، جنس، سن، درآمد، معلولیت، نوع خانوار و وضعیت سکونت؛ متناسب با معنا,۰–۱۰۰,هسته محاسباتی,صریح در صفحه,حداقل پوشش؛ تحلیل حساسیت وزن؛ عدم جایگزینی گمشده با صفر,پروفایل هشت سرمایه
M-K-TOTAL,سنجش,امتیازهای سرمایه,شاخص کلی ذخیره سرمایه K,خلاصه اختیاری پروفایل هشت سرمایه؛ نمایش برداری بر عدد واحد مقدم است,K = Σ(v_j K_j) / Σ(v_j),امتیاز ۰–۱۰۰,بیشتر بهتر,K — مقدار سرمایه,هشت امتیاز سرمایه و وزن‌های مصوب,محاسبه قطعی,هر دوره سنجش,محله/زیرمحله,زیرمحله/بلوک، زمان، جنس، سن، درآمد، معلولیت، نوع خانوار و وضعیت سکونت؛ متناسب با معنا,۰–۱۰۰,تکمیلی,استنباط مستقیم از صفحه,همراه با پروفایل هشت‌گانه گزارش شود؛ وزن برابر فقط نسخه پایه,تیپ K–T–R
M-STAGE-C,سنجش,زنجیره C-A-U-E-O,امتیاز ظرفیت,میانگین وزنی شاخص‌های برچسب‌خورده به مرحله ظرفیت,C = Σ(w_i Z_i) / Σ(w_i),امتیاز ۰–۱۰۰,بیشتر بهتر,C — ظرفیت,نمره استاندارد شاخص‌های مرحله و وزن معتبر,محاسبه قطعی,هر دوره سنجش,سلول سرمایه×مکان×گروه×زمان,زیرمحله/بلوک، زمان، جنس، سن، درآمد، معلولیت، نوع خانوار و وضعیت سکونت؛ متناسب با معنا,۰–۱۰۰,هسته محاسباتی,صریح در صفحه,پوشش مرحله و سرمایه ثبت؛ مرحله با داده ناکافی داوری نشود,پروفایل زنجیره و شکاف‌ها
M-STAGE-A,سنجش,زنجیره C-A-U-E-O,امتیاز دسترسی,میانگین وزنی شاخص‌های برچسب‌خورده به مرحله دسترسی,A = Σ(w_i Z_i) / Σ(w_i),امتیاز ۰–۱۰۰,بیشتر بهتر,A — دسترسی,نمره استاندارد شاخص‌های مرحله و وزن معتبر,محاسبه قطعی,هر دوره سنجش,سلول سرمایه×مکان×گروه×زمان,زیرمحله/بلوک، زمان، جنس، سن، درآمد، معلولیت، نوع خانوار و وضعیت سکونت؛ متناسب با معنا,۰–۱۰۰,هسته محاسباتی,صریح در صفحه,پوشش مرحله و سرمایه ثبت؛ مرحله با داده ناکافی داوری نشود,پروفایل زنجیره و شکاف‌ها
M-STAGE-U,سنجش,زنجیره C-A-U-E-O,امتیاز استفاده,میانگین وزنی شاخص‌های برچسب‌خورده به مرحله استفاده,U = Σ(w_i Z_i) / Σ(w_i),امتیاز ۰–۱۰۰,بیشتر بهتر,U — استفاده,نمره استاندارد شاخص‌های مرحله و وزن معتبر,محاسبه قطعی,هر دوره سنجش,سلول سرمایه×مکان×گروه×زمان,زیرمحله/بلوک، زمان، جنس، سن، درآمد، معلولیت، نوع خانوار و وضعیت سکونت؛ متناسب با معنا,۰–۱۰۰,هسته محاسباتی,صریح در صفحه,پوشش مرحله و سرمایه ثبت؛ مرحله با داده ناکافی داوری نشود,پروفایل زنجیره و شکاف‌ها
M-STAGE-E,سنجش,زنجیره C-A-U-E-O,امتیاز تجربه,میانگین وزنی شاخص‌های برچسب‌خورده به مرحله تجربه,E = Σ(w_i Z_i) / Σ(w_i),امتیاز ۰–۱۰۰,بیشتر بهتر,E — تجربه,نمره استاندارد شاخص‌های مرحله و وزن معتبر,محاسبه قطعی,هر دوره سنجش,سلول سرمایه×مکان×گروه×زمان,زیرمحله/بلوک، زمان، جنس، سن، درآمد، معلولیت، نوع خانوار و وضعیت سکونت؛ متناسب با معنا,۰–۱۰۰,هسته محاسباتی,صریح در صفحه,پوشش مرحله و سرمایه ثبت؛ مرحله با داده ناکافی داوری نشود,پروفایل زنجیره و شکاف‌ها
M-STAGE-O,سنجش,زنجیره C-A-U-E-O,امتیاز پیامد,میانگین وزنی شاخص‌های برچسب‌خورده به مرحله پیامد,O = Σ(w_i Z_i) / Σ(w_i),امتیاز ۰–۱۰۰,بیشتر بهتر,O — پیامد,نمره استاندارد شاخص‌های مرحله و وزن معتبر,محاسبه قطعی,هر دوره سنجش,سلول سرمایه×مکان×گروه×زمان,زیرمحله/بلوک، زمان، جنس، سن، درآمد، معلولیت، نوع خانوار و وضعیت سکونت؛ متناسب با معنا,۰–۱۰۰,هسته محاسباتی,صریح در صفحه,پوشش مرحله و سرمایه ثبت؛ مرحله با داده ناکافی داوری نشود,پروفایل زنجیره و شکاف‌ها
M-Q,سنجش,خروجی‌های بالادستی,کیفیت محقق‌شده Q,ترکیب دسترسی، استفاده، تجربه و پیامد,"Q = weighted_mean(A,U,E,O)",امتیاز ۰–۱۰۰,بیشتر بهتر,کیفیت امروز,A، U، E، O معتبر,محاسبه قطعی,هر دوره سنجش,محله/زیرمحله,زیرمحله/بلوک، زمان، جنس، سن، درآمد، معلولیت، نوع خانوار و وضعیت سکونت؛ متناسب با معنا,۰–۱۰۰,هسته محاسباتی,صریح در صفحه,Q جدا از T و R گزارش شود؛ پوشش هر جزء اعلام گردد,حکم کیفیت
M-T,سنجش,خروجی‌های بالادستی,توان تبدیل T,توان بالفعل‌کردن سرمایه، تولید فرصت و عبور از اصطکاک با نقش حکمرانی,"T = H(activation,conversion,governance,1−friction)",امتیاز ۰–۱۰۰,بیشتر بهتر,کارایی تبدیل,فعال‌سازی، تبدیل، حکمرانی و اصطکاک,تابع مصوب پس از کالیبراسیون,هر دوره سنجش,محله/زیرمحله,زیرمحله/بلوک، زمان، جنس، سن، درآمد، معلولیت، نوع خانوار و وضعیت سکونت؛ متناسب با معنا,۰–۱۰۰,هسته محاسباتی,صریح؛ تابع نیازمند تصویب,تابع و وزن‌ها نسخه‌گذاری و با پیامد واقعی اعتبارسنجی شود,تشخیص سرمایه محبوس
M-R,سنجش,خروجی‌های بالادستی,توان بازتولید R,یادگیری، پایداری و ایجاد ظرفیت آینده,"R = H(learning,sustainability,new_capital)",امتیاز ۰–۱۰۰,بیشتر بهتر,آینده‌پذیری,امتیاز یادگیری، پایداری و سرمایه جدید,تابع مصوب پس از کالیبراسیون,سالانه/پس از مداخله,محله/زیرمحله,زیرمحله/بلوک، زمان، جنس، سن، درآمد، معلولیت، نوع خانوار و وضعیت سکونت؛ متناسب با معنا,۰–۱۰۰,هسته محاسباتی,صریح؛ تابع نیازمند تصویب,کیفیت امروز جایگزین R نشود؛ داده چنددوره‌ای ترجیح دارد,تشخیص کیفیت شکننده
M-BAND-Q,سنجش,باند مدیریتی,باند وضعیت Q,تبدیل امتیاز Q به وضعیت مدیریتی,0–39 بحرانی؛ 40–59 ضعیف؛ 60–74 متوسط؛ 75–89 خوب؛ 90–100 ممتاز,رده ترتیبی,بیشتر بهتر,تفسیر مدیریتی,امتیاز Q,طبقه‌بندی,هر دوره سنجش,محله/زیرمحله,زیرمحله/بلوک، زمان، جنس، سن، درآمد، معلولیت، نوع خانوار و وضعیت سکونت؛ متناسب با معنا,۵ باند اولیه,هسته محاسباتی,صریح در صفحه,مرزها پیش از استفاده بودجه‌ای/حقوقی با داده واقعی کالیبره شوند,حکم چندبعدی
M-BAND-T,سنجش,باند مدیریتی,باند وضعیت T,تبدیل امتیاز T به وضعیت مدیریتی,0–39 بحرانی؛ 40–59 ضعیف؛ 60–74 متوسط؛ 75–89 خوب؛ 90–100 ممتاز,رده ترتیبی,بیشتر بهتر,تفسیر مدیریتی,امتیاز T,طبقه‌بندی,هر دوره سنجش,محله/زیرمحله,زیرمحله/بلوک، زمان، جنس، سن، درآمد، معلولیت، نوع خانوار و وضعیت سکونت؛ متناسب با معنا,۵ باند اولیه,هسته محاسباتی,صریح در صفحه,مرزها پیش از استفاده بودجه‌ای/حقوقی با داده واقعی کالیبره شوند,حکم چندبعدی
M-BAND-R,سنجش,باند مدیریتی,باند وضعیت R,تبدیل امتیاز R به وضعیت مدیریتی,0–39 بحرانی؛ 40–59 ضعیف؛ 60–74 متوسط؛ 75–89 خوب؛ 90–100 ممتاز,رده ترتیبی,بیشتر بهتر,تفسیر مدیریتی,امتیاز R,طبقه‌بندی,هر دوره سنجش,محله/زیرمحله,زیرمحله/بلوک، زمان، جنس، سن، درآمد، معلولیت، نوع خانوار و وضعیت سکونت؛ متناسب با معنا,۵ باند اولیه,هسته محاسباتی,صریح در صفحه,مرزها پیش از استفاده بودجه‌ای/حقوقی با داده واقعی کالیبره شوند,حکم چندبعدی
M-KTR-TYPE,سنجش,تیپ‌شناسی K–T–R,تیپ تشخیصی K–T–R,طبقه‌بندی وضعیت ذخیره سرمایه، تبدیل و بازتولید در تیپ‌های A تا E,"Rule(K,T,R) → A/B/C/D/E",رده اسمی,—,تشخیص راهبردی,K، T، R و آستانه‌های مصوب,قواعد تصمیم نسخه‌گذاری‌شده,هر دوره سنجش,محله,زیرمحله/بلوک، زمان، جنس، سن، درآمد، معلولیت، نوع خانوار و وضعیت سکونت؛ متناسب با معنا,A کمبود پایه؛ B سرمایه محبوس؛ C شکننده؛ D مولد؛ E گلوگاه محدود,هسته محاسباتی,صریح در صفحه,آستانه‌ها کالیبره و تیپ با پروفایل کامل گزارش شود,انتخاب سطح راهبرد
D-GAP-CA,تشخیص,شکاف تبدیل,شکاف ظرفیت تا دسترسی,افت بین دو حلقه متوالی زنجیره,G_CA = C − A,واحد امتیاز ۰–۱۰۰,کمتر بهتر,گلوگاه تبدیل,دو امتیاز مرحله در سلول یکسان,محاسبه قطعی,هر دوره سنجش,سرمایه×زیرمکان×گروه×زمان,زیرمحله/بلوک، زمان، جنس، سن، درآمد، معلولیت، نوع خانوار و وضعیت سکونت؛ متناسب با معنا,شکاف مثبت؛ آستانه نیازمند کالیبراسیون,هسته تشخیصی,صریح در صفحه,دو مرحله باید هم‌زمان، هم‌مکان و هم‌گروه باشند,مکان‌یابی گلوگاه
D-GAP-AU,تشخیص,شکاف تبدیل,شکاف دسترسی تا استفاده,افت بین دو حلقه متوالی زنجیره,G_AU = A − U,واحد امتیاز ۰–۱۰۰,کمتر بهتر,گلوگاه تبدیل,دو امتیاز مرحله در سلول یکسان,محاسبه قطعی,هر دوره سنجش,سرمایه×زیرمکان×گروه×زمان,زیرمحله/بلوک، زمان، جنس، سن، درآمد، معلولیت، نوع خانوار و وضعیت سکونت؛ متناسب با معنا,شکاف مثبت؛ آستانه نیازمند کالیبراسیون,هسته تشخیصی,صریح در صفحه,دو مرحله باید هم‌زمان، هم‌مکان و هم‌گروه باشند,مکان‌یابی گلوگاه
D-GAP-UE,تشخیص,شکاف تبدیل,شکاف استفاده تا تجربه,افت بین دو حلقه متوالی زنجیره,G_UE = U − E,واحد امتیاز ۰–۱۰۰,کمتر بهتر,گلوگاه تبدیل,دو امتیاز مرحله در سلول یکسان,محاسبه قطعی,هر دوره سنجش,سرمایه×زیرمکان×گروه×زمان,زیرمحله/بلوک، زمان، جنس، سن، درآمد، معلولیت، نوع خانوار و وضعیت سکونت؛ متناسب با معنا,شکاف مثبت؛ آستانه نیازمند کالیبراسیون,هسته تشخیصی,صریح در صفحه,دو مرحله باید هم‌زمان، هم‌مکان و هم‌گروه باشند,مکان‌یابی گلوگاه
D-GAP-EO,تشخیص,شکاف تبدیل,شکاف تجربه تا پیامد,افت بین دو حلقه متوالی زنجیره,G_EO = E − O,واحد امتیاز ۰–۱۰۰,کمتر بهتر,گلوگاه تبدیل,دو امتیاز مرحله در سلول یکسان,محاسبه قطعی,هر دوره سنجش,سرمایه×زیرمکان×گروه×زمان,زیرمحله/بلوک، زمان، جنس، سن، درآمد، معلولیت، نوع خانوار و وضعیت سکونت؛ متناسب با معنا,شکاف مثبت؛ آستانه نیازمند کالیبراسیون,هسته تشخیصی,صریح در صفحه,دو مرحله باید هم‌زمان، هم‌مکان و هم‌گروه باشند,مکان‌یابی گلوگاه
D-GAP-MAX,تشخیص,گلوگاه,بزرگ‌ترین شکاف مثبت,بیشترین مقدار میان چهار شکاف مثبت,"max(0,G_CA,G_AU,G_UE,G_EO)",واحد امتیاز,کمتر بهتر,شدت گلوگاه,چهار شکاف,محاسبه قطعی,هر دوره,سلول پنج‌بعدی,زیرمحله/بلوک، زمان، جنس، سن، درآمد، معلولیت، نوع خانوار و وضعیت سکونت؛ متناسب با معنا,آستانه کالیبره,هسته تشخیصی,استنباط مستقیم,کمبود ظرفیت جدا بررسی شود,رتبه گلوگاه
D-BOTTLENECK-TRANSITION,تشخیص,گلوگاه,گذار گلوگاهی,نام گذار دارای بزرگ‌ترین شکاف معتبر,"argmax(G_CA,G_AU,G_UE,G_EO)",رده اسمی,—,نشانی مسئله,شکاف‌های معتبر,قاعده قطعی,هر دوره,سلول پنج‌بعدی,زیرمحله/بلوک، زمان، جنس، سن، درآمد، معلولیت، نوع خانوار و وضعیت سکونت؛ متناسب با معنا,CA/AU/UE/EO,هسته تشخیصی,صریح در صفحه,در تساوی چند گذار هم‌زمان نگه داشته شود,نشانی گلوگاه
D-BOTTLENECK-CELL,تشخیص,گلوگاه,امتیاز پایین‌ترین سلول,کمترین نمره معتبر در سرمایه×مرحله×مکان×گروه×زمان,min(valid cell scores),امتیاز ۰–۱۰۰,بیشتر بهتر,شدت موضعی,تمام سلول‌های معتبر,محاسبه قطعی,هر دوره,پنج‌بعدی,زیرمحله/بلوک، زمان، جنس، سن، درآمد، معلولیت، نوع خانوار و وضعیت سکونت؛ متناسب با معنا,۰–۱۰۰,هسته تشخیصی,صریح در صفحه,حداقل n و پوشش برای سلول؛ حفاظت محرمانگی,نشانی دقیق مسئله
D-BASE-DEFICIT,تشخیص,گلوگاه,پرچم کمبود پایه,آیا خود ظرفیت C زیر آستانه معتبر است؟,C < threshold_C,دودویی,خیر بهتر,تفکیک کمبود از شکست تبدیل,C و آستانه مصوب,قاعده تصمیم,هر دوره,پنج‌بعدی,زیرمحله/بلوک، زمان، جنس، سن، درآمد، معلولیت، نوع خانوار و وضعیت سکونت؛ متناسب با معنا,۰/۱,هسته تشخیصی,صریح در صفحه,آستانه C کالیبره شود,انتخاب سرمایه‌گذاری پایه
D-ADDRESS-COMPLETE,تشخیص,گلوگاه,کامل‌بودن نشانی مسئله,سهم اجزای ثبت‌شده از سرمایه، گذار، مکان، گروه و زمان,completed dimensions / 5 × 100,درصد,بیشتر بهتر,وضوح تشخیص,۵ جزء نشانی,کنترل فراداده,هر تشخیص,پرونده مسئله,زیرمحله/بلوک، زمان، جنس، سن، درآمد، معلولیت، نوع خانوار و وضعیت سکونت؛ متناسب با معنا,۱۰۰٪ برای تشخیص کامل,کنترلی اجباری,استنباط مستقیم,هر پنج جزء باید شواهد قابل ردیابی داشته باشند,اجازه ورود به تجویز
D-JUSTICE-GROUP,تشخیص,عدالت,شکاف عدالت گروهی,فاصله بهترین و محروم‌ترین گروه برای شاخص کلیدی,JusticeGap = P_best − P_worst,واحد امتیاز/درصد,کمتر بهتر,عدالت گروهی,مقادیر گروه‌ها,محاسبه قطعی,هر دوره,محله/زیرمحله,زیرمحله/بلوک، زمان، جنس، سن، درآمد، معلولیت، نوع خانوار و وضعیت سکونت؛ متناسب با معنا,آستانه کالیبره,هسته تشخیصی,صریح در صفحه,گروه‌ها، n، CI و پوشش یکسان؛ بهترین/بدترین نام‌گذاری شود,برچسب خوب اما نابرابر
D-JUSTICE-SPATIAL,تشخیص,عدالت,شکاف عدالت مکانی,فاصله بهترین و بدترین زیرمکان برای شاخص کلیدی,max(subarea) − min(subarea),واحد امتیاز/درصد,کمتر بهتر,عدالت فضایی,مقادیر زیرمکان‌ها,GIS/محاسبه,هر دوره,زیرمحله/بلوک,—,آستانه کالیبره,هسته تشخیصی,استنباط مستقیم,مرز و جمعیت پایه ثابت؛ سلول‌های کم‌جمعیت محافظت شوند,نقشه عدالت
D-JUSTICE-ADEQUACY,تشخیص,عدالت,کفایت داده عدالت,سهم شاخص‌های کلیدی دارای تفکیک معتبر گروهی و مکانی,indicators with valid disaggregation / key indicators,درصد,بیشتر بهتر,اجازه داوری عدالت,فراداده تفکیک و پوشش,کنترل داده,هر دوره,کل پرونده,زیرمحله/بلوک، زمان، جنس، سن، درآمد، معلولیت، نوع خانوار و وضعیت سکونت؛ متناسب با معنا,۱۰۰٪ مطلوب؛ حداقل مصوب,کنترلی اجباری,استنباط مستقیم,نبود داده گروهی به معنی عدالت نیست,مجوز حکم عدالت
D-TREND-DIR,تشخیص,روند,جهت روند,رو به بهبود، ثابت یا رو به افول بر اساس سری هم‌تعریف,sign(robust trend),رده ترتیبی,بهبود بهتر,پویایی,حداقل چند دوره هم‌تعریف,تحلیل روند,سالانه,محله/زیرمحله,زیرمحله/بلوک، زمان، جنس، سن، درآمد، معلولیت، نوع خانوار و وضعیت سکونت؛ متناسب با معنا,بهبود/ثابت/افول,هسته تشخیصی,صریح در صفحه,شکست سری، تغییر مرز و تعریف کنترل شود,حکم روند
D-TREND-RATE,تشخیص,روند,نرخ تغییر,شیب مقاوم شاخص در زمان,robust slope per period,واحد شاخص/دوره,بسته به شاخص,پویایی,سری زمانی,رگرسیون مقاوم/تغییر دوره‌ای,سالانه,محله/زیرمحله,زیرمحله/بلوک، زمان، جنس، سن، درآمد، معلولیت، نوع خانوار و وضعیت سکونت؛ متناسب با معنا,CI و معنی‌داری,پیشرفته,استنباط مستقیم,حداقل دوره و CI؛ پرت و تغییر روش کنترل شود,سرعت بهبود/افت
D-EVID-OBJ,تشخیص,کفایت شواهد,پوشش شواهد عینی و ثبتی,سهم ادعاها/شاخص‌های نیازمند این جر����ان که شاهد معتبر دارند,valid evidence / required evidence × 100,درصد,بیشتر بهتر,کفایت شاهد,ثبت شواهد و نیاز هر شاخص,ممیزی evidence registry,هر دوره,کل پرونده,زیرمحله/بلوک، زمان، جنس، سن، درآمد، معلولیت، نوع خانوار و وضعیت سکونت؛ متناسب با معنا,حداقل مصوب,کنترلی اجباری,صریح در صفحه,منبع، نسخه، زمان، پوشش و استقلال جریان ثبت شود,مجوز محاسبه/تشخیص
D-EVID-GIS,تشخیص,کفایت شواهد,پوشش شواهد مکانی GIS,سهم ادعاها/شاخص‌های نیازمند این جر����ان که شاهد معتبر دارند,valid evidence / required evidence × 100,درصد,بیشتر بهتر,کفایت شاهد,ثبت شواهد و نیاز هر شاخص,ممیزی evidence registry,هر دوره,کل پرونده,زیرمحله/بلوک، زمان، جنس، سن، درآمد، معلولیت، نوع خانوار و وضعیت سکونت؛ متناسب با معنا,حداقل مصوب,کنترلی اجباری,صریح در صفحه,منبع، نسخه، زمان، پوشش و استقلال جریان ثبت شود,مجوز محاسبه/تشخیص
D-EVID-BEH,تشخیص,کفایت شواهد,پوشش شواهد رفتاری,سهم ادعاها/شاخص‌های نیازمند این جر����ان که شاهد معتبر دارند,valid evidence / required evidence × 100,درصد,بیشتر بهتر,کفایت شاهد,ثبت شواهد و نیاز هر شاخص,ممیزی evidence registry,هر دوره,کل پرونده,زیرمحله/بلوک، زمان، جنس، سن، درآمد، معلولیت، نوع خانوار و وضعیت سکونت؛ متناسب با معنا,حداقل مصوب,کنترلی اجباری,صریح در صفحه,منبع، نسخه، زمان، پوشش و استقلال جریان ثبت شود,مجوز محاسبه/تشخیص
D-EVID-PER,تشخیص,کفایت شواهد,پوشش شواهد ادراکی,سهم ادعاها/شاخص‌های نیازمند این جر����ان که شاهد معتبر دارند,valid evidence / required evidence × 100,درصد,بیشتر بهتر,کفایت شاهد,ثبت شواهد و نیاز هر شاخص,ممیزی evidence registry,هر دوره,کل پرونده,زیرمحله/بلوک، زمان، جنس، سن، درآمد، معلولیت، نوع خانوار و وضعیت سکونت؛ متناسب با معنا,حداقل مصوب,کنترلی اجباری,صریح در صفحه,منبع، نسخه، زمان، پوشش و استقلال جریان ثبت شود,مجوز محاسبه/تشخیص
D-EVID-CONVERGENCE,تشخیص,کفایت شواهد,همگرایی شواهد,سهم جریان‌های مستقل هم‌جهت با فرضیه,supporting independent streams / available streams,درصد,بیشتر بهتر,سه‌سوسازی,چهار جریان شاهد,ممیزی شواهد,هر فرضیه,پرونده فرضیه,—,رده اولیه/همگرا/آزمون‌شده,هسته تشخیصی,صریح در صفحه,استقلال منبع و تناقض‌ها ثبت شود,سطح اتکای علت
D-EVID-SUFFICIENCY,تشخیص,کفایت شواهد,کفایت کلی شواهد,ترکیب پوشش، تازگی، تفکیک و همگرایی,"H(coverage,timeliness,disaggregation,convergence)",امتیاز ۰–۱۰۰,بیشتر بهتر,دروازه داوری,شاخص‌های کیفیت شواهد,تابع مصوب,هر دوره,کل پرونده,زیرمحله/بلوک، زمان، جنس، سن، درآمد، معلولیت، نوع خانوار و وضعیت سکونت؛ متناسب با معنا,حداقل مصوب,کنترلی اجباری,استنباط مستقیم,تابع نسخه‌گذاری و ضعف هر مؤلفه آشکار شود,قابل داوری/نیازمند داده
D-EVID-STATUS,تشخیص,کفایت شواهد,وضعیت اتکای علت,سطح اولیه، شواهد همگرا یا آزمون‌شده,"rule(evidence,intervention test)",رده ترتیبی,آزمون‌شده بهتر,اعتماد تشخیصی,همگرایی و نتیجه آزمون,قاعده تصمیم,هر فرضیه,پرونده فرضیه,—,اولیه/همگرا/آزمون‌شده,هسته تشخیصی,صریح در صفحه,همبستگی به تنهایی آزمون‌شده نیست,برچسب علت
D-EVID-CONFLICT,تشخیص,کفایت شواهد,تعارض شواهد,سهم جریان‌های معتبر دارای نتیجه ناسازگار,conflicting streams / available streams,درصد,کمتر بهتر,هشدار تشخیصی,نتایج چهار جریان,ممیزی شواهد,هر فرضیه,پرونده فرضیه,—,آستانه هشدار,پیشرفته,استنباط مستقیم,تفاوت زمان/گروه/مکان پیش از اعلام تعارض کنترل شود,توقف حکم قطعی
D-EXTERNAL-CAUSE,تشخیص,کفایت شواهد,پرچم علت بیرونی,وجود شواهد معتبر برای عامل شهر–منطقه‌ای یا خانوادگی بیرون از محله,0/1 + named external factor,دودویی/متن,—,کنترل نسبت علت,متغیرهای زمینه و شاهد,مقایسه زمینه‌ای,هر تشخیص,محله و زمینه شهر,گروه/زمان,خیر/بله,هسته تشخیصی,صریح در صفحه,علت به زور به داخل محله نسبت داده نشود,مسیر مداخله محلی/فرا‌محلی
D-FRIC-COST,تشخیص,اصطکاک‌های تبدیل,شدت اصطکاک هزینه و استطاعت,میزان مانع‌شدن هزینه و استطاعت از تبدیل فرصت به استفاده/پیامد,normalize(objective + behavioral + perceptual evidence),امتیاز ۰–۱۰۰,کمتر بهتر,علت محتمل,شواهد مرتبط در چهار جریان,ترکیب داده و آزمون فرضیه,هر دوره/پس از مداخله,محل و گروه هدف,زیرمحله/بلوک، زمان، جنس، سن، درآمد، معلولیت، نوع خانوار و وضعیت سکونت؛ متناسب با معنا,۰ بدون اصطکاک؛ ۱۰۰ شدید,تشخیص پیشرفته,صریح به‌عنوان خانواده؛ سنجه عملیاتی,هر بعد جدا گزارش شود؛ یک منبع کافی نیست,انتخاب خانواده اقدام
D-FRIC-SAFE,تشخیص,اصطکاک‌های تبدیل,شدت اصطکاک ناامنی,میزان مانع‌شدن ناامنی از تبدیل فرصت به استفاده/پیامد,normalize(objective + behavioral + perceptual evidence),امتیاز ۰–۱۰۰,کمتر بهتر,علت محتمل,شواهد مرتبط در چهار جریان,ترکیب داده و آزمون فرضیه,هر دوره/پس از مداخله,محل و گروه هدف,زیرمحله/بلوک، زمان، جنس، سن، درآمد، معلولیت، نوع خانوار و وضعیت سکونت؛ متناسب با معنا,۰ بدون اصطکاک؛ ۱۰۰ شدید,تشخیص پیشرفته,صریح به‌عنوان خانواده؛ سنجه عملیاتی,هر بعد جدا گزارش شود؛ یک منبع کافی نیست,انتخاب خانواده اقدام
D-FRIC-QUAL,تشخیص,اصطکاک‌های تبدیل,شدت اصطکاک کیفیت و نگهداری,میزان مانع‌شدن کیفیت و نگهداری از تبدیل فرصت به استفاده/پیامد,normalize(objective + behavioral + perceptual evidence),امتیاز ۰–۱۰۰,کمتر بهتر,علت محتمل,شواهد مرتبط در چهار جریان,ترکیب داده و آزمون فرضیه,هر دوره/پس از مداخله,محل و گروه هدف,زیرمحله/بلوک، زمان، جنس، سن، درآمد، معلولیت، نوع خانوار و وضعیت سکونت؛ متناسب با معنا,۰ بدون اصطکاک؛ ۱۰۰ شدید,تشخیص پیشرفته,صریح به‌عنوان خانواده؛ سنجه عملیاتی,هر بعد جدا گزارش شود؛ یک منبع کافی نیست,انتخاب خانواده اقدام
D-FRIC-TIME,تشخیص,اصطکاک‌های تبدیل,شدت اصطکاک زمان و ساعات فعالیت,میزان مانع‌شدن زمان و ساعات فعالیت از تبدیل فرصت به استفاده/پیامد,normalize(objective + behavioral + perceptual evidence),امتیاز ۰–۱۰۰,کمتر بهتر,علت محتمل,شواهد مرتبط در چهار جریان,ترکیب داده و آزمون فرضیه,هر دوره/پس از مداخله,محل و گروه هدف,زیرمحله/بلوک، زمان، جنس، سن، درآمد، معلولیت، نوع خانوار و وضعیت سکونت؛ متناسب با معنا,۰ بدون اصطکاک؛ ۱۰۰ شدید,تشخیص پیشرفته,صریح به‌عنوان خانواده؛ سنجه عملیاتی,هر بعد جدا گزارش شود؛ یک منبع کافی نیست,انتخاب خانواده اقدام
D-FRIC-PHYS,تشخیص,اصطکاک‌های تبدیل,شدت اصطکاک مانع فیزیکی و دسترس‌پذیری,میزان مانع‌شدن مانع فیزیکی و دسترس‌پذیری از تبدیل فرصت به استفاده/پیامد,normalize(objective + behavioral + perceptual evidence),امتیاز ۰–۱۰۰,کمتر بهتر,علت محتمل,شواهد مرتبط در چهار جریان,ترکیب داده و آزمون فرضیه,هر دوره/پس از مداخله,محل و گروه هدف,زیرمحله/بلوک، زمان، جنس، سن، درآمد، معلولیت، نوع خانوار و وضعیت سکونت؛ متناسب با معنا,۰ بدون اصطکاک؛ ۱۰۰ شدید,تشخیص پیشرفته,صریح به‌عنوان خانواده؛ سنجه عملیاتی,هر بعد جدا گزارش شود؛ یک منبع کافی نیست,انتخاب خانواده اقدام
D-FRIC-INFO,تشخیص,اصطکاک‌های تبدیل,شدت اصطکاک اطلاعات و اتصال,میزان مانع‌شدن اطلاعات و اتصال از تبدیل فرصت به استفاده/پیامد,normalize(objective + behavioral + perceptual evidence),امتیاز ۰–۱۰۰,کمتر بهتر,علت محتمل,شواهد مرتبط در چهار جریان,ترکیب داده و آزمون فرضیه,هر دوره/پس از مداخله,محل و گروه هدف,زیرمحله/بلوک، زمان، جنس، سن، درآمد، معلولیت، نوع خانوار و وضعیت سکونت؛ متناسب با معنا,۰ بدون اصطکاک؛ ۱۰۰ شدید,تشخیص پیشرفته,صریح به‌عنوان خانواده؛ سنجه عملیاتی,هر بعد جدا گزارش شود؛ یک منبع کافی نیست,انتخاب خانواده اقدام
D-FRIC-NORM,تشخیص,اصطکاک‌های تبدیل,شدت اصطکاک هنجار، تبعیض و عدم تناسب,میزان مانع‌شدن هنجار، تبعیض و عدم تناسب از تبدیل فرصت به استفاده/پیامد,normalize(objective + behavioral + perceptual evidence),امتیاز ۰–۱۰۰,کمتر بهتر,علت محتمل,شواهد مرتبط در چهار جریان,ترکیب داده و آزمون فرضیه,هر دوره/پس از مداخله,محل و گروه هدف,زیرمحله/بلوک، زمان، جنس، سن، درآمد، معلولیت، نوع خانوار و وضعیت سکونت؛ متناسب با معنا,۰ بدون اصطکاک؛ ۱۰۰ شدید,تشخیص پیشرفته,صریح به‌عنوان خانواده؛ سنجه عملیاتی,هر بعد جدا گزارش شود؛ یک منبع کافی نیست,انتخاب خانواده اقدام
D-FRIC-GOV,تشخیص,اصطکاک‌های تبدیل,شدت اصطکاک حکمرانی و هماهنگی,میزان مانع‌شدن حکمرانی و هماهنگی از تبدیل فرصت به استفاده/پیامد,normalize(objective + behavioral + perceptual evidence),امتیاز ۰–۱۰۰,کمتر بهتر,علت محتمل,شواهد مرتبط در چهار جریان,ترکیب داده و آزمون فرضیه,هر دوره/پس از مداخله,محل و گروه هدف,زیرمحله/بلوک، زمان، جنس، سن، درآمد، معلولیت، نوع خانوار و وضعیت سکونت؛ متناسب با معنا,۰ بدون اصطکاک؛ ۱۰۰ شدید,تشخیص پیشرفته,صریح به‌عنوان خانواده؛ سنجه عملیاتی,هر بعد جدا گزارش شود؛ یک منبع کافی نیست,انتخاب خانواده اقدام
D-FRIC-TOTAL,تشخیص,اصطکاک‌های تبدیل,شاخص ترکیبی اصطکاک,خلاصه ابعاد معتبر اصطکاک بدون پنهان‌کردن اجزا,Friction = H(valid friction dimensions),امتیاز ۰–۱۰۰,کمتر بهتر,توان تبدیل T,ابعاد هشت‌گانه,تابع مصوب,هر دوره,محل و گروه هدف,زیرمحله/بلوک، زمان، جنس، سن، درآمد، معلولیت، نوع خانوار و وضعیت سکونت؛ متناسب با معنا,۰–۱۰۰,پیشرفته,استنباط مستقیم,تابع و حداقل پوشش مصوب؛ اجزا همراه شاخص کل گزارش شوند,توضیح T پایین
D-HYP-N,تشخیص,فرضیه علّی,تعداد فرضیه‌های رقیب,تعداد توضیح‌های متمایز و آزمون‌پذیر برای رخداد,count(valid competing hypotheses),تعداد,بازه مطلوب نه بیشینه,ضد تک‌علتی,فهرست فرضیه‌ها,بازبینی روش,هر تشخیص,پرونده رخداد,گروه/مکان/زمان,حداقل ۲ تا زمان رد/تأیید,هسته تشخیصی,صریح در صفحه,فرضیه‌ها باید قابل رد و غیرتکراری باشند,کیفیت تشخیص
D-HYP-SUPPORT,تشخیص,فرضیه علّی,قدرت پشتیبانی فرضیه,سهم شواهد مستقل معتبر پشتیبان فرضیه,supporting streams / available streams,درصد,بیشتر بهتر,غربال علت,شواهد هر فرضیه,سه‌سوسازی,هر فرضیه,پرونده فرضیه,گروه/مکان/زمان,همراه با تعارض و وضعیت,هسته تشخیصی,استنباط مستقیم,وابستگی منابع و جهت زمانی کنترل شود,رتبه فرضیه‌ها
D-CAUSAL-TEST,تشخیص,فرضیه علّی,قدرت آزمون علّی,سطح طراحی آزمون از خط پایه تا مقایسه و اثر مداخله,رده طراحی: توصیفی/پیش‌پس/مقایسه‌ای/آزمایشی,رده ترتیبی,بیشتر بهتر,تبدیل فرضیه به علت آزمون‌شده,خط پایه، گروه مقایسه، زمان و مداخله,ارزیابی اثر,پس از مداخله,محل آزمایش,گروه هدف/مقایسه,سطح طراحی,هسته تشخیصی,صریح در صفحه,اثر ناخواسته و عوامل زمینه‌ای کنترل شود,ارتقای وضعیت اتکا
P-SEVERITY,تجویز,اولویت,شدت مسئله,شدت افت، شکاف یا ریسک مسئله,"normalize(gap, low score, risk)",امتیاز ۰–۱۰۰,کمتر بهتر,Severity,گلوگاه و ریسک,محاسبه/داوری مصوب,هر مسئله,مکان هدف,زیرمحله/بلوک، زمان، جنس، سن، درآمد، معلولیت، نوع خانوار و وضعیت سکونت؛ متناسب با معنا,۰–۱۰۰,هسته تصمیم,صریح در صفحه,تعریف شدت برای هر خانواده ثابت شود,امتیاز اولویت
P-POPULATION,تجویز,اولویت,جمعیت متاثر,تعداد و سهم افراد متاثر از مسئله,affected / eligible × 100 + count,تعداد و درصد,کمتر بهتر,Population,جمعیت و شرایط مواجهه,GIS/ثبت/پیمایش,هر مسئله,مکان هدف,زیرمحله/بلوک، زمان، جنس، سن، درآمد، معلولیت، نوع خانوار و وضعیت سکونت؛ متناسب با معنا,تعداد+درصد,هسته تصمیم,صریح در صفحه,از دوباره‌شماری جلوگیری و CI ثبت شود,امتیاز اولویت
P-LEVERAGE,تجویز,اولویت,قدرت اهرمی,توان اقدام برای بهبود چند پیامد یا سرمایه,weighted affected outcomes/capitals,امتیاز ۰–۱۰۰,بیشتر بهتر,Leverage,نقشه اثر و شواهد,تحلیل شبکه اثر/خبرگان,هر گزینه,سبد اقدام,گروه هدف,۰–۱۰۰,هسته تصمیم,صریح در صفحه,دوبرابرشماری اثر و خوش‌بینی کنترل شود,امتیاز اولویت
P-FEASIBILITY,تجویز,اولویت,امکان اجرا,ترکیب اختیار، هزینه، زمان، ظرفیت و همکاری,"H(authority,cost,time,capacity,cooperation)",امتیاز ۰–۱۰۰,بیشتر بهتر,Feasibility,ارزیابی اجرایی,اسناد/خبرگان,هر گزینه,سبد اقدام,—,۰–۱۰۰,هسته تصمیم,صریح در صفحه,هر مؤلفه و مانع بحرانی جدا ثبت شود,امتیاز اولویت
P-EQUITY,تجویز,اولویت,امتیاز عدالت اقدام,میزان منفعت خالص برای گروه/مکان محروم,benefit to deprived / total expected benefit,امتیاز ۰–۱۰۰,بیشتر بهتر,Equity,توزیع منافع و زیان,تحلیل توزیعی,هر گزینه,گروه و مکان هدف,زیرمحله/بلوک، زمان، جنس، سن، درآمد، معلولیت، نوع خانوار و وضعیت سکونت؛ متناسب با معنا,۰–۱۰۰,هسته تصمیم,صریح در صفحه,اثر بر گروه‌های مختلف و جابه‌جایی کنترل شود,امتیاز اولویت تعدیل‌شده
P-PRIORITY,تجویز,اولویت,امتیاز پایه اولویت,حاصل‌ضرب مؤلفه‌های نرمال‌شده شدت، جمعیت، اهرم و امکان اجرا,Priority = Severity×Population×Leverage×Feasibility,امتیاز نسبی ۰–۱,بیشتر بهتر,رتبه اقدام,چهار مؤلفه ۰–۱,محاسبه قطعی,هر گزینه,سبد اقدام,—,۰–۱,هسته تصمیم,صریح در صفحه,همه مؤلفه‌ها به ۰–۱ و نسخه‌گذاری شوند,رتبه اولیه
P-PRIORITY-EQ,تجویز,اولویت,امتیاز اولویت با عدالت,امتیاز پایه تعدیل‌شده با عدالت,Priority* = Priority×Equity,امتیاز نسبی ۰–۱,بیشتر بهتر,رتبه نهایی,Priority و Equity در ۰–۱,محاسبه قطعی,هر گزینه,سبد اقدام,زیرمحله/بلوک، زمان، جنس، سن، درآمد، معلولیت، نوع خانوار و وضعیت سکونت؛ متناسب با معنا,۰–۱,هسته تصمیم,صریح در صفحه,تحلیل حساسیت و جلوگیری از صفرشدن مصنوعی,رتبه نهایی
P-CAPITAL-BREADTH,تجویز,سبد مداخله,پوشش چندسرمایه‌ای,تعداد سرمایه‌های هدف‌گرفته یا تقویت‌شده توسط سبد,count(capitals with material positive effect),تعداد ۰–۸,بازه مطلوب,چندسرمایه‌ای بودن,نقشه اثر اقدام,تحلیل اثر,هر سبد,سبد اقدام,—,۰–۸,تصمیم پیشرفته,استنباط مستقیم,پوشش زیاد بدون منطق علّی امتیاز محسوب نشود,طراحی سبد
P-COMPLEMENT,تجویز,سبد مداخله,مکمل‌بودن اجزای سبد,میزان وابستگی و تقویت متقابل اجزای اقدام,expert/causal complementarity score,امتیاز ۰–۱۰۰,بیشتر بهتر,هماهنگی سبد,نقشه علت و اجزای سبد,تحلیل علّی/خبرگان,هر سبد,سبد اقدام,—,۰–۱۰۰,تصمیم پیشرفته,استنباط مستقیم,هم‌پوشانی هزینه و تعارض اجزا کنترل شود,انتخاب سبد
P-OWNER-READY,تجویز,آمادگی اجرا,آمادگی مسئول و همکاران,وجود مسئول پاسخگو و همکاران با نقش روشن,completed responsibility fields / required,درصد,بیشتر بهتر,شناسنامه اقدام,مالک، همکار و SLA,ممیزی شناسنامه,پیش از تصویب,پرونده اقدام,—,۱۰۰٪,کنترلی اجباری,صریح در صفحه,نام، اختیار و پاسخگویی واقعی تأیید شود,اجازه اجرا
P-RESOURCE-READY,تجویز,آمادگی اجرا,آمادگی منابع,سهم منابع مالی، انسانی، داده‌ای و زمانی تأمین‌شده,secured resources / required resources,درصد,بیشتر بهتر,آمادگی اجرا,برنامه منابع,ممیزی اجرایی,پیش از اجرا,پرونده اقدام,—,حداقل مصوب,کنترلی اجباری,تعهد منابع با مدرک و زمان آزادسازی ثبت شود,اجازه اجرا,
P-AUTHORITY-READY,تجویز,آمادگی اجرا,کفایت اختیار و مجوز,پوشش مجوزها و اختیارهای لازم برای اقدام,approved authorities / required authorities,درصد,بیشتر بهتر,امکان اجرا,ماتریس اختیار/مجوز,ممیزی حقوقی,پیش از اجرا,پرونده اقدام,—,۱۰۰٪ بحرانی,کنترلی اجباری,وابستگی بیرونی و مسئول رفع مانع ثبت شود,اجازه اجرا,
P-HARMED-CAPITALS,تجویز,فیلتر عدم‌آسیب,تعداد سرمایه‌های آسیب‌دیده,تعداد سرمایه‌های دارای اثر منفی مادی از اقدام,count(capitals with material negative effect),تعداد ۰–۸,کمتر بهتر,فیلتر عدم‌آسیب,ارزیابی اثر بر ۸ سرمایه,ارزیابی پیشینی/پسینی,پیش و پس از اقدام,مکان اثر,زیرمحله/بلوک، زمان، جنس، سن، درآمد، معلولیت، نوع خانوار و وضعیت سکونت؛ متناسب با معنا,۲ یا بیشتر = رد/بازطراحی,کنترلی اجباری,صریح در صفحه,اثر کوتاه و بلندمدت و عدم‌قطعیت ثبت شود,رد یا بازطراحی
P-REJECT-FLAG,تجویز,فیلتر عدم‌آسیب,پرچم رد اقدام,فعال‌شدن شرط رد یا بازطراحی,harmed_capitals ≥ 2 OR critical safeguard breach,دودویی,خیر بهتر,دروازه تصویب,اثرات سرمایه‌ای و حفاظتی,قاعده تصمیم,پیش از تصویب,پرونده اقدام,زیرمحله/بلوک، زمان، جنس، سن، درآمد، معلولیت، نوع خانوار و وضعیت سکونت؛ متناسب با معنا,۰/۱,کنترلی اجباری,صریح در صفحه,رد قابل override فقط با دلیل و تصویب رسمی,تصویب/رد
P-DISPLACEMENT-RISK,تجویز,حفاظت,ریسک جابه‌جایی اجباری,احتمال/شدت خروج ناخواسته ساکنان هدف بر اثر اقدام,"H(rent burden,tenure insecurity,price pressure)",امتیاز ۰–۱۰۰,کمتر بهتر,اثر ناخواسته,اجاره، مالکیت، قیمت و جمعیت,پیمایش/بازار/ثبت,پیش و پس از اقدام,مکان هدف,زیرمحله/بلوک، زمان، جنس، سن، درآمد، معلولیت، نوع خانوار و وضعیت سکونت؛ متناسب با معنا,آستانه توقف مصوب,کنترلی اجباری,صریح در صفحه,گروه مستأجر و کم‌درآمد جدا؛ علت خروج ثبت شود,بازطراحی حفاظت اجتماعی
P-AFFORD-IMPACT,تجویز,حفاظت,اثر اقدام بر استطاعت مسکن,تغییر بار هزینه مسکن برای خانوارهای هدف,post rent burden − baseline rent burden,واحد درصد,کمتر بهتر,اثر ناخواسته,هزینه مسکن و درآمد پیش/پس,پیمایش/بازار,پیش و پس,مکان هدف,زیرمحله/بلوک، زمان، جنس، سن، درآمد، معلولیت، نوع خانوار و وضعیت سکونت؛ متناسب با معنا,CI و آستانه توقف,کنترلی اجباری,صریح در صفحه,تورم و روند شهر کنترل شود,توقف/اصلاح
P-TARGET-REACH,تجویز,سبد مداخله,پوشش گروه هدف,سهم جمعیت هدف که واقعاً به اقدام دسترسی/استفاده دارد,reached target / eligible target × 100,درصد,بیشتر بهتر,عدالت اجرا,ثبت مشارکت/استفاده,ثبت خدمت/GIS,حین و پس از اجرا,مکان هدف,زیرمحله/بلوک، زمان، جنس، سن، درآمد، معلولیت، نوع خانوار و وضعیت سکونت؛ متناسب با معنا,هدف مصوب,هسته تصمیم,استنباط مستقیم,دوباره‌شماری و انتخ��ب���گری کنترل شود,پایش اجرا
P-TRACEABILITY,تجویز,شناسنامه اقدام,ردیابی مسئله تا اقدام,کامل‌بودن پیوند گلوگاه، فرضیه، اقدام، مسئول، خط پایه و شاخص نتیجه,completed trace fields / required fields,درصد,بیشتر بهتر,قابلیت ممیزی,پرونده مسئله و اقدام,ممیزی شناسنامه,پیش از اجرا,پرونده اقدام,—,۱۰۰٪,کنترلی اجباری,صریح در صفحه,هر پیوند دارای شناسه و نسخه باشد,اجازه اجرا/ممیزی
L-BASELINE,یادگیری,ارزیابی مداخله,کامل‌بودن خط پایه,سهم شاخص‌های نتیجه دارای اندازه‌گیری پیش از اقدام,valid baseline indicators / required indicators,درصد,بیشتر بهتر,شرط ادعای اثر,خط پایه و فراداده,ممیزی داده,پیش از اجرا,مکان/گروه هدف,زیرمحله/بلوک، زمان، جنس، سن، درآمد، معلولیت، نوع خانوار و وضعیت سکونت؛ متناسب با معنا,۱۰۰٪ برای شاخص‌های اصلی,کنترلی اجباری,صریح در صفحه,خط پایه پسینی پذیرفته نشود مگر با برچسب و روش جایگزین,اجازه ادعای اثر
L-OUTPUT,یادگیری,ارزیابی مداخله,تحقق خروجی,آنچه ساخته/اجرا شده نسبت به هدف,actual output / target output × 100,درصد,بیشتر بهتر,Output,ثبت اجرا و هدف,پایش پروژه,حین/پایان اجرا,پروژه,گروه هدف,هدف مصوب,هسته یادگیری,صریح در صفحه,خروجی با پیامد اشتباه نشود؛ کیفیت خروجی کنترل شود,پایش تحویل
L-OUTCOME,یادگیری,ارزیابی مداخله,تغییر پیامد نزدیک,تغییر رفتار یا وضعیت نزدیک پس از اقدام,post − baseline؛ ترجیحاً با گروه مقایسه,واحد شاخص/اثر,بسته به شاخص,Outcome,پیش، پس و مقایسه,ارزیابی اثر,پس از اجرا,مکان/گروه هدف,زیرمحله/بلوک، زمان، جنس، سن، درآمد، معلولیت، نوع خانوار و وضعیت سکونت؛ متناسب با معنا,هدف و CI مصوب,هسته یادگیری,صریح در صفحه,روند و عوامل هم‌زمان کنترل شود,اصلاح/توسعه
L-IMPACT,یادگیری,ارزیابی مداخله,اثر نهایی,تغییر قابل انتساب در کیفیت زندگی بلندمدت,causal effect / difference-in-differences where feasible,اندازه اثر,بیشتر بهتر,Impact,نتیجه بلندمدت و مقایسه,ارزیابی اثر,میان/بلندمدت,مکان/گروه هدف,زیرمحله/بلوک، زمان، جنس، سن، درآمد، معلولیت، نوع خانوار و وضعیت سکونت؛ متناسب با معنا,CI و حداقل اثر مهم,هسته یادگیری,صریح در صفحه,انتساب علّی، ریزش نمونه و اثر بیرونی کنترل شود,توسعه/توقف
L-UNINTENDED,یادگیری,ارزیابی مداخله,اثر ناخواسته,شدت خالص پیامدهای منفی پیش‌بینی‌نشده یا حفاظتی,weighted adverse effects,امتیاز ۰–۱۰۰,کمتر بهتر,عارضه ناخواسته,شاخص‌های حفاظتی و گزارش رخداد,پایش چندمنبعی,حین و پس,محدوده اثر,زیرمحله/بلوک، زمان، جنس، سن، درآمد، معلولیت، نوع خانوار و وضعیت سکونت؛ متناسب با معنا,آستانه توقف,کنترلی اجباری,صریح در صفحه,گزارش بی‌خطر و کانال شکایت؛ اثر دیررس پایش شود,توقف/اصلاح
L-FIDELITY,یادگیری,ارزیابی مداخله,وفاداری اجرا,میزان اجرای اجزای حیاتی طبق طراحی و کیفیت مصوب,completed critical components / planned,درصد,بیشتر بهتر,کیفیت اجرا,چک‌لیست طراحی و اجرا,ممیزی پروژه,حین اجرا,پروژه,—,هدف مصوب,هسته یادگیری,استنباط مستقیم,تغییرات مجاز و دلیل انحراف ثبت شود,تفسیر شکست اجرا/نظریه
L-MAINTENANCE,یادگیری,ارزیابی مداخله,آمادگی نگهداری,کامل‌بودن مسئول، بودجه، SLA و برنامه نگهداری,completed maintenance fields / required,درصد,بیشتر بهتر,پایداری,برنامه نگهداری,ممیزی اجرایی,پیش از تحویل/سالانه,پروژه,—,۱۰۰٪ حیاتی,کنترلی اجباری,صریح در صفحه,منبع بودجه و پاسخگو تأیید شود,اجازه تحویل/پایداری
L-STOP,یادگیری,ارزیابی مداخله,نقض معیار توقف,آیا هر معیار توقف یا حفاظت نقض شده است؟,any(stop condition = true),دودویی,خیر بهتر,دروازه ایمنی,معیارهای توقف و داده پایش,قاعده تصمیم,مستمر,پروژه,زیرمحله/بلوک، زمان، جنس، سن، درآمد، معلولیت، نوع خانوار و وضعیت سکونت؛ متناسب با معنا,۰/۱,کنترلی اجباری,صریح در صفحه,هشدار باید قابل اقدام، زمان‌دار و دارای مالک باشد,توقف/بازبینی
L-DECISION,یادگیری,ارزیابی مداخله,تصمیم پس از آزمایش,انتخاب توسعه، اصلاح یا توقف بر پایه اثر و عدالت,"rule(effect,equity,harm,feasibility)",رده اسمی,—,حلقه تصمیم,نتایج ارزیابی,کمیته/قاعده مصوب,پس از آزمایش,پروژه,زیرمحله/بلوک، زمان، جنس، سن، درآمد، معلولیت، نوع خانوار و وضعیت سکونت؛ متناسب با معنا,توسعه/اصلاح/توقف,هسته یادگیری,صریح در صفحه,دلیل، شواهد و رأی/اختیار ثبت شود,تصمیم مرحله بعد
L-CAP-S,یادگیری,قابلیت‌های S-I-F-A-M-G,قابلیت حسگری S,توان دیدن تغییر با داده عینی، مکانی، رفتاری و ادراکی,rubric score 0–100,امتیاز ۰–۱۰۰ یا رده,بیشتر بهتر,قابلیت یادگیری,شواهد فرایند و نتیجه,ممیزی یادگیری/روبرک,پس از هر چرخه,محله/سازمان,زیرمحله/بلوک، زمان، جنس، سن، درآمد، معلولیت، نوع خانوار و وضعیت سکونت؛ متناسب با معنا,۰–۱۰۰,هسته یادگیری,صریح در صفحه,روبرک ثابت، شاهد و ارزیاب مستقل/دوگانه,محاسبه L_k
L-CAP-I,یادگیری,قابلیت‌های S-I-F-A-M-G,قابلیت تفسیر I,توان تبدیل داده به معنای علّی و چندفرضیه‌ای,rubric score 0–100,امتیاز ۰–۱۰۰ یا رده,بیشتر بهتر,قابلیت یادگیری,شواهد فرایند و نتیجه,ممیزی یادگیری/روبرک,پس از هر چرخه,محله/سازمان,زیرمحله/بلوک، زمان، جنس، سن، درآمد، معلولیت، نوع خانوار و وضعیت سکونت؛ متناسب با معنا,۰–۱۰۰,هسته یادگیری,صریح در صفحه,روبرک ثابت، شاهد و ارزیاب مستقل/دوگانه,محاسبه L_k
L-CAP-F,یادگیری,قابلیت‌های S-I-F-A-M-G,قابلیت بازخورد F,توان مشاهده اثر مطلوب و ناخواسته,rubric score 0–100,امتیاز ۰–۱۰۰ یا رده,بیشتر بهتر,قابلیت یادگیری,شواهد فرایند و نتیجه,ممیزی یادگیری/روبرک,پس از هر چرخه,محله/سازمان,زیرمحله/بلوک، زمان، جنس، سن، درآمد، معلولیت، نوع خانوار و وضعیت سکونت؛ متناسب با معنا,۰–۱۰۰,هسته یادگیری,صریح در صفحه,روبرک ثابت، شاهد و ارزیاب مستقل/دوگانه,محاسبه L_k
L-CAP-A,یادگیری,قابلیت‌های S-I-F-A-M-G,قابلیت انطباق A,سهم تصمیم‌های نیازمند اصلاح که واقعاً اصلاح شده‌اند,adapted decisions / decisions requiring adaptation × 100,امتیاز ۰–۱۰۰ یا رده,بیشتر بهتر,قابلیت یادگیری,شواهد فرایند و نتیجه,ممیزی یادگیری/روبرک,پس از هر چرخه,محله/سازمان,زیرمحله/بلوک، زمان، جنس، سن، درآمد، معلولیت، نوع خانوار و وضعیت سکونت؛ متناسب با معنا,۰–۱۰۰,هسته یادگیری,صریح در صفحه,روبرک ثابت، شاهد و ارزیاب مستقل/دوگانه,محاسبه L_k
L-CAP-M,یادگیری,قابلیت‌های S-I-F-A-M-G,قابلیت حافظه M,قابلیت بازیابی و استفاده مجدد از داده، تجربه و دانش محلی,rubric score 0–100,امتیاز ۰–۱۰۰ یا رده,بیشتر بهتر,قابلیت یادگیری,شواهد فرایند و نتیجه,ممیزی یادگیری/روبرک,پس از هر چرخه,محله/سازمان,زیرمحله/بلوک، زمان، جنس، سن، درآمد، معلولیت، نوع خانوار و وضعیت سکونت؛ متناسب با معنا,۰–۱۰۰,هسته یادگیری,صریح در صفحه,روبرک ثابت، شاهد و ارزیاب مستقل/دوگانه,محاسبه L_k
L-CAP-G,یادگیری,قابلیت‌های S-I-F-A-M-G,قابلیت دروازه گلوگاه G,اثر مؤلفه ضعیف/بحرانی بر قفل چرخه یادگیری,rule(weak/critical components),امتیاز ۰–۱۰۰ یا رده,بیشتر بهتر,قابلیت یادگیری,شواهد فرایند و نتیجه,ممیزی یادگیری/روبرک,پس از هر چرخه,محله/سازمان,زیرمحله/بلوک، زمان، جنس، سن، درآمد، معلولیت، نوع خانوار و وضعیت سکونت؛ متناسب با معنا,ضعیف=هشدار؛ یک بحرانی=قفل؛ دو بحرانی=اختلال,هسته یادگیری,صریح در صفحه,روبرک ثابت، شاهد و ارزیاب مستقل/دوگانه,محاسبه L_k
L-INDEX,یادگیری,قابلیت‌های S-I-F-A-M-G,شاخص کلی یادگیری L,تابع قابلیت‌های حسگری، تفسیر، بازخورد، انطباق و حافظه با دروازه گلوگاه,"L = H(S,I,F,A,M) × G",امتیاز ۰–۱۰۰,بیشتر بهتر,یادگیری سیستم,"S,I,F,A,M,G",تابع مصوب پس از کالیبراسیون,پس از هر چرخه,محله/سرمایه,زیرمحله/بلوک، زمان، جنس، سن، درآمد، معلولیت، نوع خانوار و وضعیت سکونت؛ متناسب با معنا,۰–۱۰۰,هسته یادگیری,صریح؛ H نیازمند تصویب,تابع H، وزن‌ها و دروازه نسخه‌گذاری شود,توان یادگیری
L-H,یادگیری,یادگیری به تفکیک سرمایه,شاخص یادگیری سرمایه انسانی,قابلیت یادگیری S-I-F-A-M-G برای سرمایه انسانی,"L_H = H(S_H,I_H,F_H,A_H,M_H) × G_H",امتیاز ۰–۱۰۰,بیشتر بهتر,بازتولید سرمایه,قابلیت‌های یادگیری سرمایه,ممیزی یادگیری,پس از هر چرخه,محله/سرمایه,زیرمحله/بلوک، زمان، جنس، سن، درآمد، معلولیت، نوع خانوار و وضعیت سکونت؛ متناسب با معنا,۰–۱۰۰,یادگیری پیشرفته,صریح در صفحه,حداقل شاهد برای هر مؤلفه و عدم پنهان‌کردن گلوگاه,پروفایل یادگیری ۸ سرمایه
L-S,یادگیری,یادگیری به تفکیک سرمایه,شاخص یادگیری سرمایه اجتماعی,قابلیت یادگیری S-I-F-A-M-G برای سرمایه اجتماعی,"L_S = H(S_S,I_S,F_S,A_S,M_S) × G_S",امتیاز ۰–۱۰۰,بیشتر بهتر,بازتولید سرمایه,قابلیت‌های یادگیری سرمایه,ممیزی یادگیری,پس از هر چرخه,محله/سرمایه,زیرمحله/بلوک، زمان، جنس، سن، درآمد، معلولیت، نوع خانوار و وضعیت سکونت؛ متناسب با معنا,۰–۱۰۰,یادگیری پیشرفته,صریح در صفحه,حداقل شاهد برای هر مؤلفه و عدم پنهان‌کردن گلوگاه,پروفایل یادگیری ۸ سرمایه
L-EC,یادگیری,یادگیری به تفکیک سرمایه,شاخص یادگیری سرمایه اقتصادی,قابلیت یادگیری S-I-F-A-M-G برای سرمایه اقتصادی,"L_EC = H(S_EC,I_EC,F_EC,A_EC,M_EC) × G_EC",امتیاز ۰–۱۰۰,بیشتر بهتر,بازتولید سرمایه,قابلیت‌های یادگیری سرمایه,ممیزی یادگیری,پس از هر چرخه,محله/سرمایه,زیرمحله/بلوک، زمان، جنس، سن، درآمد، معلولیت، نوع خانوار و وضعیت سکونت؛ متناسب با معنا,۰–۱۰۰,یادگیری پیشرفته,صریح در صفحه,حداقل شاهد برای هر مؤلفه و عدم پنهان‌کردن گلوگاه,پروفایل یادگیری ۸ سرمایه
L-P,یادگیری,یادگیری به تفکیک سرمایه,شاخص یادگیری سرمایه کالبدی–زیرساختی,قابلیت یادگیری S-I-F-A-M-G برای سرمایه کالبدی–زیرساختی,"L_P = H(S_P,I_P,F_P,A_P,M_P) × G_P",امتیاز ۰–۱۰۰,بیشتر بهتر,بازتولید سرمایه,قابلیت‌های یادگیری سرمایه,ممیزی یادگیری,پس از هر چرخه,محله/سرمایه,زیرمحله/بلوک، زمان، جنس، سن، درآمد، معلولیت، نوع خانوار و وضعیت سکونت؛ متناسب با معنا,۰–۱۰۰,یادگیری پیشرفته,صریح در صفحه,حداقل شاهد برای هر مؤلفه و عدم پنهان‌کردن گلوگاه,پروفایل یادگیری ۸ سرمایه
L-N,یادگیری,یادگیری به تفکیک سرمایه,شاخص یادگیری سرمایه طبیعی–محیطی,قابلیت یادگیری S-I-F-A-M-G برای سرمایه طبیعی–محیطی,"L_N = H(S_N,I_N,F_N,A_N,M_N) × G_N",امتیاز ۰–۱۰۰,بیشتر بهتر,بازتولید سرمایه,قابلیت‌های یادگیری سرمایه,ممیزی یادگیری,پس از هر چرخه,محله/سرمایه,زیرمحله/بلوک، زمان، جنس، سن، درآمد، معلولیت، نوع خانوار و وضعیت سکونت؛ متناسب با معنا,۰–۱۰۰,یادگیری پیشرفته,صریح در صفحه,حداقل شاهد برای هر مؤلفه و عدم پنهان‌کردن گلوگاه,پروفایل یادگیری ۸ سرمایه
L-C,یادگیری,یادگیری به تفکیک سرمایه,شاخص یادگیری سرمایه فرهنگی–هویتی,قابلیت یادگیری S-I-F-A-M-G برای سرمایه فرهنگی–هویتی,"L_C = H(S_C,I_C,F_C,A_C,M_C) × G_C",امتیاز ۰–۱۰۰,بیشتر بهتر,بازتولید سرمایه,قابلیت‌های یادگیری سرمایه,ممیزی یادگیری,پس از هر چرخه,محله/سرمایه,زیرمحله/بلوک، زمان، جنس، سن، درآمد، معلولیت، نوع خانوار و وضعیت سکونت؛ متناسب با معنا,۰–۱۰۰,یادگیری پیشرفته,صریح در صفحه,حداقل شاهد برای هر مؤلفه و عدم پنهان‌کردن گلوگاه,پروفایل یادگیری ۸ سرمایه
L-G,یادگیری,یادگیری به تفکیک سرمایه,شاخص یادگیری سرمایه نهادی–حکمرانی,قابلیت یادگیری S-I-F-A-M-G برای سرمایه نهادی–حکمرانی,"L_G = H(S_G,I_G,F_G,A_G,M_G) × G_G",امتیاز ۰–۱۰۰,بیشتر بهتر,بازتولید سرمایه,قابلیت‌های یادگیری سرمایه,ممیزی یادگیری,پس از هر چرخه,محله/سرمایه,زیرمحله/بلوک، زمان، جنس، سن، درآمد، معلولیت، نوع خانوار و وضعیت سکونت؛ متناسب با معنا,۰–۱۰۰,یادگیری پیشرفته,صریح در صفحه,حداقل شاهد برای هر مؤلفه و عدم پنهان‌کردن گلوگاه,پروفایل یادگیری ۸ سرمایه
L-R,یادگیری,یادگیری به تفکیک سرمایه,شاخص یادگیری سرمایه شبکه‌ای–ارتباطی,قابلیت یادگیری S-I-F-A-M-G برای سرمایه شبکه‌ای–ارتباطی,"L_R = H(S_R,I_R,F_R,A_R,M_R) × G_R",امتیاز ۰–۱۰۰,بیشتر بهتر,بازتولید سرمایه,قابلیت‌های یادگیری سرمایه,ممیزی یادگیری,پس از هر چرخه,محله/سرمایه,زیرمحله/بلوک، زمان، جنس، سن، درآمد، معلولیت، نوع خانوار و وضعیت سکونت؛ متناسب با معنا,۰–۱۰۰,یادگیری پیشرفته,صریح در صفحه,حداقل شاهد برای هر مؤلفه و عدم پنهان‌کردن گلوگاه,پروفایل یادگیری ۸ سرمایه
L-VL,یادگیری,پویایی,سرعت یادگیری V_l,نرخ پذیرش و اجرای تغییرات معتبر در قواعد/اقدامات,validated adaptations / time,تعداد/دوره یا امتیاز/دوره,بیشتر بهتر,سرعت یادگیری,ثبت تصمیم و زمان,تحلیل روند,دوره‌ای,سیستم,—,تعریف ثابت,یادگیری پیشرفته,صریح در صفحه,کیفیت تغییر با تعداد صرف اشتباه نشود,DynamicResilience
L-VC,یادگیری,پویایی,سرعت تغییر محیط V_c,نرخ تغییر متغیرهای زمینه و مسئله‌های کلیدی,magnitude of contextual change / time,امتیاز/دوره,کمتر بهتر,فشار محیط,سری زمینه‌ای,تحلیل روند,دوره‌ای,محله و شهر,گروه/زمان,تعریف ثابت,یادگیری پیشرفته,صریح در صفحه,سبد متغیر و مقیاس ثابت؛ شوک‌ها جدا علامت‌گذاری شوند,DynamicResilience
L-DYN-RES,یادگیری,پویایی,تاب‌آوری پویا,نسبت سرعت یادگیری به سرعت تغییر محیط,DynamicResilience = V_l / V_c,نسبت,بیشتر بهتر,کفایت یادگیری,V_l و V_c,محاسبه قطعی,دوره‌ای,محله,—,کمتر از ۱ = عقب‌ماندگی,هسته یادگیری,صریح در صفحه,V_c صفر و عدم‌قطعیت مدیریت شود,هشدار عقب‌ماندگی
L-PT,یادگیری,پویایی,تولید مسئله P(t),تعداد/شدت مسائل جدید یا تشدیدشده در دوره,weighted new/escalated problems,امتیاز/دوره,کمتر بهتر,فشار مسئله,ثبت مسائل و شدت,تحلیل پرونده,دوره‌ای,محله,زیرمحله/بلوک، زمان، جنس، سن، درآمد، معلولیت، نوع خانوار و وضعیت سکونت؛ متناسب با معنا,تعریف ثابت,یادگیری پیشرفته,صریح در صفحه,مسائل تکراری و دوباره‌شماری کنترل شود,D(t)
L-ST,یادگیری,پویایی,ظرفیت حل مسئله S(t),تعداد/شدت مسائل حل‌شده یا مهارشده در دوره,weighted resolved/contained problems,امتیاز/دوره,بیشتر بهتر,توان حل,ثبت حل مسئله و شواهد,تحلیل پرونده,دوره‌ای,محله,زیرمحله/بلوک، زمان، جنس، سن، درآمد، معلولیت، نوع خانوار و وضعیت سکونت؛ متناسب با معنا,تعریف ثابت,یادگیری پیشرفته,صریح در صفحه,بسته‌شدن اداری با حل واقعی یکی نیست,D(t)
L-DT,یادگیری,پویایی,ناترازی حل مسئله D(t),فاصله تولید مسئله و ظرفیت حل,D(t) = P(t) − S(t),امتیاز/دوره,کمتر بهتر,انباشت مسئله,P(t)، S(t),محاسبه قطعی,دوره‌ای,محله,زیرمحله/بلوک، زمان، جنس، سن، درآمد، معلولیت، نوع خانوار و وضعیت سکونت؛ متناسب با معنا,≤۰ متوازن؛ >۰ انباشت,هسته یادگیری,صریح در صفحه,وزن شدت و تعریف مسئله ثابت باشد,سطح پاسخ
L-DDT,یادگیری,پویایی,شتاب ناترازی dD/dt,روند تغییر ناترازی حل مسئله,slope of D(t),امتیاز/دوره²,کمتر بهتر,هشدار ساختاری,سری D(t),تحلیل روند,دوره‌ای,محله,—,>۰ = روش باید تغییر کند,هسته یادگیری,صریح در صفحه,حداقل دوره و CI؛ شوک ناگهانی جدا شود,تحول قواعد
L-RESPONSE-LEVEL,یادگیری,پویایی,سطح پاسخ مدیریتی,طبقه‌بندی نگهداشت، اصلاح گلوگاه، بازطراحی تبدیل یا تحول قواعد,"rule(Q,T,R,gaps,D,dD/dt)",رده ترتیبی,—,راهبرد تطبیقی,خروجی‌های سنجش/تشخیص/یادگیری,قاعده نسخه‌گذاری‌شده,هر چرخه,محله,زیرمحله/بلوک، زمان، جنس، سن، درآمد، معلولیت، نوع خانوار و وضعیت سکونت؛ متناسب با معنا,۴ سطح,هسته یادگیری,صریح در صفحه,قاعده و دلیل انتخاب ثبت؛ override قابل ممیزی,انتخاب سطح مداخله
L-SI,یادگیری,شاخص حفاظتی,ماندگاری اجتماعی SI,سهم خانوارهای هدف باقی‌مانده پس از مداخله,SI = target households remaining after / target households before,نسبت/درصد,بیشتر بهتر,حفاظت در برابر طرد,فهرست خانوار هدف پیش/پس,پایش پنل/ثبت,پیش و پس,محدوده مداخله,زیرمحله/بلوک، زمان، جنس، سن، درآمد، معلولیت، نوع خانوار و وضعیت سکونت؛ متناسب با معنا,هدف و آستانه توقف مصوب,کنترلی اجباری,صریح در صفحه,ریزش پنل، مرگ/مهاجرت عادی و علت خروج تفکیک شود,توقف/اصلاح پروژه
L-GI,یادگیری,شاخص حفاظتی,حضور برابر GI,نسبت حضور زنان و دختران به حضور مردان در فضای عمومی,GI = female presence / male presence,نسبت,نزدیک تعادل زمینه‌ای بهتر,عدالت استفاده,شمارش حضور با ساعت/سن/فعالیت,مشاهده رفتاری,چند نوبت و فصل,فضای عمومی,جنس/سن/زمان,همراه امنیت و دسترسی,کنترلی اجباری,صریح در صفحه,ناظر دوگانه، بازه‌های زمانی ثابت و تفسیر زمینه‌ای,پایش برابری حضور
L-IRI,یادگیری,شاخص حفاظتی,توان بازآفرینی درونی IRI,توان حل مسائل با سرمایه‌های داخلی و شبکه‌های بیرونی بدون وابستگی دائمی اضطراری,"IRI = H(internal capacity,collective action,external network,dependency−)",امتیاز ۰–۱۰۰,بیشتر بهتر,بازتولید و خوداتکایی شبکه‌ای,سرمایه‌ها، اقدام جمعی، شبکه بیرونی و وابستگی,تابع مصوب/ارزیابی ترکیبی,سالانه,محله,زیرمحله/بلوک، زمان، جنس، سن، درآمد، معلولیت، نوع خانوار و وضعیت سکونت؛ متناسب با معنا,۰–۱۰۰؛ نیازمند کالیبراسیون,یادگیری پیشرفته,صریح؛ تابع نیازمند عملیاتی‌سازی,وابستگی سالم شبکه‌ای با وابستگی اضطراری خلط نشود,راهبرد بلندمدت