row_type,code,ساحت,شاخص عملیاتی برخط,نوع انطباق,is_proxy,منبع,تولیدکننده,شناسه مجموعه‌داده,لینک منبع,URL رسمی,روش دسترسی,تفکیک مکانی,پوشش زمانی,پوشش ایران,پوشش,مقیاس استفاده,اطمینان پوشش و بازتولید,کنترل کیفیت اجباری,QA اجباری,محدودیت/توضیح,تاریخ کنترل منبع,availability_status
online_measure,ONL-001,کالبدی–زیرساختی,میانگین و میانه ارتفاع,مستقیم,False,Copernicus DEM GLO‑30,Copernicus / ESA,COPERNICUS/DEM/GLO30_2024_1,https://developers.google.com/earth-engine/datasets/catalog/COPERNICUS_DEM_GLO30_2024_1,,Copernicus / OpenTopography / Google Earth Engine,۳۰ متر,ایستا؛ انتشار 2024_1,جهانی؛ شامل سراسر ایران,,,۱۰۰٪ برای وجود منبع و امکان محاسبه در محدوده ایران؛ نه تضمین صحت مطلق یا حقیقت زمینی,شیب و مساحت در CRS متریک محلی؛ حفره‌ها/آب‌ها کنترل؛ DSM است و در بافت متراکم اثر بنا دارد.,,,۲۰۲۶-۰۸-۱۸,ONLINE_AVAILABLE
online_measure,ONL-002,کالبدی–زیرساختی,میانگین شیب زمین,مستقیم,False,Copernicus DEM GLO‑30,Copernicus / ESA,COPERNICUS/DEM/GLO30_2024_1,https://developers.google.com/earth-engine/datasets/catalog/COPERNICUS_DEM_GLO30_2024_1,,Copernicus / OpenTopography / Google Earth Engine,۳۰ متر,ایستا؛ انتشار 2024_1,جهانی؛ شامل سراسر ایران,,,۱۰۰٪ برای وجود منبع و امکان محاسبه در محدوده ایران؛ نه تضمین صحت مطلق یا حقیقت زمینی,شیب و مساحت در CRS متریک محلی؛ حفره‌ها/آب‌ها کنترل؛ DSM است و در بافت متراکم اثر بنا دارد.,,,۲۰۲۶-۰۸-۱۸,ONLINE_AVAILABLE
online_measure,ONL-003,کالبدی–زیرساختی,سهم اراضی پرشیب,مستقیم,False,Copernicus DEM GLO‑30,Copernicus / ESA,COPERNICUS/DEM/GLO30_2024_1,https://developers.google.com/earth-engine/datasets/catalog/COPERNICUS_DEM_GLO30_2024_1,,Copernicus / OpenTopography / Google Earth Engine,۳۰ متر,ایستا؛ انتشار 2024_1,جهانی؛ شامل سراسر ایران,,,۱۰۰٪ برای وجود منبع و امکان محاسبه در محدوده ایران؛ نه تضمین صحت مطلق یا حقیقت زمینی,شیب و مساحت در CRS متریک محلی؛ حفره‌ها/آب‌ها کنترل؛ DSM است و در بافت متراکم اثر بنا دارد.,,,۲۰۲۶-۰۸-۱۸,ONLINE_AVAILABLE
online_measure,ONL-004,کالبدی–زیرساختی,سهم زمین مسطح قابل استفاده,عملیاتی‌سازی معتبر,False,Copernicus DEM GLO‑30,Copernicus / ESA,COPERNICUS/DEM/GLO30_2024_1,https://developers.google.com/earth-engine/datasets/catalog/COPERNICUS_DEM_GLO30_2024_1,,Copernicus / OpenTopography / Google Earth Engine,۳۰ متر,ایستا؛ انتشار 2024_1,جهانی؛ شامل سراسر ایران,,,۱۰۰٪ برای وجود منبع و امکان محاسبه در محدوده ایران؛ نه تضمین صحت مطلق یا حقیقت زمینی,شیب و مساحت در CRS متریک محلی؛ حفره‌ها/آب‌ها کنترل؛ DSM است و در بافت متراکم اثر بنا دارد.,,,۲۰۲۶-۰۸-۱۸,ONLINE_AVAILABLE
online_measure,ONL-005,کالبدی–زیرساختی,ناهمواری توپوگرافی (TRI),مستقیم,False,Copernicus DEM GLO‑30,Copernicus / ESA,COPERNICUS/DEM/GLO30_2024_1,https://developers.google.com/earth-engine/datasets/catalog/COPERNICUS_DEM_GLO30_2024_1,,Copernicus / OpenTopography / Google Earth Engine,۳۰ متر,ایستا؛ انتشار 2024_1,جهانی؛ شامل سراسر ایران,,,۱۰۰٪ برای وجود منبع و امکان محاسبه در محدوده ایران؛ نه تضمین صحت مطلق یا حقیقت زمینی,شیب و مساحت در CRS متریک محلی؛ حفره‌ها/آب‌ها کنترل؛ DSM است و در بافت متراکم اثر بنا دارد.,,,۲۰۲۶-۰۸-۱۸,ONLINE_AVAILABLE
online_measure,ONL-006,کالبدی–زیرساختی,دامنه ارتفاع محلی,مستقیم,False,Copernicus DEM GLO‑30,Copernicus / ESA,COPERNICUS/DEM/GLO30_2024_1,https://developers.google.com/earth-engine/datasets/catalog/COPERNICUS_DEM_GLO30_2024_1,,Copernicus / OpenTopography / Google Earth Engine,۳۰ متر,ایستا؛ انتشار 2024_1,جهانی؛ شامل سراسر ایران,,,۱۰۰٪ برای وجود منبع و امکان محاسبه در محدوده ایران؛ نه تضمین صحت مطلق یا حقیقت زمینی,شیب و مساحت در CRS متریک محلی؛ حفره‌ها/آب‌ها کنترل؛ DSM است و در بافت متراکم اثر بنا دارد.,,,۲۰۲۶-۰۸-۱۸,ONLINE_AVAILABLE
online_measure,ONL-007,کالبدی–زیرساختی,سهم مسیرهای تمرکز رواناب,پروکسی شفاف,True,Copernicus DEM GLO‑30,Copernicus / ESA,COPERNICUS/DEM/GLO30_2024_1,https://developers.google.com/earth-engine/datasets/catalog/COPERNICUS_DEM_GLO30_2024_1,,Copernicus / OpenTopography / Google Earth Engine,۳۰ متر,ایستا؛ انتشار 2024_1,جهانی؛ شامل سراسر ایران,,,۱۰۰٪ برای وجود منبع و امکان محاسبه در محدوده ایران؛ نه تضمین صحت مطلق یا حقیقت زمینی,شیب و مساحت در CRS متریک محلی؛ حفره‌ها/آب‌ها کنترل؛ DSM است و در بافت متراکم اثر بنا دارد.,,زیرساخت دفع آب را اندازه نمی‌گیرد؛ فقط استعداد توپوگرافی را نشان می‌دهد.,۲۰۲۶-۰۸-۱۸,ONLINE_AVAILABLE
online_measure,ONL-008,کالبدی–زیرساختی,عمق سیلاب رودخانه‌ای با دوره بازگشت ۱۰۰ سال,عملیاتی‌سازی معتبر,False,JRC Global River Flood Hazard v2.1,Copernicus EMS / JRC,JRC/CEMS_GLOFAS/FloodHazard/v2_1,https://developers.google.com/earth-engine/datasets/catalog/JRC_CEMS_GLOFAS_FloodHazard_v2_1,,Copernicus CEMS / Google Earth Engine,۹۰ متر,لایه خطر ایستا؛ دوره‌های بازگشت ۱۰ تا ۵۰۰ سال,جهانی؛ شامل ایران,,,۱۰۰٪ برای وجود منبع و امکان محاسبه در محدوده ایران؛ نه تضمین صحت مطلق یا حقیقت زمینی,فقط سیلاب رودخانه‌ای؛ سلول spurious_depth حذف؛ با آب دائمی و DEM کنترل شود.,,فقط خطر رودخانه‌ای؛ آب‌گرفتگی ناشی از شبکه زهکشی شهری را پوشش نمی‌دهد.,۲۰۲۶-۰۸-۱۸,ONLINE_AVAILABLE
online_measure,ONL-009,کالبدی–زیرساختی,سهم پهنه در معرض سیلاب ۱۰۰ ساله,عملیاتی‌سازی معتبر,False,JRC Global River Flood Hazard v2.1,Copernicus EMS / JRC,JRC/CEMS_GLOFAS/FloodHazard/v2_1,https://developers.google.com/earth-engine/datasets/catalog/JRC_CEMS_GLOFAS_FloodHazard_v2_1,,Copernicus CEMS / Google Earth Engine,۹۰ متر,لایه خطر ایستا؛ دوره‌های بازگشت ۱۰ تا ۵۰۰ سال,جهانی؛ شامل ایران,,,۱۰۰٪ برای وجود منبع و امکان محاسبه در محدوده ایران؛ نه تضمین صحت مطلق یا حقیقت زمینی,فقط سیلاب رودخانه‌ای؛ سلول spurious_depth حذف؛ با آب دائمی و DEM کنترل شود.,,,۲۰۲۶-۰۸-۱۸,ONLINE_AVAILABLE
online_measure,ONL-010,کالبدی–زیرساختی,شتاب مبنای طرح/خطر لرزه‌ای PGA-475,عملیاتی‌سازی معتبر,False,GEM Global Seismic Hazard Map,Global Earthquake Model Foundation,PGA، احتمال فراگذشت ۱۰٪ در ۵۰ سال، سنگ مرجع,https://doi.org/10.5281/zenodo.8409646,,Zenodo / OpenQuake viewer؛ شرایط مجوز بررسی شود,شبکه جهانی؛ حدود کیلومتری بسته به محصول,نسخه مدل ۲۰۲۳/۲۰۲۶,جهانی؛ شامل ایران,,,۱۰۰٪ برای وجود منبع و امکان محاسبه در محدوده ایران؛ نه تضمین صحت مطلق یا حقیقت زمینی,PGA برای سنگ مرجع است؛ اثر خاک محلی/ریزپهنه‌بندی را جایگزین نمی‌کند؛ نسخه و سناریو ثبت شود.,,جایگزین ریزپهنه‌بندی خاک یا فاصله دقیق از گسل نیست.,۲۰۲۶-۰۸-۱۸,ACCESS_REQUIRED
online_measure,ONL-011,کالبدی–زیرساختی,نرخ رخداد زمین‌لرزه‌های M≥4.5 پیرامون,پروکسی شفاف,True,USGS ComCat Earthquake Catalog,U.S. Geological Survey,FDSN Event Web Service,https://earthquake.usgs.gov/fdsnws/event/1/,,REST API / GeoJSON,رخداد نقطه‌ای,تاریخی تا نزدیک زمان واقعی,جهانی؛ شامل ایران,,,۱۰۰٪ برای وجود منبع و امکان محاسبه در محدوده ایران؛ نه تضمین صحت مطلق یا حقیقت زمینی,آستانه بزرگی و بازه زمانی ثابت؛ رخدادهای تکراری حذف؛ کامل‌بودن کاتالوگ برای دوره/بزرگی گزارش شود.,,,۲۰۲۶-۰۸-۱۸,ONLINE_AVAILABLE
online_measure,ONL-012,کالبدی–زیرساختی,فاصله تا نزدیک‌ترین زمین‌لرزه تاریخی M≥5,پروکسی شفاف,True,USGS ComCat Earthquake Catalog,U.S. Geological Survey,FDSN Event Web Service,https://earthquake.usgs.gov/fdsnws/event/1/,,REST API / GeoJSON,رخداد نقطه‌ای,تاریخی تا نزدیک زمان واقعی,جهانی؛ شامل ایران,,,۱۰۰٪ برای وجود منبع و امکان محاسبه در محدوده ایران؛ نه تضمین صحت مطلق یا حقیقت زمینی,آستانه بزرگی و بازه زمانی ثابت؛ رخدادهای تکراری حذف؛ کامل‌بودن کاتالوگ برای دوره/بزرگی گزارش شود.,,,۲۰۲۶-۰۸-۱۸,ONLINE_AVAILABLE
online_measure,ONL-013,کالبدی–زیرساختی,میانگین فراوانی حضور آب سطحی,مستقیم,False,JRC Global Surface Water v1.4,European Commission JRC,JRC/GSW1_4/GlobalSurfaceWater,https://developers.google.com/earth-engine/datasets/catalog/JRC_GSW1_4_GlobalSurfaceWater,,JRC download / Google Earth Engine,۳۰ متر,۱۹۸۴–۲۰۲۱,جهانی؛ شامل سراسر ایران,,,۱۰۰٪ برای وجود منبع و امکان محاسبه در محدوده ایران؛ نه تضمین صحت مطلق یا حقیقت زمینی,از occurrence، seasonality و change_abs استفاده؛ آب‌های بسیار کوچک‌تر از پیکسل قابل اتکا نیستند.,,,۲۰۲۶-۰۸-۱۸,ONLINE_AVAILABLE
online_measure,ONL-014,کالبدی–زیرساختی,سهم آب دائمی,مستقیم,False,JRC Global Surface Water v1.4,European Commission JRC,JRC/GSW1_4/GlobalSurfaceWater,https://developers.google.com/earth-engine/datasets/catalog/JRC_GSW1_4_GlobalSurfaceWater,,JRC download / Google Earth Engine,۳۰ متر,۱۹۸۴–۲۰۲۱,جهانی؛ شامل سراسر ایران,,,۱۰۰٪ برای وجود منبع و امکان محاسبه در محدوده ایران؛ نه تضمین صحت مطلق یا حقیقت زمینی,از occurrence، seasonality و change_abs استفاده؛ آب‌های بسیار کوچک‌تر از پیکسل قابل اتکا نیستند.,,,۲۰۲۶-۰۸-۱۸,ONLINE_AVAILABLE
online_measure,ONL-015,کالبدی–زیرساختی,سهم آب فصلی,مستقیم,False,JRC Global Surface Water v1.4,European Commission JRC,JRC/GSW1_4/GlobalSurfaceWater,https://developers.google.com/earth-engine/datasets/catalog/JRC_GSW1_4_GlobalSurfaceWater,,JRC download / Google Earth Engine,۳۰ متر,۱۹۸۴–۲۰۲۱,جهانی؛ شامل سراسر ایران,,,۱۰۰٪ برای وجود منبع و امکان محاسبه در محدوده ایران؛ نه تضمین صحت مطلق یا حقیقت زمینی,از occurrence، seasonality و change_abs استفاده؛ آب‌های بسیار کوچک‌تر از پیکسل قابل اتکا نیستند.,,,۲۰۲۶-۰۸-۱۸,ONLINE_AVAILABLE
online_measure,ONL-016,کالبدی–زیرساختی,تغییر سطح آب ۱۹۸۴–۲۰۲۱,مستقیم,False,JRC Global Surface Water v1.4,European Commission JRC,JRC/GSW1_4/GlobalSurfaceWater,https://developers.google.com/earth-engine/datasets/catalog/JRC_GSW1_4_GlobalSurfaceWater,,JRC download / Google Earth Engine,۳۰ متر,۱۹۸۴–۲۰۲۱,جهانی؛ شامل سراسر ایران,,,۱۰۰٪ برای وجود منبع و امکان محاسبه در محدوده ایران؛ نه تضمین صحت مطلق یا حقیقت زمینی,از occurrence، seasonality و change_abs استفاده؛ آب‌های بسیار کوچک‌تر از پیکسل قابل اتکا نیستند.,,,۲۰۲۶-۰۸-۱۸,ONLINE_AVAILABLE
online_measure,ONL-017,کالبدی–زیرساختی,فاصله تا نزدیک‌ترین پهنه آب سطحی پایدار,عملیاتی‌سازی معتبر,False,JRC Global Surface Water v1.4,European Commission JRC,JRC/GSW1_4/GlobalSurfaceWater,https://developers.google.com/earth-engine/datasets/catalog/JRC_GSW1_4_GlobalSurfaceWater,,JRC download / Google Earth Engine,۳۰ متر,۱۹۸۴–۲۰۲۱,جهانی؛ شامل سراسر ایران,,,۱۰۰٪ برای وجود منبع و امکان محاسبه در محدوده ایران؛ نه تضمین صحت مطلق یا حقیقت زمینی,از occurrence، seasonality و change_abs استفاده؛ آب‌های بسیار کوچک‌تر از پیکسل قابل اتکا نیستند.,,,۲۰۲۶-۰۸-۱۸,ONLINE_AVAILABLE
online_measure,ONL-018,کالبدی–زیرساختی,NDVI میانه سالانه,مستقیم,False,Copernicus Sentinel‑2 Level‑2A,ESA / Copernicus,Sentinel‑2 MSI L2A؛ در Earth Engine: COPERNICUS/S2_SR_HARMONIZED,https://dataspace.copernicus.eu/explore-data/data-collections/copernicus-sentinel-missions/sentinel-2,,Copernicus Data Space / STAC / API / Google Earth Engine,۱۰–۲۰ متر,۲۰۱۷–اکنون؛ بازدید اسمی ۵ روزه,پوشش سراسری خشکی ایران,,,۱۰۰٪ برای وجود منبع و امکان محاسبه در محدوده ایران؛ نه تضمین صحت مطلق یا حقیقت زمینی,ماسک SCL/ابر و سایه؛ ترکیب میانه حداقل ۱۰ تصویر معتبر؛ گزارش درصد پیکسل معتبر.,,,۲۰۲۶-۰۸-۱۸,ONLINE_AVAILABLE
online_measure,ONL-019,کالبدی–زیرساختی,صدک ۱۰ NDVI (کف سبزینگی),عملیاتی‌سازی معتبر,False,Copernicus Sentinel‑2 Level‑2A,ESA / Copernicus,Sentinel‑2 MSI L2A؛ در Earth Engine: COPERNICUS/S2_SR_HARMONIZED,https://dataspace.copernicus.eu/explore-data/data-collections/copernicus-sentinel-missions/sentinel-2,,Copernicus Data Space / STAC / API / Google Earth Engine,۱۰–۲۰ متر,۲۰۱۷–اکنون؛ بازدید اسمی ۵ روزه,پوشش سراسری خشکی ایران,,,۱۰۰٪ برای وجود منبع و امکان محاسبه در محدوده ایران؛ نه تضمین صحت مطلق یا حقیقت زمینی,ماسک SCL/ابر و سایه؛ ترکیب میانه حداقل ۱۰ تصویر معتبر؛ گزارش درصد پیکسل معتبر.,,,۲۰۲۶-۰۸-۱۸,ONLINE_AVAILABLE
online_measure,ONL-020,کالبدی–زیرساختی,دامنه فصلی NDVI,عملیاتی‌سازی معتبر,False,Copernicus Sentinel‑2 Level‑2A,ESA / Copernicus,Sentinel‑2 MSI L2A؛ در Earth Engine: COPERNICUS/S2_SR_HARMONIZED,https://dataspace.copernicus.eu/explore-data/data-collections/copernicus-sentinel-missions/sentinel-2,,Copernicus Data Space / STAC / API / Google Earth Engine,۱۰–۲۰ متر,۲۰۱۷–اکنون؛ بازدید اسمی ۵ روزه,پوشش سراسری خشکی ایران,,,۱۰۰٪ برای وجود منبع و امکان محاسبه در محدوده ایران؛ نه تضمین صحت مطلق یا حقیقت زمینی,ماسک SCL/ابر و سایه؛ ترکیب میانه حداقل ۱۰ تصویر معتبر؛ گزارش درصد پیکسل معتبر.,,,۲۰۲۶-۰۸-۱۸,ONLINE_AVAILABLE
online_measure,ONL-021,کالبدی–زیرساختی,سهم پوشش گیاهی,مستقیم,False,ESA WorldCover 2021 v200,European Space Agency,ESA/WorldCover/v200,https://esa-worldcover.org/en,,COG download / viewer / Google Earth Engine,۱۰ متر,خط مبنای ۲۰۲۱,جهانی؛ شامل سراسر ایران,,,۱۰۰٪ برای وجود منبع و امکان محاسبه در محدوده ایران؛ نه تضمین صحت مطلق یا حقیقت زمینی,استفاده از نسخه v200؛ گزارش کلاس‌های غالب و مساحت پیکسل پس از بازفرافکنی مساحت‌برابر.,,,۲۰۲۶-۰۸-۱۸,ONLINE_AVAILABLE
online_measure,ONL-022,کالبدی–زیرساختی / هنجاری–ادراکی,سهم پوشش درختی,مستقیم,False,ESA WorldCover 2021 v200,European Space Agency,ESA/WorldCover/v200,https://esa-worldcover.org/en,,COG download / viewer / Google Earth Engine,۱۰ متر,خط مبنای ۲۰۲۱,جهانی؛ شامل سراسر ایران,,,۱۰۰٪ برای وجود منبع و امکان محاسبه در محدوده ایران؛ نه تضمین صحت مطلق یا حقیقت زمینی,استفاده از نسخه v200؛ گزارش کلاس‌های غالب و مساحت پیکسل پس از بازفرافکنی مساحت‌برابر.,,,۲۰۲۶-۰۸-۱۸,ONLINE_AVAILABLE
online_measure,ONL-023,کالبدی–زیرساختی / رفتاری–اجتماعی,نرخ حذف پوشش درختی از ۲۰۰۰,عملیاتی‌سازی معتبر,False,Hansen Global Forest Change,University of Maryland / Global Forest Watch,Global Forest Change 2000–2024/2025,https://data.globalforestwatch.org/documents/85caa1aa8de2422894f6c1f11ae1d524,,GeoTIFF / Global Forest Watch / Google Earth Engine,۳۰ متر,۲۰۰۰–۲۰۲۴/۲۰۲۵؛ سالانه,جهانی؛ شامل ایران,,,۱۰۰٪ برای وجود منبع و امکان محاسبه در محدوده ایران؛ نه تضمین صحت مطلق یا حقیقت زمینی,آستانه treecover2000 از پیش تعیین شود (مثلاً ۲۰٪)؛ loss «حذف پوشش درختی» است نه الزاماً جنگل.,,,۲۰۲۶-۰۸-۱۸,ONLINE_AVAILABLE
online_measure,ONL-024,رفتاری–اجتماعی,روند احتمال پوشش درختی ۲۰۱۶–اکنون,عملیاتی‌سازی معتبر,False,Dynamic World V1,Google / World Resources Institute,GOOGLE/DYNAMICWORLD/V1,https://developers.google.com/earth-engine/datasets/catalog/GOOGLE_DYNAMICWORLD_V1,,Google Earth Engine,۱۰ متر,۲۰۱۵–اکنون؛ نزدیک به زمان واقعی,جهانی؛ شامل سراسر ایران,,,۱۰۰٪ برای وجود منبع و امکان محاسبه در محدوده ایران؛ نه تضمین صحت مطلق یا حقیقت زمینی,حذف ابر؛ استفاده از احتمال کلاس و نه فقط label؛ حداقل احتمال ۰٫۶ و ترکیب سالانه.,,,۲۰۲۶-۰۸-۱۸,ONLINE_AVAILABLE
online_measure,ONL-025,کالبدی–زیرساختی / رفتاری–اجتماعی,سرانه پوشش سبز,عملیاتی‌سازی معتبر,False,ESA WorldCover 2021 v200,European Space Agency,ESA/WorldCover/v200,https://esa-worldcover.org/en,,COG download / viewer / Google Earth Engine,۱۰ متر,خط مبنای ۲۰۲۱,جهانی؛ شامل سراسر ایران,,,۱۰۰٪ برای وجود منبع و امکان محاسبه در محدوده ایران؛ نه تضمین صحت مطلق یا حقیقت زمینی,استفاده از نسخه v200؛ گزارش کلاس‌های غالب و مساحت پیکسل پس از بازفرافکنی مساحت‌برابر.,,ماهواره مالکیت عمومی/خصوصی را تشخیص نمی‌دهد؛ «همه سبز» با «سبز عمومی» یکی نیست.,۲۰۲۶-۰۸-۱۸,ONLINE_AVAILABLE
online_measure,ONL-026,رفتاری–اجتماعی,تغییر مساحت سبز,عملیاتی‌سازی معتبر,False,Dynamic World V1,Google / World Resources Institute,GOOGLE/DYNAMICWORLD/V1,https://developers.google.com/earth-engine/datasets/catalog/GOOGLE_DYNAMICWORLD_V1,,Google Earth Engine,۱۰ متر,۲۰۱۵–اکنون؛ نزدیک به زمان واقعی,جهانی؛ شامل سراسر ایران,,,۱۰۰٪ برای وجود منبع و امکان محاسبه در محدوده ایران؛ نه تضمین صحت مطلق یا حقیقت زمینی,حذف ابر؛ استفاده از احتمال کلاس و نه فقط label؛ حداقل احتمال ۰٫۶ و ترکیب سالانه.,,,۲۰۲۶-۰۸-۱۸,ONLINE_AVAILABLE
online_measure,ONL-027,کالبدی–زیرساختی,فاصله جمعیت‌وزن‌دار تا لکه سبز,پروکسی شفاف,True,ESA WorldCover 2021 v200,European Space Agency,ESA/WorldCover/v200,https://esa-worldcover.org/en,,COG download / viewer / Google Earth Engine,۱۰ متر,خط مبنای ۲۰۲۱,جهانی؛ شامل سراسر ایران,,,۱۰۰٪ برای وجود منبع و امکان محاسبه در محدوده ایران؛ نه تضمین صحت مطلق یا حقیقت زمینی,استفاده از نسخه v200؛ گزارش کلاس‌های غالب و مساحت پیکسل پس از بازفرافکنی مساحت‌برابر.,,شبکه پیاده و عمومی‌بودن فضا را نمی‌سنجد؛ فاصله اقلیدسی است.,۲۰۲۶-۰۸-۱۸,ONLINE_AVAILABLE
online_measure,ONL-028,کالبدی–زیرساختی,تراکم لکه‌های سبز/گسیختگی,عملیاتی‌سازی معتبر,False,ESA WorldCover 2021 v200,European Space Agency,ESA/WorldCover/v200,https://esa-worldcover.org/en,,COG download / viewer / Google Earth Engine,۱۰ متر,خط مبنای ۲۰۲۱,جهانی؛ شامل سراسر ایران,,,۱۰۰٪ برای وجود منبع و امکان محاسبه در محدوده ایران؛ نه تضمین صحت مطلق یا حقیقت زمینی,استفاده از نسخه v200؛ گزارش کلاس‌های غالب و مساحت پیکسل پس از بازفرافکنی مساحت‌برابر.,,,۲۰۲۶-۰۸-۱۸,ONLINE_AVAILABLE
online_measure,ONL-029,کالبدی–زیرساختی,سهم اراضی کشاورزی,مستقیم,False,ESA WorldCover 2021 v200,European Space Agency,ESA/WorldCover/v200,https://esa-worldcover.org/en,,COG download / viewer / Google Earth Engine,۱۰ متر,خط مبنای ۲۰۲۱,جهانی؛ شامل سراسر ایران,,,۱۰۰٪ برای وجود منبع و امکان محاسبه در محدوده ایران؛ نه تضمین صحت مطلق یا حقیقت زمینی,استفاده از نسخه v200؛ گزارش کلاس‌های غالب و مساحت پیکسل پس از بازفرافکنی مساحت‌برابر.,,,۲۰۲۶-۰۸-۱۸,ONLINE_AVAILABLE
online_measure,ONL-030,کالبدی–زیرساختی,سهم زمین بایر یا کم‌پوشش,مستقیم,False,ESA WorldCover 2021 v200,European Space Agency,ESA/WorldCover/v200,https://esa-worldcover.org/en,,COG download / viewer / Google Earth Engine,۱۰ متر,خط مبنای ۲۰۲۱,جهانی؛ شامل سراسر ایران,,,۱۰۰٪ برای وجود منبع و امکان محاسبه در محدوده ایران؛ نه تضمین صحت مطلق یا حقیقت زمینی,استفاده از نسخه v200؛ گزارش کلاس‌های غالب و مساحت پیکسل پس از بازفرافکنی مساحت‌برابر.,,,۲۰۲۶-۰۸-۱۸,ONLINE_AVAILABLE
online_measure,ONL-031,کالبدی–زیرساختی,سهم فضای باز مسطحِ غیرساخته,پروکسی شفاف,True,ESA WorldCover 2021 v200,European Space Agency,ESA/WorldCover/v200,https://esa-worldcover.org/en,,COG download / viewer / Google Earth Engine,۱۰ متر,خط مبنای ۲۰۲۱,جهانی؛ شامل سراسر ایران,,,۱۰۰٪ برای وجود منبع و امکان محاسبه در محدوده ایران؛ نه تضمین صحت مطلق یا حقیقت زمینی,استفاده از نسخه v200؛ گزارش کلاس‌های غالب و مساحت پیکسل پس از بازفرافکنی مساحت‌برابر.,,عمومی‌بودن و قابلیت حقوقی استفاده را نشان نمی‌دهد.,۲۰۲۶-۰۸-۱۸,ONLINE_AVAILABLE
online_measure,ONL-032,کالبدی–زیرساختی,آنتروپی شانون پوشش زمین,عملیاتی‌سازی معتبر,False,ESA WorldCover 2021 v200,European Space Agency,ESA/WorldCover/v200,https://esa-worldcover.org/en,,COG download / viewer / Google Earth Engine,۱۰ متر,خط مبنای ۲۰۲۱,جهانی؛ شامل سراسر ایران,,,۱۰۰٪ برای وجود منبع و امکان محاسبه در محدوده ایران؛ نه تضمین صحت مطلق یا حقیقت زمینی,استفاده از نسخه v200؛ گزارش کلاس‌های غالب و مساحت پیکسل پس از بازفرافکنی مساحت‌برابر.,,,۲۰۲۶-۰۸-۱۸,ONLINE_AVAILABLE
online_measure,ONL-033,کالبدی–زیرساختی,غنای کلاس‌های پوشش زمین,عملیاتی‌سازی معتبر,False,ESA WorldCover 2021 v200,European Space Agency,ESA/WorldCover/v200,https://esa-worldcover.org/en,,COG download / viewer / Google Earth Engine,۱۰ متر,خط مبنای ۲۰۲۱,جهانی؛ شامل سراسر ایران,,,۱۰۰٪ برای وجود منبع و امکان محاسبه در محدوده ایران؛ نه تضمین صحت مطلق یا حقیقت زمینی,استفاده از نسخه v200؛ گزارش کلاس‌های غالب و مساحت پیکسل پس از بازفرافکنی مساحت‌برابر.,,,۲۰۲۶-۰۸-۱۸,ONLINE_AVAILABLE
online_measure,ONL-034,کالبدی–زیرساختی,سهم سطح ساخته‌شده ۱۰ متری,مستقیم,False,ESA WorldCover 2021 v200,European Space Agency,ESA/WorldCover/v200,https://esa-worldcover.org/en,,COG download / viewer / Google Earth Engine,۱۰ متر,خط مبنای ۲۰۲۱,جهانی؛ شامل سراسر ایران,,,۱۰۰٪ برای وجود منبع و امکان محاسبه در محدوده ایران؛ نه تضمین صحت مطلق یا حقیقت زمینی,استفاده از نسخه v200؛ گزارش کلاس‌های غالب و مساحت پیکسل پس از بازفرافکنی مساحت‌برابر.,,,۲۰۲۶-۰۸-۱۸,ONLINE_AVAILABLE
online_measure,ONL-035,کالبدی–زیرساختی,میانگین احتمال ساخته‌شده,عملیاتی‌سازی معتبر,False,Dynamic World V1,Google / World Resources Institute,GOOGLE/DYNAMICWORLD/V1,https://developers.google.com/earth-engine/datasets/catalog/GOOGLE_DYNAMICWORLD_V1,,Google Earth Engine,۱۰ متر,۲۰۱۵–اکنون؛ نزدیک به زمان واقعی,جهانی؛ شامل سراسر ایران,,,۱۰۰٪ برای وجود منبع و امکان محاسبه در محدوده ایران؛ نه تضمین صحت مطلق یا حقیقت زمینی,حذف ابر؛ استفاده از احتمال کلاس و نه فقط label؛ حداقل احتمال ۰٫۶ و ترکیب سالانه.,,,۲۰۲۶-۰۸-۱۸,ONLINE_AVAILABLE
online_measure,ONL-036,کالبدی–زیرساختی,تراکم سطح ساخته‌شده GHSL,مستقیم,False,GHSL Built‑up Surface P2023A,European Commission JRC,JRC/GHSL/P2023A/GHS_BUILT_S,https://developers.google.com/earth-engine/datasets/catalog/JRC_GHSL_P2023A_GHS_BUILT_S,,JRC download / Google Earth Engine,۱۰۰ متر,۱۹۷۵–۲۰۳۰ در گام ۵‌ساله؛ ۲۰۲۵/۲۰۳۰ برآوردی,جهانی؛ شامل سراسر ایران,,,۱۰۰٪ برای وجود منبع و امکان محاسبه در محدوده ایران؛ نه تضمین صحت مطلق یا حقیقت زمینی,برای وضعیت مشاهده‌شده حداکثر تا ۲۰۲۰؛ ۲۰۲۵/۲۰۳۰ فقط با برچسب برآورد؛ کنترل سازگاری با WorldCover.,,,۲۰۲۶-۰۸-۱۸,ONLINE_AVAILABLE
online_measure,ONL-037,کالبدی–زیرساختی / رفتاری–اجتماعی,سطح ساخته‌شده به ازای جمعیت,عملیاتی‌سازی معتبر,False,GHSL Built‑up Surface P2023A,European Commission JRC,JRC/GHSL/P2023A/GHS_BUILT_S,https://developers.google.com/earth-engine/datasets/catalog/JRC_GHSL_P2023A_GHS_BUILT_S,,JRC download / Google Earth Engine,۱۰۰ متر,۱۹۷۵–۲۰۳۰ در گام ۵‌ساله؛ ۲۰۲۵/۲۰۳۰ برآوردی,جهانی؛ شامل سراسر ایران,,,۱۰۰٪ برای وجود منبع و امکان محاسبه در محدوده ایران؛ نه تضمین صحت مطلق یا حقیقت زمینی,برای وضعیت مشاهده‌شده حداکثر تا ۲۰۲۰؛ ۲۰۲۵/۲۰۳۰ فقط با برچسب برآورد؛ کنترل سازگاری با WorldCover.,,,۲۰۲۶-۰۸-۱۸,ONLINE_AVAILABLE
online_measure,ONL-038,کالبدی–زیرساختی / رفتاری–اجتماعی,حجم ساخته‌شده به ازای جمعیت,عملیاتی‌سازی معتبر,False,GHSL Built‑up Volume & Height P2023A,European Commission JRC,JRC/GHSL/P2023A/GHS_BUILT_V و GHS_BUILT_H,https://developers.google.com/earth-engine/datasets/catalog/JRC_GHSL_P2023A_GHS_BUILT_V,,JRC download / Google Earth Engine,۱۰۰ متر,۱۹۷۵–۲۰۳۰ در گام ۵‌ساله,جهانی؛ شامل سراسر ایران,,,۱۰۰٪ برای وجود منبع و امکان محاسبه در محدوده ایران؛ نه تضمین صحت مطلق یا حقیقت زمینی,حذف سلول‌های built=0؛ گزارش میانه و IQR ارتفاع؛ ۲۰۲۵/۲۰۳۰ به‌عنوان برآورد.,,,۲۰۲۶-۰۸-۱۸,ONLINE_AVAILABLE
online_measure,ONL-039,کالبدی–زیرساختی,ارتفاع میانگین مؤثر بنا,عملیاتی‌سازی معتبر,False,GHSL Built‑up Volume & Height P2023A,European Commission JRC,JRC/GHSL/P2023A/GHS_BUILT_V و GHS_BUILT_H,https://developers.google.com/earth-engine/datasets/catalog/JRC_GHSL_P2023A_GHS_BUILT_V,,JRC download / Google Earth Engine,۱۰۰ متر,۱۹۷۵–۲۰۳۰ در گام ۵‌ساله,جهانی؛ شامل سراسر ایران,,,۱۰۰٪ برای وجود منبع و امکان محاسبه در محدوده ایران؛ نه تضمین صحت مطلق یا حقیقت زمینی,حذف سلول‌های built=0؛ گزارش میانه و IQR ارتفاع؛ ۲۰۲۵/۲۰۳۰ به‌عنوان برآورد.,,,۲۰۲۶-۰۸-۱۸,ONLINE_AVAILABLE
online_measure,ONL-040,کالبدی–زیرساختی,سهم حجم غیرمسکونی,پروکسی شفاف,True,GHSL Built‑up Volume & Height P2023A,European Commission JRC,JRC/GHSL/P2023A/GHS_BUILT_V و GHS_BUILT_H,https://developers.google.com/earth-engine/datasets/catalog/JRC_GHSL_P2023A_GHS_BUILT_V,,JRC download / Google Earth Engine,۱۰۰ متر,۱۹۷۵–۲۰۳۰ در گام ۵‌ساله,جهانی؛ شامل سراسر ایران,,,۱۰۰٪ برای وجود منبع و امکان محاسبه در محدوده ایران؛ نه تضمین صحت مطلق یا حقیقت زمینی,حذف سلول‌های built=0؛ گزارش میانه و IQR ارتفاع؛ ۲۰۲۵/۲۰۳۰ به‌عنوان برآورد.,,,۲۰۲۶-۰۸-۱۸,ONLINE_AVAILABLE
online_measure,ONL-041,کالبدی–زیرساختی / رفتاری–اجتماعی,سن غالب سطح ساخته‌شده,عملیاتی‌سازی معتبر,False,GHSL Built‑up Surface P2023A,European Commission JRC,JRC/GHSL/P2023A/GHS_BUILT_S,https://developers.google.com/earth-engine/datasets/catalog/JRC_GHSL_P2023A_GHS_BUILT_S,,JRC download / Google Earth Engine,۱۰۰ متر,۱۹۷۵–۲۰۳۰ در گام ۵‌ساله؛ ۲۰۲۵/۲۰۳۰ برآوردی,جهانی؛ شامل سراسر ایران,,,۱۰۰٪ برای وجود منبع و امکان محاسبه در محدوده ایران؛ نه تضمین صحت مطلق یا حقیقت زمینی,برای وضعیت مشاهده‌شده حداکثر تا ۲۰۲۰؛ ۲۰۲۵/۲۰۳۰ فقط با برچسب برآورد؛ کنترل سازگاری با WorldCover.,,سن «سطح ساخته‌شده غالب» است، نه سن ثبتی تک‌ساختمان.,۲۰۲۶-۰۸-۱۸,ONLINE_AVAILABLE
online_measure,ONL-042,کالبدی–زیرساختی,سهم ساخت جدید ۲۰۱۵–۲۰۲۰,عملیاتی‌سازی معتبر,False,GHSL Built‑up Surface P2023A,European Commission JRC,JRC/GHSL/P2023A/GHS_BUILT_S,https://developers.google.com/earth-engine/datasets/catalog/JRC_GHSL_P2023A_GHS_BUILT_S,,JRC download / Google Earth Engine,۱۰۰ متر,۱۹۷۵–۲۰۳۰ در گام ۵‌ساله؛ ۲۰۲۵/۲۰۳۰ برآوردی,جهانی؛ شامل سراسر ایران,,,۱۰۰٪ برای وجود منبع و امکان محاسبه در محدوده ایران؛ نه تضمین صحت مطلق یا حقیقت زمینی,برای وضعیت مشاهده‌شده حداکثر تا ۲۰۲۰؛ ۲۰۲۵/۲۰۳۰ فقط با برچسب برآورد؛ کنترل سازگاری با WorldCover.,,,۲۰۲۶-۰۸-۱۸,ONLINE_AVAILABLE
online_measure,ONL-043,کالبدی–زیرساختی / رفتاری–اجتماعی,نرخ رشد سالانه سطح ساخته‌شده ۲۰۰۰–۲۰۲۰,مستقیم,False,GHSL Built‑up Surface P2023A,European Commission JRC,JRC/GHSL/P2023A/GHS_BUILT_S,https://developers.google.com/earth-engine/datasets/catalog/JRC_GHSL_P2023A_GHS_BUILT_S,,JRC download / Google Earth Engine,۱۰۰ متر,۱۹۷۵–۲۰۳۰ در گام ۵‌ساله؛ ۲۰۲۵/۲۰۳۰ برآوردی,جهانی؛ شامل سراسر ایران,,,۱۰۰٪ برای وجود منبع و امکان محاسبه در محدوده ایران؛ نه تضمین صحت مطلق یا حقیقت زمینی,برای وضعیت مشاهده‌شده حداکثر تا ۲۰۲۰؛ ۲۰۲۵/۲۰۳۰ فقط با برچسب برآورد؛ کنترل سازگاری با WorldCover.,,,۲۰۲۶-۰۸-۱۸,ONLINE_AVAILABLE
online_measure,ONL-044,کالبدی–زیرساختی / رفتاری–اجتماعی,فشردگی لکه اصلی ساخته‌شده,عملیاتی‌سازی معتبر,False,ESA WorldCover 2021 v200,European Space Agency,ESA/WorldCover/v200,https://esa-worldcover.org/en,,COG download / viewer / Google Earth Engine,۱۰ متر,خط مبنای ۲۰۲۱,جهانی؛ شامل سراسر ایران,,,۱۰۰٪ برای وجود منبع و امکان محاسبه در محدوده ایران؛ نه تضمین صحت مطلق یا حقیقت زمینی,استفاده از نسخه v200؛ گزارش کلاس‌های غالب و مساحت پیکسل پس از بازفرافکنی مساحت‌برابر.,,,۲۰۲۶-۰۸-۱۸,ONLINE_AVAILABLE
online_measure,ONL-045,کالبدی–زیرساختی / رفتاری–اجتماعی,آنتروپی فضایی پراکنده‌رویی,مستقیم,False,GHSL Built‑up Surface P2023A,European Commission JRC,JRC/GHSL/P2023A/GHS_BUILT_S,https://developers.google.com/earth-engine/datasets/catalog/JRC_GHSL_P2023A_GHS_BUILT_S,,JRC download / Google Earth Engine,۱۰۰ متر,۱۹۷۵–۲۰۳۰ در گام ۵‌ساله؛ ۲۰۲۵/۲۰۳۰ برآوردی,جهانی؛ شامل سراسر ایران,,,۱۰۰٪ برای وجود منبع و امکان محاسبه در محدوده ایران؛ نه تضمین صحت مطلق یا حقیقت زمینی,برای وضعیت مشاهده‌شده حداکثر تا ۲۰۲۰؛ ۲۰۲۵/۲۰۳۰ فقط با برچسب برآورد؛ کنترل سازگاری با WorldCover.,,,۲۰۲۶-۰۸-۱۸,ONLINE_AVAILABLE
online_measure,ONL-046,کالبدی–زیرساختی,شاخص تک‌هسته‌ای بودن,عملیاتی‌سازی معتبر,False,GHSL Built‑up Surface P2023A,European Commission JRC,JRC/GHSL/P2023A/GHS_BUILT_S,https://developers.google.com/earth-engine/datasets/catalog/JRC_GHSL_P2023A_GHS_BUILT_S,,JRC download / Google Earth Engine,۱۰۰ متر,۱۹۷۵–۲۰۳۰ در گام ۵‌ساله؛ ۲۰۲۵/۲۰۳۰ برآوردی,جهانی؛ شامل سراسر ایران,,,۱۰۰٪ برای وجود منبع و امکان محاسبه در محدوده ایران؛ نه تضمین صحت مطلق یا حقیقت زمینی,برای وضعیت مشاهده‌شده حداکثر تا ۲۰۲۰؛ ۲۰۲۵/۲۰۳۰ فقط با برچسب برآورد؛ کنترل سازگاری با WorldCover.,,,۲۰۲۶-۰۸-۱۸,ONLINE_AVAILABLE
online_measure,ONL-047,کالبدی–زیرساختی,تراکم لبه بافت ساخته‌شده,عملیاتی‌سازی معتبر,False,ESA WorldCover 2021 v200,European Space Agency,ESA/WorldCover/v200,https://esa-worldcover.org/en,,COG download / viewer / Google Earth Engine,۱۰ متر,خط مبنای ۲۰۲۱,جهانی؛ شامل سراسر ایران,,,۱۰۰٪ برای وجود منبع و امکان محاسبه در محدوده ایران؛ نه تضمین صحت مطلق یا حقیقت زمینی,استفاده از نسخه v200؛ گزارش کلاس‌های غالب و مساحت پیکسل پس از بازفرافکنی مساحت‌برابر.,,,۲۰۲۶-۰۸-۱۸,ONLINE_AVAILABLE
online_measure,ONL-048,کالبدی–زیرساختی / رفتاری–اجتماعی,تراکم سکونتی حجمی (پروکسی),پروکسی شفاف,True,GHSL Built‑up Volume & Height P2023A,European Commission JRC,JRC/GHSL/P2023A/GHS_BUILT_V و GHS_BUILT_H,https://developers.google.com/earth-engine/datasets/catalog/JRC_GHSL_P2023A_GHS_BUILT_V,,JRC download / Google Earth Engine,۱۰۰ متر,۱۹۷۵–۲۰۳۰ در گام ۵‌ساله,جهانی؛ شامل سراسر ایران,,,۱۰۰٪ برای وجود منبع و امکان محاسبه در محدوده ایران؛ نه تضمین صحت مطلق یا حقیقت زمینی,حذف سلول‌های built=0؛ گزارش میانه و IQR ارتفاع؛ ۲۰۲۵/۲۰۳۰ به‌عنوان برآورد.,,جایگزین نفر/اتاق یا داده ثبتی مسکن نیست.,۲۰۲۶-۰۸-۱۸,ONLINE_AVAILABLE
online_measure,ONL-049,کالبدی–زیرساختی / رفتاری–اجتماعی,جمعیت برآوردی محله,مستقیم,False,WorldPop Iran Population,WorldPop / University of Southampton,Iran 100m Population؛ Earth Engine: WorldPop/GP/100m/pop,https://hub.worldpop.org/geodata/summary?id=26855,,GeoTIFF download / STAC / Google Earth Engine,تقریباً ۱۰۰ متر,۲۰۰۰–۲۰۲۰؛ برآوردهای سالانه حسب نسخه,کل ایران,,,۱۰۰٪ برای وجود منبع و امکان محاسبه در محدوده ایران؛ نه تضمین صحت مطلق یا حقیقت زمینی,نسخه constrained ترجیح دارد؛ مجموع با سطح اداری کنترل؛ نتیجه «برآورد مدل‌شده» برچسب بخورد.,,,۲۰۲۶-۰۸-۱۸,ONLINE_AVAILABLE
online_measure,ONL-050,کالبدی–زیرساختی / رفتاری–اجتماعی,تراکم جمعیت,مستقیم,False,WorldPop Iran Population,WorldPop / University of Southampton,Iran 100m Population؛ Earth Engine: WorldPop/GP/100m/pop,https://hub.worldpop.org/geodata/summary?id=26855,,GeoTIFF download / STAC / Google Earth Engine,تقریباً ۱۰۰ متر,۲۰۰۰–۲۰۲۰؛ برآوردهای سالانه حسب نسخه,کل ایران,,,۱۰۰٪ برای وجود منبع و امکان محاسبه در محدوده ایران؛ نه تضمین صحت مطلق یا حقیقت زمینی,نسخه constrained ترجیح دارد؛ مجموع با سطح اداری کنترل؛ نتیجه «برآورد مدل‌شده» برچسب بخورد.,,,۲۰۲۶-۰۸-۱۸,ONLINE_AVAILABLE
online_measure,ONL-051,رفتاری–اجتماعی,نرخ تغییر جمعیت ۲۰۰۰–۲۰۲۰,مستقیم,False,WorldPop Iran Population,WorldPop / University of Southampton,Iran 100m Population؛ Earth Engine: WorldPop/GP/100m/pop,https://hub.worldpop.org/geodata/summary?id=26855,,GeoTIFF download / STAC / Google Earth Engine,تقریباً ۱۰۰ متر,۲۰۰۰–۲۰۲۰؛ برآوردهای سالانه حسب نسخه,کل ایران,,,۱۰۰٪ برای وجود منبع و امکان محاسبه در محدوده ایران؛ نه تضمین صحت مطلق یا حقیقت زمینی,نسخه constrained ترجیح دارد؛ مجموع با سطح اداری کنترل؛ نتیجه «برآورد مدل‌شده» برچسب بخورد.,,,۲۰۲۶-۰۸-۱۸,ONLINE_AVAILABLE
online_measure,ONL-052,رفتاری–اجتماعی,سهم جمعیت جوان ۱۵–۲۹ سال,مستقیم,False,WorldPop Iran Age & Sex Structures,WorldPop / University of Southampton,Iran 100m Age structures 2020؛ WorldPop/GP/100m/pop_age_sex,https://hub.worldpop.org/geodata/summary?id=16851,,GeoTIFF / STAC / Google Earth Engine,تقریباً ۱۰۰ متر,۲۰۲۰ (و نسخه‌های ۲۰۱۵–۲۰۳۰ در STAC جدید),کل ایران,,,۱۰۰٪ برای وجود منبع و امکان محاسبه در محدوده ایران؛ نه تضمین صحت مطلق یا حقیقت زمینی,جمع گروه‌های سنی/جنسی باید با کل جمعیت همان نسخه برابر باشد؛ از اختلاط نسخه‌های مختلف پرهیز شود.,,,۲۰۲۶-۰۸-۱۸,ONLINE_AVAILABLE
online_measure,ONL-053,رفتاری–اجتماعی,سهم کودکان ۰–۱۴ سال,عملیاتی‌سازی معتبر,False,WorldPop Iran Age & Sex Structures,WorldPop / University of Southampton,Iran 100m Age structures 2020؛ WorldPop/GP/100m/pop_age_sex,https://hub.worldpop.org/geodata/summary?id=16851,,GeoTIFF / STAC / Google Earth Engine,تقریباً ۱۰۰ متر,۲۰۲۰ (و نسخه‌های ۲۰۱۵–۲۰۳۰ در STAC جدید),کل ایران,,,۱۰۰٪ برای وجود منبع و امکان محاسبه در محدوده ایران؛ نه تضمین صحت مطلق یا حقیقت زمینی,جمع گروه‌های سنی/جنسی باید با کل جمعیت همان نسخه برابر باشد؛ از اختلاط نسخه‌های مختلف پرهیز شود.,,,۲۰۲۶-۰۸-۱۸,ONLINE_AVAILABLE
online_measure,ONL-054,رفتاری–اجتماعی,سهم سالمندان ۶۵ سال و بیشتر,عملیاتی‌سازی معتبر,False,WorldPop Iran Age & Sex Structures,WorldPop / University of Southampton,Iran 100m Age structures 2020؛ WorldPop/GP/100m/pop_age_sex,https://hub.worldpop.org/geodata/summary?id=16851,,GeoTIFF / STAC / Google Earth Engine,تقریباً ۱۰۰ متر,۲۰۲۰ (و نسخه‌های ۲۰۱۵–۲۰۳۰ در STAC جدید),کل ایران,,,۱۰۰٪ برای وجود منبع و امکان محاسبه در محدوده ایران؛ نه تضمین صحت مطلق یا حقیقت زمینی,جمع گروه‌های سنی/جنسی باید با کل جمعیت همان نسخه برابر باشد؛ از اختلاط نسخه‌های مختلف پرهیز شود.,,,۲۰۲۶-۰۸-۱۸,ONLINE_AVAILABLE
online_measure,ONL-055,رفتاری–اجتماعی,نسبت جنسی,مستقیم,False,WorldPop Iran Age & Sex Structures,WorldPop / University of Southampton,Iran 100m Age structures 2020؛ WorldPop/GP/100m/pop_age_sex,https://hub.worldpop.org/geodata/summary?id=16851,,GeoTIFF / STAC / Google Earth Engine,تقریباً ۱۰۰ متر,۲۰۲۰ (و نسخه‌های ۲۰۱۵–۲۰۳۰ در STAC جدید),کل ایران,,,۱۰۰٪ برای وجود منبع و امکان محاسبه در محدوده ایران؛ نه تضمین صحت مطلق یا حقیقت زمینی,جمع گروه‌های سنی/جنسی باید با کل جمعیت همان نسخه برابر باشد؛ از اختلاط نسخه‌های مختلف پرهیز شود.,,,۲۰۲۶-۰۸-۱۸,ONLINE_AVAILABLE
online_measure,ONL-056,رفتاری–اجتماعی,نسبت وابستگی سنی,مستقیم,False,WorldPop Iran Age & Sex Structures,WorldPop / University of Southampton,Iran 100m Age structures 2020؛ WorldPop/GP/100m/pop_age_sex,https://hub.worldpop.org/geodata/summary?id=16851,,GeoTIFF / STAC / Google Earth Engine,تقریباً ۱۰۰ متر,۲۰۲۰ (و نسخه‌های ۲۰۱۵–۲۰۳۰ در STAC جدید),کل ایران,,,۱۰۰٪ برای وجود منبع و امکان محاسبه در محدوده ایران؛ نه تضمین صحت مطلق یا حقیقت زمینی,جمع گروه‌های سنی/جنسی باید با کل جمعیت همان نسخه برابر باشد؛ از اختلاط نسخه‌های مختلف پرهیز شود.,,,۲۰۲۶-۰۸-۱۸,ONLINE_AVAILABLE
online_measure,ONL-057,رفتاری–اجتماعی,درجه شهرنشینی/گونه سکونت,مستقیم,False,GHSL Degree of Urbanisation,European Commission JRC,JRC/GHSL/P2023A/GHS_SMOD_V2-0,https://developers.google.com/earth-engine/datasets/catalog/JRC_GHSL_P2023A_GHS_SMOD_V2-0,,JRC download / Google Earth Engine,۱ کیلومتر,۱۹۷۵–۲۰۳۰ در گام ۵‌ساله,جهانی؛ شامل سراسر ایران,,,۱۰۰٪ برای وجود منبع و امکان محاسبه در محدوده ایران؛ نه تضمین صحت مطلق یا حقیقت زمینی,کلاس جمعیت‌وزن‌دار گزارش شود؛ در محله کوچک، از آن فقط به‌عنوان زمینه شهری/روستایی استفاده شود.,,,۲۰۲۶-۰۸-۱۸,ONLINE_AVAILABLE
online_measure,ONL-058,کالبدی–زیرساختی / رفتاری–اجتماعی,میانه دمای سطح زمین در تابستان,عملیاتی‌سازی معتبر,False,USGS Landsat Collection 2 Level‑2,USGS / NASA,LANDSAT/LC08/C02/T1_L2 و LC09,https://www.usgs.gov/landsat-missions/landsat-collection-2-surface-temperature,,USGS EarthExplorer / AWS STAC / Google Earth Engine,۳۰ متر,۱۹۸۴–اکنون؛ Landsat 8/9 برای LST از ۲۰۱۳,جهانی؛ شامل سراسر ایران,,,۱۰۰٪ برای وجود منبع و امکان محاسبه در محدوده ایران؛ نه تضمین صحت مطلق یا حقیقت زمینی,QA_PIXEL و QA_RADSAT؛ ابر/سایه حذف؛ برای LST فقط ST_QA معتبر و حداقل ۵ مشاهده فصل.,,,۲۰۲۶-۰۸-۱۸,ONLINE_AVAILABLE
online_measure,ONL-059,کالبدی–زیرساختی / رفتاری–اجتماعی,سهم نقاط داغ سطحی,عملیاتی‌سازی معتبر,False,USGS Landsat Collection 2 Level‑2,USGS / NASA,LANDSAT/LC08/C02/T1_L2 و LC09,https://www.usgs.gov/landsat-missions/landsat-collection-2-surface-temperature,,USGS EarthExplorer / AWS STAC / Google Earth Engine,۳۰ متر,۱۹۸۴–اکنون؛ Landsat 8/9 برای LST از ۲۰۱۳,جهانی؛ شامل سراسر ایران,,,۱۰۰٪ برای وجود منبع و امکان محاسبه در محدوده ایران؛ نه تضمین صحت مطلق یا حقیقت زمینی,QA_PIXEL و QA_RADSAT؛ ابر/سایه حذف؛ برای LST فقط ST_QA معتبر و حداقل ۵ مشاهده فصل.,,,۲۰۲۶-۰۸-۱۸,ONLINE_AVAILABLE
online_measure,ONL-060,کالبدی–زیرساختی / رفتاری–اجتماعی,شدت جزیره گرمایی سطحی,عملیاتی‌سازی معتبر,False,USGS Landsat Collection 2 Level‑2,USGS / NASA,LANDSAT/LC08/C02/T1_L2 و LC09,https://www.usgs.gov/landsat-missions/landsat-collection-2-surface-temperature,,USGS EarthExplorer / AWS STAC / Google Earth Engine,۳۰ متر,۱۹۸۴–اکنون؛ Landsat 8/9 برای LST از ۲۰۱۳,جهانی؛ شامل سراسر ایران,,,۱۰۰٪ برای وجود منبع و امکان محاسبه در محدوده ایران؛ نه تضمین صحت مطلق یا حقیقت زمینی,QA_PIXEL و QA_RADSAT؛ ابر/سایه حذف؛ برای LST فقط ST_QA معتبر و حداقل ۵ مشاهده فصل.,,,۲۰۲۶-۰۸-۱۸,ONLINE_AVAILABLE
online_measure,ONL-061,کالبدی–زیرساختی / رفتاری–اجتماعی,بارش سالانه بلندمدت,مستقیم,False,CHIRPS v2/v3 Rainfall,UCSB Climate Hazards Center / USGS,CHIRPS daily/monthly 0.05°,https://www.chc.ucsb.edu/data/chirps,,GeoTIFF / NetCDF / Google Earth Engine,۰٫۰۵ درجه؛ حدود ۵ کیلومتر,۱۹۸۱–نزدیک اکنون,ایران در محدوده ۵۰°S تا ۵۰°N,,,۱۰۰٪ برای وجود منبع و امکان محاسبه در محدوده ایران؛ نه تضمین صحت مطلق یا حقیقت زمینی,حداقل ۳۰ سال برای اقلیم؛ مقادیر مرزی شبکه مساحت‌وزن‌دار؛ ایستگاه محلی برای اعتبارسنجی ترجیح دارد.,,,۲۰۲۶-۰۸-۱۸,ONLINE_AVAILABLE
online_measure,ONL-062,کالبدی–زیرساختی / رفتاری–اجتماعی,ضریب تغییرات بارش سالانه,عملیاتی‌سازی معتبر,False,CHIRPS v2/v3 Rainfall,UCSB Climate Hazards Center / USGS,CHIRPS daily/monthly 0.05°,https://www.chc.ucsb.edu/data/chirps,,GeoTIFF / NetCDF / Google Earth Engine,۰٫۰۵ درجه؛ حدود ۵ کیلومتر,۱۹۸۱–نزدیک اکنون,ایران در محدوده ۵۰°S تا ۵۰°N,,,۱۰۰٪ برای وجود منبع و امکان محاسبه در محدوده ایران؛ نه تضمین صحت مطلق یا حقیقت زمینی,حداقل ۳۰ سال برای اقلیم؛ مقادیر مرزی شبکه مساحت‌وزن‌دار؛ ایستگاه محلی برای اعتبارسنجی ترجیح دارد.,,,۲۰۲۶-۰۸-۱۸,ONLINE_AVAILABLE
online_measure,ONL-063,کالبدی–زیرساختی / رفتاری–اجتماعی,ناهنجاری استاندارد بارش,عملیاتی‌سازی معتبر,False,CHIRPS v2/v3 Rainfall,UCSB Climate Hazards Center / USGS,CHIRPS daily/monthly 0.05°,https://www.chc.ucsb.edu/data/chirps,,GeoTIFF / NetCDF / Google Earth Engine,۰٫۰۵ درجه؛ حدود ۵ کیلومتر,۱۹۸۱–نزدیک اکنون,ایران در محدوده ۵۰°S تا ۵۰°N,,,۱۰۰٪ برای وجود منبع و امکان محاسبه در محدوده ایران؛ نه تضمین صحت مطلق یا حقیقت زمینی,حداقل ۳۰ سال برای اقلیم؛ مقادیر مرزی شبکه مساحت‌وزن‌دار؛ ایستگاه محلی برای اعتبارسنجی ترجیح دارد.,,,۲۰۲۶-۰۸-۱۸,ONLINE_AVAILABLE
online_measure,ONL-064,کالبدی–زیرساختی,میانگین دمای هوای ۲ متری,مستقیم,False,ERA5‑Land,ECMWF / Copernicus Climate Change Service,ERA5‑Land hourly,https://cds.climate.copernicus.eu/datasets/reanalysis-era5-land,,Copernicus Climate Data Store / Google Earth Engine,حدود ۹ کیلومتر,۱۹۵۰–۵ روز پیش؛ ساعتی,جهانی؛ شامل ایران,,,۱۰۰٪ برای وجود منبع و امکان محاسبه در محدوده ایران؛ نه تضمین صحت مطلق یا حقیقت زمینی,تبدیل واحد و تجمع زمانی دقیق؛ رخدادهای حدی از داده ساعتی؛ شبکه برای اقلیم منطقه‌ای است.,,,۲۰۲۶-۰۸-۱۸,ONLINE_AVAILABLE
online_measure,ONL-065,کالبدی–زیرساختی / رفتاری–اجتماعی,تعداد روزهای بسیار گرم,عملیاتی‌سازی معتبر,False,ERA5‑Land,ECMWF / Copernicus Climate Change Service,ERA5‑Land hourly,https://cds.climate.copernicus.eu/datasets/reanalysis-era5-land,,Copernicus Climate Data Store / Google Earth Engine,حدود ۹ کیلومتر,۱۹۵۰–۵ روز پیش؛ ساعتی,جهانی؛ شامل ایران,,,۱۰۰٪ برای وجود منبع و امکان محاسبه در محدوده ایران؛ نه تضمین صحت مطلق یا حقیقت زمینی,تبدیل واحد و تجمع زمانی دقیق؛ رخدادهای حدی از داده ساعتی؛ شبکه برای اقلیم منطقه‌ای است.,,,۲۰۲۶-۰۸-۱۸,ONLINE_AVAILABLE
online_measure,ONL-066,کالبدی–زیرساختی / رفتاری–اجتماعی,پتانسیل تابش خورشیدی,عملیاتی‌سازی معتبر,False,NASA POWER,NASA Langley Research Center,POWER Point/Regional API,https://power.larc.nasa.gov/docs/tutorials/service-data-request/api,,REST API / CSV / JSON,وابسته به پارامتر؛ حدود ۰٫۵°,روزانه/ماهانه/اقلیم‌شناسی,جهانی؛ شامل هر مختصات ایران,,,۱۰۰٪ برای وجود منبع و امکان محاسبه در محدوده ایران؛ نه تضمین صحت مطلق یا حقیقت زمینی,پارامتر، دوره و time standard ثبت؛ برای محله فقط زمینه اقلیمی/پتانسیل انرژی.,,,۲۰۲۶-۰۸-۱۸,ONLINE_AVAILABLE
online_measure,ONL-067,کالبدی–زیرساختی / رفتاری–اجتماعی,سرعت متوسط باد ۱۰ متری,عملیاتی‌سازی معتبر,False,NASA POWER,NASA Langley Research Center,POWER Point/Regional API,https://power.larc.nasa.gov/docs/tutorials/service-data-request/api,,REST API / CSV / JSON,وابسته به پارامتر؛ حدود ۰٫۵°,روزانه/ماهانه/اقلیم‌شناسی,جهانی؛ شامل هر مختصات ایران,,,۱۰۰٪ برای وجود منبع و امکان محاسبه در محدوده ایران؛ نه تضمین صحت مطلق یا حقیقت زمینی,پارامتر، دوره و time standard ثبت؛ برای محله فقط زمینه اقلیمی/پتانسیل انرژی.,,,۲۰۲۶-۰۸-۱۸,ONLINE_AVAILABLE
online_measure,ONL-068,کالبدی–زیرساختی / رفتاری–اجتماعی,ستون تروپوسفری NO₂,عملیاتی‌سازی معتبر,False,Copernicus Sentinel‑5P TROPOMI,ESA / Copernicus,Sentinel‑5P Level‑2 NO2/SO2/CO/O3/AER_AI,https://dataspace.copernicus.eu/data-collections/copernicus-sentinel-missions/sentinel-5p,,Copernicus Data Space / Google Earth Engine,تقریباً ۳٫۵×۵٫۵ تا ۷ کیلومتر,۲۰۱۸–اکنون؛ روزانه,جهانی؛ شامل ایران,,,۱۰۰٪ برای وجود منبع و امکان محاسبه در محدوده ایران؛ نه تضمین صحت مطلق یا حقیقت زمینی,qa_value ویژه هر محصول؛ ترکیب ماهانه/سالانه؛ ستون جوّی با غلظت سطحی یکی نیست.,,,۲۰۲۶-۰۸-۱۸,ONLINE_AVAILABLE
online_measure,ONL-069,کالبدی–زیرساختی / رفتاری–اجتماعی,ستون SO₂,عملیاتی‌سازی معتبر,False,Copernicus Sentinel‑5P TROPOMI,ESA / Copernicus,Sentinel‑5P Level‑2 NO2/SO2/CO/O3/AER_AI,https://dataspace.copernicus.eu/data-collections/copernicus-sentinel-missions/sentinel-5p,,Copernicus Data Space / Google Earth Engine,تقریباً ۳٫۵×۵٫۵ تا ۷ کیلومتر,۲۰۱۸–اکنون؛ روزانه,جهانی؛ شامل ایران,,,۱۰۰٪ برای وجود منبع و امکان محاسبه در محدوده ایران؛ نه تضمین صحت مطلق یا حقیقت زمینی,qa_value ویژه هر محصول؛ ترکیب ماهانه/سالانه؛ ستون جوّی با غلظت سطحی یکی نیست.,,,۲۰۲۶-۰۸-۱۸,ONLINE_AVAILABLE
online_measure,ONL-070,کالبدی–زیرساختی / رفتاری–اجتماعی,ستون CO,عملیاتی‌سازی معتبر,False,Copernicus Sentinel‑5P TROPOMI,ESA / Copernicus,Sentinel‑5P Level‑2 NO2/SO2/CO/O3/AER_AI,https://dataspace.copernicus.eu/data-collections/copernicus-sentinel-missions/sentinel-5p,,Copernicus Data Space / Google Earth Engine,تقریباً ۳٫۵×۵٫۵ تا ۷ کیلومتر,۲۰۱۸–اکنون؛ روزانه,جهانی؛ شامل ایران,,,۱۰۰٪ برای وجود منبع و امکان محاسبه در محدوده ایران؛ نه تضمین صحت مطلق یا حقیقت زمینی,qa_value ویژه هر محصول؛ ترکیب ماهانه/سالانه؛ ستون جوّی با غلظت سطحی یکی نیست.,,,۲۰۲۶-۰۸-۱۸,ONLINE_AVAILABLE
online_measure,ONL-071,کالبدی–زیرساختی / رفتاری–اجتماعی,ستون کل O₃,عملیاتی‌سازی معتبر,False,Copernicus Sentinel‑5P TROPOMI,ESA / Copernicus,Sentinel‑5P Level‑2 NO2/SO2/CO/O3/AER_AI,https://dataspace.copernicus.eu/data-collections/copernicus-sentinel-missions/sentinel-5p,,Copernicus Data Space / Google Earth Engine,تقریباً ۳٫۵×۵٫۵ تا ۷ کیلومتر,۲۰۱۸–اکنون؛ روزانه,جهانی؛ شامل ایران,,,۱۰۰٪ برای وجود منبع و امکان محاسبه در محدوده ایران؛ نه تضمین صحت مطلق یا حقیقت زمینی,qa_value ویژه هر محصول؛ ترکیب ماهانه/سالانه؛ ستون جوّی با غلظت سطحی یکی نیست.,,,۲۰۲۶-۰۸-۱۸,ONLINE_AVAILABLE
online_measure,ONL-072,کالبدی–زیرساختی / رفتاری–اجتماعی,شاخص جذب آئروسل UV,پروکسی شفاف,True,Copernicus Sentinel‑5P TROPOMI,ESA / Copernicus,Sentinel‑5P Level‑2 NO2/SO2/CO/O3/AER_AI,https://dataspace.copernicus.eu/data-collections/copernicus-sentinel-missions/sentinel-5p,,Copernicus Data Space / Google Earth Engine,تقریباً ۳٫۵×۵٫۵ تا ۷ کیلومتر,۲۰۱۸–اکنون؛ روزانه,جهانی؛ شامل ایران,,,۱۰۰٪ برای وجود منبع و امکان محاسبه در محدوده ایران؛ نه تضمین صحت مطلق یا حقیقت زمینی,qa_value ویژه هر محصول؛ ترکیب ماهانه/سالانه؛ ستون جوّی با غلظت سطحی یکی نیست.,,AI معادل PM2.5 سطحی نیست و نباید با µg/m³ گزارش شود.,۲۰۲۶-۰۸-۱۸,ONLINE_AVAILABLE
online_measure,ONL-073,کالبدی–زیرساختی,شدت انتشار گازهای گلخانه‌ای,عملیاتی‌سازی معتبر,False,EDGAR Global Emissions,European Commission JRC / IEA,EDGAR gridded GHG and air pollutants,https://edgar.jrc.ec.europa.eu/emissions_data_and_maps,,NetCDF / gridmaps download,۰٫۱×۰٫۱ درجه؛ حدود ۱۰ کیلومتر,سالانه/ماهانه؛ حسب انتشار,جهانی؛ شامل ایران,,,۱۰۰٪ برای وجود منبع و امکان محاسبه در محدوده ایران؛ نه تضمین صحت مطلق یا حقیقت زمینی,واحد و بخش انتشار ثبت؛ مجموع سلول‌های کسری مساحت‌وزن‌دار؛ به‌عنوان inventory مدل‌شده استفاده شود.,,,۲۰۲۶-۰۸-۱۸,ONLINE_AVAILABLE
online_measure,ONL-074,کالبدی–زیرساختی / رفتاری–اجتماعی,میانگین تابش شبانه,پروکسی شفاف,True,NASA VIIRS Black Marble Monthly,NASA / NOAA,VNP46A3 یا VJ146A3 v2,https://www.earthdata.nasa.gov/data/catalog/laads-vj146a3-2,,NASA Earthdata / LAADS DAAC,۱۵ ثانیه قوسی؛ حدود ۵۰۰ متر,ماهانه؛ ۲۰۱۲/۲۰۱۸–اکنون حسب سنجنده,جهانی؛ شامل ایران,,,۱۰۰٪ برای وجود منبع و امکان محاسبه در محدوده ایران؛ نه تضمین صحت مطلق یا حقیقت زمینی,radiance تصحیح‌شده ابر/ماه/برف؛ میانه ۱۲ ماه؛ پیکسل آتش و flare و مقادیر منفی حذف.,,روشنایی ماهواره‌ای رضایت، ایمنی یا مصرف واقعی برق را مستقیماً اندازه نمی‌گیرد.,۲۰۲۶-۰۸-۱۸,ONLINE_AVAILABLE
online_measure,ONL-075,کالبدی–زیرساختی / رفتاری–اجتماعی,سهم سطح روشن در شب,پروکسی شفاف,True,NASA VIIRS Black Marble Monthly,NASA / NOAA,VNP46A3 یا VJ146A3 v2,https://www.earthdata.nasa.gov/data/catalog/laads-vj146a3-2,,NASA Earthdata / LAADS DAAC,۱۵ ثانیه قوسی؛ حدود ۵۰۰ متر,ماهانه؛ ۲۰۱۲/۲۰۱۸–اکنون حسب سنجنده,جهانی؛ شامل ایران,,,۱۰۰٪ برای وجود منبع و امکان محاسبه در محدوده ایران؛ نه تضمین صحت مطلق یا حقیقت زمینی,radiance تصحیح‌شده ابر/ماه/برف؛ میانه ۱۲ ماه؛ پیکسل آتش و flare و مقادیر منفی حذف.,,,۲۰۲۶-۰۸-۱۸,ONLINE_AVAILABLE
online_measure,ONL-076,کالبدی–زیرساختی / رفتاری–اجتماعی,روند تابش شبانه,پروکسی شفاف,True,NASA VIIRS Black Marble Monthly,NASA / NOAA,VNP46A3 یا VJ146A3 v2,https://www.earthdata.nasa.gov/data/catalog/laads-vj146a3-2,,NASA Earthdata / LAADS DAAC,۱۵ ثانیه قوسی؛ حدود ۵۰۰ متر,ماهانه؛ ۲۰۱۲/۲۰۱۸–اکنون حسب سنجنده,جهانی؛ شامل ایران,,,۱۰۰٪ برای وجود منبع و امکان محاسبه در محدوده ایران؛ نه تضمین صحت مطلق یا حقیقت زمینی,radiance تصحیح‌شده ابر/ماه/برف؛ میانه ۱۲ ماه؛ پیکسل آتش و flare و مقادیر منفی حذف.,,,۲۰۲۶-۰۸-۱۸,ONLINE_AVAILABLE
online_measure,ONL-077,کالبدی–زیرساختی,pH خاک سطحی,مستقیم,False,SoilGrids 250m v2.0,ISRIC — World Soil Information,"pH, SOC, sand, clay, silt, bulk density, coarse fragments",https://files.isric.org/soilgrids/latest/data/,,WebDAV / WCS / VRT؛ REST API ممکن است موقتاً متوقف باشد,۲۵۰ متر,ایستا؛ نسخه ۲٫۰,جهانی؛ شامل ایران,,,۱۰۰٪ برای وجود منبع و امکان محاسبه در محدوده ایران؛ نه تضمین صحت مطلق یا حقیقت زمینی,میانگین عمقی ۰–۳۰cm با وزن ضخامت؛ لایه uncertainty/quantile همراه؛ WebDAV به‌جای API ناپایدار.,,,۲۰۲۶-۰۸-۱۸,ACCESS_REQUIRED
online_measure,ONL-078,کالبدی–زیرساختی,کربن آلی خاک ۰–۳۰cm,مستقیم,False,SoilGrids 250m v2.0,ISRIC — World Soil Information,"pH, SOC, sand, clay, silt, bulk density, coarse fragments",https://files.isric.org/soilgrids/latest/data/,,WebDAV / WCS / VRT؛ REST API ممکن است موقتاً متوقف باشد,۲۵۰ متر,ایستا؛ نسخه ۲٫۰,جهانی؛ شامل ایران,,,۱۰۰٪ برای وجود منبع و امکان محاسبه در محدوده ایران؛ نه تضمین صحت مطلق یا حقیقت زمینی,میانگین عمقی ۰–۳۰cm با وزن ضخامت؛ لایه uncertainty/quantile همراه؛ WebDAV به‌جای API ناپایدار.,,,۲۰۲۶-۰۸-۱۸,ACCESS_REQUIRED
online_measure,ONL-079,کالبدی–زیرساختی,سهم شن خاک ۰–۳۰cm,مستقیم,False,SoilGrids 250m v2.0,ISRIC — World Soil Information,"pH, SOC, sand, clay, silt, bulk density, coarse fragments",https://files.isric.org/soilgrids/latest/data/,,WebDAV / WCS / VRT؛ REST API ممکن است موقتاً متوقف باشد,۲۵۰ متر,ایستا؛ نسخه ۲٫۰,جهانی؛ شامل ایران,,,۱۰۰٪ برای وجود منبع و امکان محاسبه در محدوده ایران؛ نه تضمین صحت مطلق یا حقیقت زمینی,میانگین عمقی ۰–۳۰cm با وزن ضخامت؛ لایه uncertainty/quantile همراه؛ WebDAV به‌جای API ناپایدار.,,,۲۰۲۶-۰۸-۱۸,ACCESS_REQUIRED
online_measure,ONL-080,کالبدی–زیرساختی,سهم رس خاک ۰–۳۰cm,مستقیم,False,SoilGrids 250m v2.0,ISRIC — World Soil Information,"pH, SOC, sand, clay, silt, bulk density, coarse fragments",https://files.isric.org/soilgrids/latest/data/,,WebDAV / WCS / VRT؛ REST API ممکن است موقتاً متوقف باشد,۲۵۰ متر,ایستا؛ نسخه ۲٫۰,جهانی؛ شامل ایران,,,۱۰۰٪ برای وجود منبع و امکان محاسبه در محدوده ایران؛ نه تضمین صحت مطلق یا حقیقت زمینی,میانگین عمقی ۰–۳۰cm با وزن ضخامت؛ لایه uncertainty/quantile همراه؛ WebDAV به‌جای API ناپایدار.,,,۲۰۲۶-۰۸-۱۸,ACCESS_REQUIRED
online_measure,ONL-081,کالبدی–زیرساختی,سهم سیلت خاک ۰–۳۰cm,مستقیم,False,SoilGrids 250m v2.0,ISRIC — World Soil Information,"pH, SOC, sand, clay, silt, bulk density, coarse fragments",https://files.isric.org/soilgrids/latest/data/,,WebDAV / WCS / VRT؛ REST API ممکن است موقتاً متوقف باشد,۲۵۰ متر,ایستا؛ نسخه ۲٫۰,جهانی؛ شامل ایران,,,۱۰۰٪ برای وجود منبع و امکان محاسبه در محدوده ایران؛ نه تضمین صحت مطلق یا حقیقت زمینی,میانگین عمقی ۰–۳۰cm با وزن ضخامت؛ لایه uncertainty/quantile همراه؛ WebDAV به‌جای API ناپایدار.,,,۲۰۲۶-۰۸-۱۸,ACCESS_REQUIRED
online_measure,ONL-082,کالبدی–زیرساختی,چگالی ظاهری خاک ۰–۳۰cm,مستقیم,False,SoilGrids 250m v2.0,ISRIC — World Soil Information,"pH, SOC, sand, clay, silt, bulk density, coarse fragments",https://files.isric.org/soilgrids/latest/data/,,WebDAV / WCS / VRT؛ REST API ممکن است موقتاً متوقف باشد,۲۵۰ متر,ایستا؛ نسخه ۲٫۰,جهانی؛ شامل ایران,,,۱۰۰٪ برای وجود منبع و امکان محاسبه در محدوده ایران؛ نه تضمین صحت مطلق یا حقیقت زمینی,میانگین عمقی ۰–۳۰cm با وزن ضخامت؛ لایه uncertainty/quantile همراه؛ WebDAV به‌جای API ناپایدار.,,,۲۰۲۶-۰۸-۱۸,ACCESS_REQUIRED
online_measure,ONL-083,کالبدی–زیرساختی,حجم قطعات درشت خاک,مستقیم,False,SoilGrids 250m v2.0,ISRIC — World Soil Information,"pH, SOC, sand, clay, silt, bulk density, coarse fragments",https://files.isric.org/soilgrids/latest/data/,,WebDAV / WCS / VRT؛ REST API ممکن است موقتاً متوقف باشد,۲۵۰ متر,ایستا؛ نسخه ۲٫۰,جهانی؛ شامل ایران,,,۱۰۰٪ برای وجود منبع و امکان محاسبه در محدوده ایران؛ نه تضمین صحت مطلق یا حقیقت زمینی,میانگین عمقی ۰–۳۰cm با وزن ضخامت؛ لایه uncertainty/quantile همراه؛ WebDAV به‌جای API ناپایدار.,,,۲۰۲۶-۰۸-۱۸,ACCESS_REQUIRED
source_family,s2,,,,,Copernicus Sentinel‑2 Level‑2A,ESA / Copernicus,Sentinel‑2 MSI L2A؛ در Earth Engine: COPERNICUS/S2_SR_HARMONIZED,,https://dataspace.copernicus.eu/explore-data/data-collections/copernicus-sentinel-missions/sentinel-2,Copernicus Data Space / STAC / API / Google Earth Engine,۱۰–۲۰ متر,۲۰۱۷–اکنون؛ بازدید اسمی ۵ روزه,,پوشش سراسری خشکی ایران,محله‌ای اصلی,,,ماسک SCL/ابر و سایه؛ ترکیب میانه حداقل ۱۰ تصویر معتبر؛ گزارش درصد پیکسل معتبر.,,,ONLINE_AVAILABLE
source_family,dw,,,,,Dynamic World V1,Google / World Resources Institute,GOOGLE/DYNAMICWORLD/V1,,https://developers.google.com/earth-engine/datasets/catalog/GOOGLE_DYNAMICWORLD_V1,Google Earth Engine,۱۰ متر,۲۰۱۵–اکنون؛ نزدیک به زمان واقعی,,جهانی؛ شامل سراسر ایران,محله‌ای اصلی,,,حذف ابر؛ استفاده از احتمال کلاس و نه فقط label؛ حداقل احتمال ۰٫۶ و ترکیب سالانه.,,,ONLINE_AVAILABLE
source_family,worldcover,,,,,ESA WorldCover 2021 v200,European Space Agency,ESA/WorldCover/v200,,https://esa-worldcover.org/en,COG download / viewer / Google Earth Engine,۱۰ متر,خط مبنای ۲۰۲۱,,جهانی؛ شامل سراسر ایران,محله‌ای اصلی,,,استفاده از نسخه v200؛ گزارش کلاس‌های غالب و مساحت پیکسل پس از بازفرافکنی مساحت‌برابر.,,,ONLINE_AVAILABLE
source_family,landsat,,,,,USGS Landsat Collection 2 Level‑2,USGS / NASA,LANDSAT/LC08/C02/T1_L2 و LC09,,https://www.usgs.gov/landsat-missions/landsat-collection-2-surface-temperature,USGS EarthExplorer / AWS STAC / Google Earth Engine,۳۰ متر,۱۹۸۴–اکنون؛ Landsat 8/9 برای LST از ۲۰۱۳,,جهانی؛ شامل سراسر ایران,محله‌ای اصلی,,,QA_PIXEL و QA_RADSAT؛ ابر/سایه حذف؛ برای LST فقط ST_QA معتبر و حداقل ۵ مشاهده فصل.,,,ONLINE_AVAILABLE
source_family,ghsl_s,,,,,GHSL Built‑up Surface P2023A,European Commission JRC,JRC/GHSL/P2023A/GHS_BUILT_S,,https://developers.google.com/earth-engine/datasets/catalog/JRC_GHSL_P2023A_GHS_BUILT_S,JRC download / Google Earth Engine,۱۰۰ متر,۱۹۷۵–۲۰۳۰ در گام ۵‌ساله؛ ۲۰۲۵/۲۰۳۰ برآوردی,,جهانی؛ شامل سراسر ایران,محله‌ای اصلی/میانی,,,برای وضعیت مشاهده‌شده حداکثر تا ۲۰۲۰؛ ۲۰۲۵/۲۰۳۰ فقط با برچسب برآورد؛ کنترل سازگاری با WorldCover.,,,ONLINE_AVAILABLE
source_family,ghsl_v,,,,,GHSL Built‑up Volume & Height P2023A,European Commission JRC,JRC/GHSL/P2023A/GHS_BUILT_V و GHS_BUILT_H,,https://developers.google.com/earth-engine/datasets/catalog/JRC_GHSL_P2023A_GHS_BUILT_V,JRC download / Google Earth Engine,۱۰۰ متر,۱۹۷۵–۲۰۳۰ در گام ۵‌ساله,,جهانی؛ شامل سراسر ایران,محله‌ای اصلی/میانی,,,حذف سلول‌های built=0؛ گزارش میانه و IQR ارتفاع؛ ۲۰۲۵/۲۰۳۰ به‌عنوان برآورد.,,,ONLINE_AVAILABLE
source_family,ghsl_pop,,,,,GHSL Population P2023A,European Commission JRC,JRC/GHSL/P2023A/GHS_POP,,https://developers.google.com/earth-engine/datasets/catalog/JRC_GHSL_P2023A_GHS_POP,JRC download / Google Earth Engine,۱۰۰ متر,۱۹۷۵–۲۰۳۰ در گام ۵‌ساله,,جهانی؛ شامل سراسر ایران,محله‌ای اصلی/میانی,,,جمع وزن‌دار پیکسل‌های مرزی؛ ۲۰۲۵/۲۰۳۰ برآوردی؛ با WorldPop مقایسه حساسیت شود.,,,ONLINE_AVAILABLE
source_family,ghsl_smod,,,,,GHSL Degree of Urbanisation,European Commission JRC,JRC/GHSL/P2023A/GHS_SMOD_V2-0,,https://developers.google.com/earth-engine/datasets/catalog/JRC_GHSL_P2023A_GHS_SMOD_V2-0,JRC download / Google Earth Engine,۱ کیلومتر,۱۹۷۵–۲۰۳۰ در گام ۵‌ساله,,جهانی؛ شامل سراسر ایران,زمینه‌ای؛ نه رتبه‌بندی ریزمحله,,,کلاس جمعیت‌وزن‌دار گزارش شود؛ در محله کوچک، از آن فقط به‌عنوان زمینه شهری/روستایی استفاده شود.,,,ONLINE_AVAILABLE
source_family,worldpop,,,,,WorldPop Iran Population,WorldPop / University of Southampton,Iran 100m Population؛ Earth Engine: WorldPop/GP/100m/pop,,https://hub.worldpop.org/geodata/summary?id=26855,GeoTIFF download / STAC / Google Earth Engine,تقریباً ۱۰۰ متر,۲۰۰۰–۲۰۲۰؛ برآوردهای سالانه حسب نسخه,,کل ایران,محله‌ای اصلی/میانی,,,نسخه constrained ترجیح دارد؛ مجموع با سطح اداری کنترل؛ نتیجه «برآورد مدل‌شده» برچسب بخورد.,,,ONLINE_AVAILABLE
source_family,worldpop_age,,,,,WorldPop Iran Age & Sex Structures,WorldPop / University of Southampton,Iran 100m Age structures 2020؛ WorldPop/GP/100m/pop_age_sex,,https://hub.worldpop.org/geodata/summary?id=16851,GeoTIFF / STAC / Google Earth Engine,تقریباً ۱۰۰ متر,۲۰۲۰ (و نسخه‌های ۲۰۱۵–۲۰۳۰ در STAC جدید),,کل ایران,محله‌ای اصلی/میانی,,,جمع گروه‌های سنی/جنسی باید با کل جمعیت همان نسخه برابر باشد؛ از اختلاط نسخه‌های مختلف پرهیز شود.,,,ONLINE_AVAILABLE
source_family,dem,,,,,Copernicus DEM GLO‑30,Copernicus / ESA,COPERNICUS/DEM/GLO30_2024_1,,https://developers.google.com/earth-engine/datasets/catalog/COPERNICUS_DEM_GLO30_2024_1,Copernicus / OpenTopography / Google Earth Engine,۳۰ متر,ایستا؛ انتشار 2024_1,,جهانی؛ شامل سراسر ایران,محله‌ای اصلی,,,شیب و مساحت در CRS متریک محلی؛ حفره‌ها/آب‌ها کنترل؛ DSM است و در بافت متراکم اثر بنا دارد.,,,ONLINE_AVAILABLE
source_family,gsw,,,,,JRC Global Surface Water v1.4,European Commission JRC,JRC/GSW1_4/GlobalSurfaceWater,,https://developers.google.com/earth-engine/datasets/catalog/JRC_GSW1_4_GlobalSurfaceWater,JRC download / Google Earth Engine,۳۰ متر,۱۹۸۴–۲۰۲۱,,جهانی؛ شامل سراسر ایران,محله‌ای اصلی,,,از occurrence، seasonality و change_abs استفاده؛ آب‌های بسیار کوچک‌تر از پیکسل قابل اتکا نیستند.,,,ONLINE_AVAILABLE
source_family,glofas,,,,,JRC Global River Flood Hazard v2.1,Copernicus EMS / JRC,JRC/CEMS_GLOFAS/FloodHazard/v2_1,,https://developers.google.com/earth-engine/datasets/catalog/JRC_CEMS_GLOFAS_FloodHazard_v2_1,Copernicus CEMS / Google Earth Engine,۹۰ متر,لایه خطر ایستا؛ دوره‌های بازگشت ۱۰ تا ۵۰۰ سال,,جهانی؛ شامل ایران,محله‌ای کمکی,,,فقط سیلاب رودخانه‌ای؛ سلول spurious_depth حذف؛ با آب دائمی و DEM کنترل شود.,,,ONLINE_AVAILABLE
source_family,gem,,,,,GEM Global Seismic Hazard Map,Global Earthquake Model Foundation,PGA، احتمال فراگذشت ۱۰٪ در ۵۰ سال، سنگ مرجع,,https://doi.org/10.5281/zenodo.8409646,Zenodo / OpenQuake viewer؛ شرایط مجوز بررسی شود,شبکه جهانی؛ حدود کیلومتری بسته به محصول,نسخه مدل ۲۰۲۳/۲۰۲۶,,جهانی؛ شامل ایران,زمینه‌ای منطقه‌ای,,,PGA برای سنگ مرجع است؛ اثر خاک محلی/ریزپهنه‌بندی را جایگزین نمی‌کند؛ نسخه و سناریو ثبت شود.,,,ACCESS_REQUIRED
source_family,usgs_eq,,,,,USGS ComCat Earthquake Catalog,U.S. Geological Survey,FDSN Event Web Service,,https://earthquake.usgs.gov/fdsnws/event/1/,REST API / GeoJSON,رخداد نقطه‌ای,تاریخی تا نزدیک زمان واقعی,,جهانی؛ شامل ایران,زمینه‌ای منطقه‌ای,,,آستانه بزرگی و بازه زمانی ثابت؛ رخدادهای تکراری حذف؛ کامل‌بودن کاتالوگ برای دوره/بزرگی گزارش شود.,,,ONLINE_AVAILABLE
source_family,viirs,,,,,NASA VIIRS Black Marble Monthly,NASA / NOAA,VNP46A3 یا VJ146A3 v2,,https://www.earthdata.nasa.gov/data/catalog/laads-vj146a3-2,NASA Earthdata / LAADS DAAC,۱۵ ثانیه قوسی؛ حدود ۵۰۰ متر,ماهانه؛ ۲۰۱۲/۲۰۱۸–اکنون حسب سنجنده,,جهانی؛ شامل ایران,محله‌ای کمکی,,,radiance تصحیح‌شده ابر/ماه/برف؛ میانه ۱۲ ماه؛ پیکسل آتش و flare و مقادیر منفی حذف.,,,ONLINE_AVAILABLE
source_family,hansen,,,,,Hansen Global Forest Change,University of Maryland / Global Forest Watch,Global Forest Change 2000–2024/2025,,https://data.globalforestwatch.org/documents/85caa1aa8de2422894f6c1f11ae1d524,GeoTIFF / Global Forest Watch / Google Earth Engine,۳۰ متر,۲۰۰۰–۲۰۲۴/۲۰۲۵؛ سالانه,,جهانی؛ شامل ایران,محله‌ای اصلی,,,آستانه treecover2000 از پیش تعیین شود (مثلاً ۲۰٪)؛ loss «حذف پوشش درختی» است نه الزاماً جنگل.,,,ONLINE_AVAILABLE
source_family,chirps,,,,,CHIRPS v2/v3 Rainfall,UCSB Climate Hazards Center / USGS,CHIRPS daily/monthly 0.05°,,https://www.chc.ucsb.edu/data/chirps,GeoTIFF / NetCDF / Google Earth Engine,۰٫۰۵ درجه؛ حدود ۵ کیلومتر,۱۹۸۱–نزدیک اکنون,,ایران در محدوده ۵۰°S تا ۵۰°N,زمینه‌ای؛ نه تفاوت ریزمحله,,,حداقل ۳۰ سال برای اقلیم؛ مقادیر مرزی شبکه مساحت‌وزن‌دار؛ ایستگاه محلی برای اعتبارسنجی ترجیح دارد.,,,ONLINE_AVAILABLE
source_family,era5,,,,,ERA5‑Land,ECMWF / Copernicus Climate Change Service,ERA5‑Land hourly,,https://cds.climate.copernicus.eu/datasets/reanalysis-era5-land,Copernicus Climate Data Store / Google Earth Engine,حدود ۹ کیلومتر,۱۹۵۰–۵ روز پیش؛ ساعتی,,جهانی؛ شامل ایران,زمینه‌ای؛ نه رتبه‌بندی ریزمحله,,,تبدیل واحد و تجمع زمانی دقیق؛ رخدادهای حدی از داده ساعتی؛ شبکه برای اقلیم منطقه‌ای است.,,,ONLINE_AVAILABLE
source_family,power,,,,,NASA POWER,NASA Langley Research Center,POWER Point/Regional API,,https://power.larc.nasa.gov/docs/tutorials/service-data-request/api,REST API / CSV / JSON,وابسته به پارامتر؛ حدود ۰٫۵°,روزانه/ماهانه/اقلیم‌شناسی,,جهانی؛ شامل هر مختصات ایران,زمینه‌ای منطقه‌ای,,,پارامتر، دوره و time standard ثبت؛ برای محله فقط زمینه اقلیمی/پتانسیل انرژی.,,,ONLINE_AVAILABLE
source_family,s5p,,,,,Copernicus Sentinel‑5P TROPOMI,ESA / Copernicus,Sentinel‑5P Level‑2 NO2/SO2/CO/O3/AER_AI,,https://dataspace.copernicus.eu/data-collections/copernicus-sentinel-missions/sentinel-5p,Copernicus Data Space / Google Earth Engine,تقریباً ۳٫۵×۵٫۵ تا ۷ کیلومتر,۲۰۱۸–اکنون؛ روزانه,,جهانی؛ شامل ایران,زمینه‌ای؛ نه رتبه‌بندی ریزمحله,,,qa_value ویژه هر محصول؛ ترکیب ماهانه/سالانه؛ ستون جوّی با غلظت سطحی یکی نیست.,,,ONLINE_AVAILABLE
source_family,edgar,,,,,EDGAR Global Emissions,European Commission JRC / IEA,EDGAR gridded GHG and air pollutants,,https://edgar.jrc.ec.europa.eu/emissions_data_and_maps,NetCDF / gridmaps download,۰٫۱×۰٫۱ درجه؛ حدود ۱۰ کیلومتر,سالانه/ماهانه؛ حسب انتشار,,جهانی؛ شامل ایران,زمینه‌ای؛ نه رتبه‌بندی ریزمحله,,,واحد و بخش انتشار ثبت؛ مجموع سلول‌های کسری مساحت‌وزن‌دار؛ به‌عنوان inventory مدل‌شده استفاده شود.,,,ONLINE_AVAILABLE
source_family,soilgrids,,,,,SoilGrids 250m v2.0,ISRIC — World Soil Information,"pH, SOC, sand, clay, silt, bulk density, coarse fragments",,https://files.isric.org/soilgrids/latest/data/,WebDAV / WCS / VRT؛ REST API ممکن است موقتاً متوقف باشد,۲۵۰ متر,ایستا؛ نسخه ۲٫۰,,جهانی؛ شامل ایران,محله‌ای کمکی، به‌ویژه پیرامونی/روستایی,,,میانگین عمقی ۰–۳۰cm با وزن ضخامت؛ لایه uncertainty/quantile همراه؛ WebDAV به‌جای API ناپایدار.,,,ACCESS_REQUIRED
