کد یکتا,موتور,خانواده,نام شاخص,فرمول/منطق رجیستر,روش/منبع رجیستر,تناوب رجیستر,سطح مکانی رجیستر,کلاس اتوماسیون,سطح خروجی مجاز,منابع پیشنهادی عملیاتی,روش پیاده‌سازی پیشنهادی,کنترل کیفیت و شرط پذیرش,شکاف فعلی برنامه,فاز پیشنهادی,قابل استفاده بدون پیمایش حضوری
M-CORE-H1,سنجش,هسته ۸ سرمایه,سطح تحصیلات,جمعیت ۲۵+ دارای حداقل دیپلم ÷ جمعیت ۲۵+ ×۱۰۰,سرشماری/پیمایش,سالانه و پس از مداخله,محله و زیرمحله,B_RESTRICTED_AUTOMATIC,VERIFIED_AFTER_CONTRACT,ریز‌داده/جداول بلوکی سرشماری مرکز آمار؛ در نبود دسترسی فقط برآورد کوچک‌ناحیه‌ای برچسب‌دار با WorldPop/GHSL,صورت و مخرج جمعیت ۲۵+ در بلوک‌ها؛ spatial join به مرز محله؛ محاسبه دقیق درصد و تفکیک جنس/سن.,قرارداد تبادل داده و مبنای قانونی؛ حذف شناسه شخصی؛ کنترل جمع صورت/مخرج؛ تطبیق با آمار منتشره؛ نسخه، زمان مرجع، پوشش و evidence_id.,صفحه فعلی کد کوتاه ۴۰ شاخص را می‌پذیرد، اما connector فعلی بسیاری از مقادیر را از POI/متغیر ملی با ضرایب ابتکاری می‌سازد و فرمول رجیستر را اجرا نمی‌کند.,P1,بله
M-CORE-H2,سنجش,هسته ۸ سرمایه,مهارت قابل عرضه,افراد دارای مهارت حرفه‌ای قابل استفاده ÷ جمعیت در سن کار ×۱۰۰,پیمایش/فنی‌وحرفه‌ای,سالانه و پس از مداخله,محله و زیرمحله,B_RESTRICTED_AUTOMATIC,VERIFIED_AFTER_CONTRACT,ثبت دوره و گواهینامه سازمان فنی‌وحرفه‌ای، دانشگاه علمی‌کاربردی و مراکز مجاز؛ جمعیت سن کار SCI,Deduplicate افراد/گواهینامه‌ها؛ تعریف نسخه‌دار مهارت قابل عرضه؛ نسبت به جمعیت سن کار در همان سال.,قرارداد تبادل داده و مبنای قانونی؛ حذف شناسه شخصی؛ کنترل جمع صورت/مخرج؛ تطبیق با آمار منتشره؛ نسخه، زمان مرجع، پوشش و evidence_id.,صفحه فعلی کد کوتاه ۴۰ شاخص را می‌پذیرد، اما connector فعلی بسیاری از مقادیر را از POI/متغیر ملی با ضرایب ابتکاری می‌سازد و فرمول رجیستر را اجرا نمی‌کند.,P2,بله
M-CORE-H3,سنجش,هسته ۸ سرمایه,اشتغال پایدار,شاغلان دارای قرارداد/بیمه یا تداوم شغلی مصوب ÷ جمعیت فعال ×۱۰۰,پیمایش/تأمین اجتماعی,سالانه و پس از مداخله,محله و زیرمحله,B_RESTRICTED_AUTOMATIC,VERIFIED_AFTER_CONTRACT,تأمین اجتماعی/بیمه، وزارت کار و طرح نیروی کار؛ جمعیت فعال SCI,شاغل بیمه‌شده یا دارای تداوم مصوب در صورت؛ جمعیت فعال هم‌سال در مخرج؛ کنترل اشتغال چندگانه.,قرارداد تبادل داده و مبنای قانونی؛ حذف شناسه شخصی؛ کنترل جمع صورت/مخرج؛ تطبیق با آمار منتشره؛ نسخه، زمان مرجع، پوشش و evidence_id.,صفحه فعلی کد کوتاه ۴۰ شاخص را می‌پذیرد، اما connector فعلی بسیاری از مقادیر را از POI/متغیر ملی با ضرایب ابتکاری می‌سازد و فرمول رجیستر را اجرا نمی‌کند.,P2,بله
M-CORE-H4,سنجش,هسته ۸ سرمایه,انطباق مهارت و شغل,شاغلان مرتبط با مهارت ÷ شاغلان ماهر ×۱۰۰,پیمایش نیروی کار,سالانه و پس از مداخله,محله و زیرمحله,D_HYBRID_REVIEW,PROVISIONAL_THEN_REVIEW,پیوند امن سوابق مهارت فنی‌وحرفه‌ای با طبقه‌بندی شغلی وزارت کار/تأمین اجتماعی؛ در فقدان پیوند، داده مفقود,نگاشت ISCO/طبقه‌بندی ملی شغل به taxonomy مهارت؛ محاسبه فقط پس از تأیید ماتریس انطباق و پوشش پیوند.,مولفه‌های عینی، مکانی، رفتاری و ادراکی جدا بمانند؛ حداقل پوشش مصوب؛ تعارض شواهد و عدم‌قطعیت نمایش داده شود؛ تأیید بازبین برای خروجی رسمی.,صفحه فعلی کد کوتاه ۴۰ شاخص را می‌پذیرد، اما connector فعلی بسیاری از مقادیر را از POI/متغیر ملی با ضرایب ابتکاری می‌سازد و فرمول رجیستر را اجرا نمی‌کند.,P3,جزئی/مشروط
M-CORE-H5,سنجش,هسته ۸ سرمایه,یادگیری مستمر,شرکت‌کنندگان آموزش در ۱۲ ماه ÷ جمعیت ۱۵+ ×۱۰۰,پیمایش/مراکز آموزشی,سالانه و پس از مداخله,محله و زیرمحله,B_RESTRICTED_AUTOMATIC,VERIFIED_AFTER_CONTRACT,ثبت‌نام و اتمام دوره مراکز آموزشی، فنی‌وحرفه‌ای و سامانه‌های آموزش عمومی؛ جمعیت ۱۵+ SCI,افراد یکتا با مشارکت معتبر در پنجره ۱۲ماهه تقسیم بر جمعیت ۱۵+؛ دوره‌های تکراری فقط یک‌بار.,قرارداد تبادل داده و مبنای قانونی؛ حذف شناسه شخصی؛ کنترل جمع صورت/مخرج؛ تطبیق با آمار منتشره؛ نسخه، زمان مرجع، پوشش و evidence_id.,صفحه فعلی کد کوتاه ۴۰ شاخص را می‌پذیرد، اما connector فعلی بسیاری از مقادیر را از POI/متغیر ملی با ضرایب ابتکاری می‌سازد و فرمول رجیستر را اجرا نمی‌کند.,P2,بله
M-CORE-S1,سنجش,هسته ۸ سرمایه,اعتماد همسایگی,(میانگین وزنی لیکرت−۱)÷۴×۱۰۰,پیمایش,سالانه و پس از مداخله,محله و زیرمحله,E_SURVEY_OR_FIELD,SURVEY_ONLY,پیمایش استاندارد محله,اجرای عین فرمول لیکرت رجیستر؛ داده آنلاین نمی‌تواند اعتماد همسایگی را اندازه‌گیری معتبر کند.,جانشین‌سازی با POI، مدل زبانی یا تصویر ماهواره‌ای ممنوع؛ فقط ابزار استاندارد، نمونه‌گیری، وزن‌دهی، ناشناس‌سازی و آزمون پایایی/روایی.,صفحه فعلی کد کوتاه ۴۰ شاخص را می‌پذیرد، اما connector فعلی بسیاری از مقادیر را از POI/متغیر ملی با ضرایب ابتکاری می‌سازد و فرمول رجیستر را اجرا نمی‌کند.,P3,خیر
M-CORE-S2,سنجش,هسته ۸ سرمایه,تعلق محله‌ای,(میانگین وزنی لیکرت−۱)÷۴×۱۰۰,پیمایش,سالانه و پس از مداخله,محله و زیرمحله,E_SURVEY_OR_FIELD,SURVEY_ONLY,پیمایش استاندارد محله,اجرای عین فرمول لیکرت رجیستر؛ شاخص‌های جابه‌جایی یا ماندگاری فقط شاهد مکمل‌اند.,جانشین‌سازی با POI، مدل زبانی یا تصویر ماهواره‌ای ممنوع؛ فقط ابزار استاندارد، نمونه‌گیری، وزن‌دهی، ناشناس‌سازی و آزمون پایایی/روایی.,صفحه فعلی کد کوتاه ۴۰ شاخص را می‌پذیرد، اما connector فعلی بسیاری از مقادیر را از POI/متغیر ملی با ضرایب ابتکاری می‌سازد و فرمول رجیستر را اجرا نمی‌کند.,P3,خیر
M-CORE-S3,سنجش,هسته ۸ سرمایه,شبکه همکاری,ساکنان دارای همکاری متقابل ÷ پاسخگویان معتبر ×۱۰۰,پیمایش,سالانه و پس از مداخله,محله و زیرمحله,E_SURVEY_OR_FIELD,SURVEY_ONLY,پیمایش شبکه همکاری ساکنان,نسبت پاسخگویان دارای همکاری متقابل؛ تراکم NGO/مسجد/رویداد جانشین این سازه نیست.,جانشین‌سازی با POI، مدل زبانی یا تصویر ماهواره‌ای ممنوع؛ فقط ابزار استاندارد، نمونه‌گیری، وزن‌دهی، ناشناس‌سازی و آزمون پایایی/روایی.,صفحه فعلی کد کوتاه ۴۰ شاخص را می‌پذیرد، اما connector فعلی بسیاری از مقادیر را از POI/متغیر ملی با ضرایب ابتکاری می‌سازد و فرمول رجیستر را اجرا نمی‌کند.,P3,خیر
M-CORE-S4,سنجش,هسته ۸ سرمایه,اقدام جمعی,مشارکت‌کنندگان حل مسئله طی سال ÷ جمعیت واجد ×۱۰۰,پیمایش/اسناد,سالانه و پس از مداخله,محله و زیرمحله,D_HYBRID_REVIEW,PROVISIONAL_THEN_REVIEW,ثبت مشارکت پروژه‌ها، صورت‌جلسات، سامانه داوطلبی و شکایات/پیشنهادها؛ پیمایش برای مشارکت غیررسمی,افراد یکتای مشارکت‌کننده در حل مسئله بر جمعیت واجد؛ NLP فقط استخراج نام رویداد/مدرک، نه ساخت مقدار.,مولفه‌های عینی، مکانی، رفتاری و ادراکی جدا بمانند؛ حداقل پوشش مصوب؛ تعارض شواهد و عدم‌قطعیت نمایش داده شود؛ تأیید بازبین برای خروجی رسمی.,صفحه فعلی کد کوتاه ۴۰ شاخص را می‌پذیرد، اما connector فعلی بسیاری از مقادیر را از POI/متغیر ملی با ضرایب ابتکاری می‌سازد و فرمول رجیستر را اجرا نمی‌کند.,P2,جزئی/مشروط
M-CORE-S5,سنجش,هسته ۸ سرمایه,حل مسئله جمعی,مسائل حل‌شده مشارکتی ÷ مسائل شناسایی‌شده ×۱۰۰,پرونده پروژه,سالانه/مطابق منبع,محله و زیرمحله,B_RESTRICTED_AUTOMATIC,VERIFIED_AFTER_CONTRACT,پرونده پروژه و مسئله، سامانه ۱۳۷/۱۸۸۸ و دفتر تسهیل‌گری,تعریف مسئله یکتا، وضعیت حل و نقش مشارکتی؛ مسائل لغوشده یا ادغام‌شده جدا ثبت شوند.,قرارداد تبادل داده و مبنای قانونی؛ حذف شناسه شخصی؛ کنترل جمع صورت/مخرج؛ تطبیق با آمار منتشره؛ نسخه، زمان مرجع، پوشش و evidence_id.,صفحه فعلی کد کوتاه ۴۰ شاخص را می‌پذیرد، اما connector فعلی بسیاری از مقادیر را از POI/متغیر ملی با ضرایب ابتکاری می‌سازد و فرمول رجیستر را اجرا نمی‌کند.,P1,بله
M-CORE-E1,سنجش,هسته ۸ سرمایه,قدرت اقتصادی خانوار,میانه درآمد معادل خانوار محله ÷ میانه شهر ×۱۰۰,پیمایش/آمار رسمی,سالانه و پس از مداخله,محله و زیرمحله,B_RESTRICTED_AUTOMATIC,VERIFIED_AFTER_CONTRACT,هزینه‌درآمد خانوار/سرشماری SCI و داده مالی تجمیعی مجاز؛ مدل کوچک‌ناحیه‌ای فقط با کالیبراسیون,درآمد معادل با مقیاس OECD یا مقیاس مصوب؛ میانه وزنی محله تقسیم بر میانه هم‌سال شهر.,قرارداد تبادل داده و مبنای قانونی؛ حذف شناسه شخصی؛ کنترل جمع صورت/مخرج؛ تطبیق با آمار منتشره؛ نسخه، زمان مرجع، پوشش و evidence_id.,صفحه فعلی کد کوتاه ۴۰ شاخص را می‌پذیرد، اما connector فعلی بسیاری از مقادیر را از POI/متغیر ملی با ضرایب ابتکاری می‌سازد و فرمول رجیستر را اجرا نمی‌کند.,P2,بله
M-CORE-E2,سنجش,هسته ۸ سرمایه,فرصت شغلی محلی,شغل فعال ÷ جمعیت فعال ×۱۰۰۰,اصناف/GIS,سالانه/مطابق منبع,محله و زیرمحله,B_RESTRICTED_AUTOMATIC,VERIFIED_AFTER_CONTRACT,شناسه صنفی/مجوز کسب، مالیات تجمیعی، بیمه کارگاه و GIS؛ OSM فقط کنترل پوشش,شغل فعال یکتا در AOI تقسیم بر جمعیت فعال ×۱۰۰۰؛ محل دفتر صوری و واحد غیرفعال حذف شود.,قرارداد تبادل داده و مبنای قانونی؛ حذف شناسه شخصی؛ کنترل جمع صورت/مخرج؛ تطبیق با آمار منتشره؛ نسخه، زمان مرجع، پوشش و evidence_id.,صفحه فعلی کد کوتاه ۴۰ شاخص را می‌پذیرد، اما connector فعلی بسیاری از مقادیر را از POI/متغیر ملی با ضرایب ابتکاری می‌سازد و فرمول رجیستر را اجرا نمی‌کند.,P1,بله
M-CORE-E3,سنجش,هسته ۸ سرمایه,ماندگاری کسب‌وکار,کسب‌وکار فعال بیش از ۳ سال ÷ کل کسب‌وکار فعال ×۱۰۰,اصناف/مالیات,سالانه/مطابق منبع,محله و زیرمحله,B_RESTRICTED_AUTOMATIC,VERIFIED_AFTER_CONTRACT,تاریخ شروع/پایان مجوز اصناف، مالیات و بیمه کارگاه,کسب‌وکار فعال با عمر بیش از ۳۶ ماه تقسیم بر کل فعال؛ cohort و تغییر شناسه حقوقی مدیریت شود.,قرارداد تبادل داده و مبنای قانونی؛ حذف شناسه شخصی؛ کنترل جمع صورت/مخرج؛ تطبیق با آمار منتشره؛ نسخه، زمان مرجع، پوشش و evidence_id.,صفحه فعلی کد کوتاه ۴۰ شاخص را می‌پذیرد، اما connector فعلی بسیاری از مقادیر را از POI/متغیر ملی با ضرایب ابتکاری می‌سازد و فرمول رجیستر را اجرا نمی‌کند.,P2,بله
M-CORE-E4,سنجش,هسته ۸ سرمایه,استطاعت مسکن,هزینه مسکن ÷ درآمد قابل تصرف خانوار ×۱۰۰,پیمایش/بازار,سالانه و پس از مداخله,محله و زیرمحله,D_HYBRID_REVIEW,PROVISIONAL_THEN_REVIEW,هزینه‌درآمد خانوار SCI + داده معاملات/اجاره رسمی یا feed دارای مجوز؛ استخراج آگهی فقط با مجوز و شرایط استفاده,میانه اجاره و هزینه مسکن مدل هدانیک محله تقسیم بر درآمد قابل تصرف هم‌سال؛ بازه اطمینان گزارش شود.,مولفه‌های عینی، مکانی، رفتاری و ادراکی جدا بمانند؛ حداقل پوشش مصوب؛ تعارض شواهد و عدم‌قطعیت نمایش داده شود؛ تأیید بازبین برای خروجی رسمی.,صفحه فعلی کد کوتاه ۴۰ شاخص را می‌پذیرد، اما connector فعلی بسیاری از مقادیر را از POI/متغیر ملی با ضرایب ابتکاری می‌سازد و فرمول رجیستر را اجرا نمی‌کند.,P2,جزئی/مشروط
M-CORE-E5,سنجش,هسته ۸ سرمایه,ماندگاری ارزش اقتصادی,اشتغال/ارزش محلی باقی‌مانده ÷ کل ارزش ایجادشده ×۱۰۰,پیمایش بنگاه/حساب محلی,سالانه و پس از مداخله,محله و زیرمحله,D_HYBRID_REVIEW,PROVISIONAL_THEN_REVIEW,حساب محلی، تراکنش/خرید بنگاه تجمیعی، مالیات و اشتغال؛ داده بنگاه با محرمانگی,ارزش افزوده/اشتغال باقی‌مانده در AOI نسبت به کل ارزش ایجادشده؛ تعریف زنجیره ارزش و نشتی اقتصادی تصویب شود.,مولفه‌های عینی، مکانی، رفتاری و ادراکی جدا بمانند؛ حداقل پوشش مصوب؛ تعارض شواهد و عدم‌قطعیت نمایش داده شود؛ تأیید بازبین برای خروجی رسمی.,صفحه فعلی کد کوتاه ۴۰ شاخص را می‌پذیرد، اما connector فعلی بسیاری از مقادیر را از POI/متغیر ملی با ضرایب ابتکاری می‌سازد و فرمول رجیستر را اجرا نمی‌کند.,P3,جزئی/مشروط
M-CORE-P1,سنجش,هسته ۸ سرمایه,پایداری بنا,۱۰۰−سهم بناهای ناپایدار,GIS/پایگاه ساختمان,سالانه/مطابق منبع,محله و زیرمحله,B_RESTRICTED_AUTOMATIC,VERIFIED_AFTER_CONTRACT,پایگاه ساختمان/پلاک و سال ساخت شهرداری، سرشماری مسکن؛ Sentinel-1/2 و footprint فقط شاهد مکمل,طبقه‌بندی پایداری طبق آیین‌نامه مصوب؛ مساحت یا تعداد بنای ناپایدار بر کل؛ confidence مدل تصویری جدا.,قرارداد تبادل داده و مبنای قانونی؛ حذف شناسه شخصی؛ کنترل جمع صورت/مخرج؛ تطبیق با آمار منتشره؛ نسخه، زمان مرجع، پوشش و evidence_id.,صفحه فعلی کد کوتاه ۴۰ شاخص را می‌پذیرد، اما connector فعلی بسیاری از مقادیر را از POI/متغیر ملی با ضرایب ابتکاری می‌سازد و فرمول رجیستر را اجرا نمی‌کند.,P2,بله
M-CORE-P2,سنجش,هسته ۸ سرمایه,پیوستگی شبکه معابر,طول شبکه متصل ÷ کل شبکه ×۱۰۰,GIS شبکه,سالانه/مطابق منبع,محله و زیرمحله,A_PUBLIC_AUTOMATIC,PROVISIONAL_PUBLIC,OSM PBF محلی ایران، شبکه رسمی معابر و محدودیت عبور؛ https://download.geofabrik.de/asia/iran.html,ساخت گراف جهت‌دار؛ snap و پاک‌سازی؛ طول اجزای متصل به شبکه اصلی تقسیم بر کل طول قابل عبور؛ جزایر و cul-de-sac طبق تعریف نسخه‌دار.,مرز محله تأییدشده؛ پوشش مکانی و زمانی ثبت‌شده؛ checksum و license؛ کنترل واحد/دامنه؛ عدم تبدیل missing به صفر؛ مقایسه با حداقل یک منبع مستقل.,صفحه فعلی کد کوتاه ۴۰ شاخص را می‌پذیرد، اما connector فعلی بسیاری از مقادیر را از POI/متغیر ملی با ضرایب ابتکاری می‌سازد و فرمول رجیستر را اجرا نمی‌کند.,P0,بله
M-CORE-P3,سنجش,هسته ۸ سرمایه,قابلیت استفاده فضای عمومی,میانگین اقلام مشاهده‌ای ۰–۲، تبدیل به ۰–۱۰۰,ممیزی میدانی,سالانه/مطابق منبع,محله و زیرمحله,E_SURVEY_OR_FIELD,FIELD_AUDIT_ONLY,ممیزی مشاهده‌ای استاندارد؛ تصویر خیابانی دارای مجوز فقط برای پیش‌غربالگری,چک‌لیست ۰–۲ با نمونه‌گیری نقاط؛ مدل بینایی رایانه‌ای نمی‌تواند امنیت، نگهداری و قابلیت استفاده را بدون پروتکل جایگزین کند.,جانشین‌سازی با POI، مدل زبانی یا تصویر ماهواره‌ای ممنوع؛ فقط ابزار استاندارد، نمونه‌گیری، وزن‌دهی، ناشناس‌سازی و آزمون پایایی/روایی.,صفحه فعلی کد کوتاه ۴۰ شاخص را می‌پذیرد، اما connector فعلی بسیاری از مقادیر را از POI/متغیر ملی با ضرایب ابتکاری می‌سازد و فرمول رجیستر را اجرا نمی‌کند.,P3,خیر
M-CORE-P4,سنجش,هسته ۸ سرمایه,دسترسی خدمات پایه,جمعیت در آستانه شبکه‌ای خدمت ÷ کل جمعیت ×۱۰۰,GIS/ثبت خدمت,سالانه/مطابق منبع,محله و زیرمحله,A_PUBLIC_AUTOMATIC,PROVISIONAL_PUBLIC,OSM/Overture و ثبت رسمی خدمات + OSM PBF؛ WorldPop/GHSL برای توزیع جمعیت؛ https://download.geofabrik.de/asia/iran.html; https://hub.worldpop.org/; https://human-settlement.emergency.copernicus.eu/,مبدأهای جمعیت بلوکی/شبکه‌ای؛ shortest-path پیاده تا خدمت فعال؛ جمعیت در آستانه مصوب تقسیم بر کل؛ ظرفیت خدمت جداگانه.,مرز محله تأییدشده؛ پوشش مکانی و زمانی ثبت‌شده؛ checksum و license؛ کنترل واحد/دامنه؛ عدم تبدیل missing به صفر؛ مقایسه با حداقل یک منبع مستقل.,صفحه فعلی کد کوتاه ۴۰ شاخص را می‌پذیرد، اما connector فعلی بسیاری از مقادیر را از POI/متغیر ملی با ضرایب ابتکاری می‌سازد و فرمول رجیستر را اجرا نمی‌کند.,P0,بله
M-CORE-P5,سنجش,هسته ۸ سرمایه,دسترسی حمل‌ونقل پایدار,جمعیت برخوردار از حمل‌ونقل فعال/عمومی مناسب ÷ کل ×۱۰۰,GIS/GTFS,سالانه/مطابق منبع,محله و زیرمحله,A_PUBLIC_AUTOMATIC,PROVISIONAL_PUBLIC,GTFS/برنامه رسمی حمل‌ونقل، OSM مسیر/ایستگاه، شبکه پیاده و جمعیت بلوکی؛ بدون برنامه فعال مقدار verified صادر نشود,پوشش پیاده تا ایستگاه + فراوانی/ساعات سرویس + دسترس‌پذیری؛ جمعیت‌وزن‌دار و تفکیک زمان اوج/غیراوج.,مرز محله تأییدشده؛ پوشش مکانی و زمانی ثبت‌شده؛ checksum و license؛ کنترل واحد/دامنه؛ عدم تبدیل missing به صفر؛ مقایسه با حداقل یک منبع مستقل.,صفحه فعلی کد کوتاه ۴۰ شاخص را می‌پذیرد، اما connector فعلی بسیاری از مقادیر را از POI/متغیر ملی با ضرایب ابتکاری می‌سازد و فرمول رجیستر را اجرا نمی‌کند.,P1,بله
M-CORE-N1,سنجش,هسته ۸ سرمایه,دسترسی به فضای سبز,جمعیت در فاصله پیاده مصوب ÷ کل جمعیت ×۱۰۰,GIS,سالانه/مطابق منبع,محله و زیرمحله,A_PUBLIC_AUTOMATIC,PROVISIONAL_PUBLIC,پارک و فضای سبز عمومی رسمی/OSM، شبکه پیاده و WorldPop/GHSL؛ https://download.geofabrik.de/asia/iran.html; https://hub.worldpop.org/,فضای سبز عمومی قابل ورود و فعال؛ زمان شبکه‌ای پیاده تا ورودی؛ پوشش جمعیت در آستانه مصوب.,مرز محله تأییدشده؛ پوشش مکانی و زمانی ثبت‌شده؛ checksum و license؛ کنترل واحد/دامنه؛ عدم تبدیل missing به صفر؛ مقایسه با حداقل یک منبع مستقل.,صفحه فعلی کد کوتاه ۴۰ شاخص را می‌پذیرد، اما connector فعلی بسیاری از مقادیر را از POI/متغیر ملی با ضرایب ابتکاری می‌سازد و فرمول رجیستر را اجرا نمی‌کند.,P0,بله
M-CORE-N2,سنجش,هسته ۸ سرمایه,پوشش سبز,مساحت تاج درخت/پوشش سبز معتبر ÷ مساحت خشکی ×۱۰۰,سنجش‌ازدور/GIS,سالانه/مطابق منبع,محله و زیرمحله,A_PUBLIC_AUTOMATIC,VERIFIED_OPEN_EO,Sentinel-2 L2A از CDSE/Earth Search، ESA WorldCover/Dynamic World؛ https://dataspace.copernicus.eu/; https://earth-search.aws.element84.com/v1,ترکیب فصلی cloud-free؛ NDVI=(B8−B4)/(B8+B4)؛ حذف آب با MNDWI و سطح مصنوعی با NDBI؛ مساحت کلاس سبز معتبر/مساحت خشکی ×۱۰۰.,Sentinel-2 L2A؛ ماسک SCL/ابر و سایه؛ پوشش AOI حداقل ۹۹٪؛ هم‌مرجعی باندها؛ valid-pixel کافی؛ ترکیب فصلی هم‌سن؛ کنترل ناهنجاری زمانی و provenance کامل COG/STAC.,صفحه فعلی کد کوتاه ۴۰ شاخص را می‌پذیرد، اما connector فعلی بسیاری از مقادیر را از POI/متغیر ملی با ضرایب ابتکاری می‌سازد و فرمول رجیستر را اجرا نمی‌کند.,P0,بله
M-CORE-N3,سنجش,هسته ۸ سرمایه,کیفیت هوا,PM2.5 جمعیت‌وزن‌دار؛ سپس نمره معکوس نسبت به استاندارد,پایش محیطی,سالانه/مطابق منبع,محله و زیرمحله,A_PUBLIC_AUTOMATIC,PROVISIONAL_PUBLIC,ایستگاه رسمی محیط‌زیست/OpenAQ + CAMS؛ Sentinel-5P فقط شاهد NO2 و نه PM2.5؛ https://openaq.org/; https://ads.atmosphere.copernicus.eu/,همجوشی ایستگاه و مدل با cross-validation؛ PM2.5 سالانه جمعیت‌وزن‌دار؛ تبدیل معکوس با حدود مصوب، نه ۱۰۰−PM2.5 خام.,حداقل تعداد روز معتبر؛ بایاس ایستگاه/مدل؛ رزولوشن مکانی؛ عدم ادعای محله‌ای برای داده بسیار درشت؛ provenance و uncertainty.,صفحه فعلی کد کوتاه ۴۰ شاخص را می‌پذیرد، اما connector فعلی بسیاری از مقادیر را از POI/متغیر ملی با ضرایب ابتکاری می‌سازد و فرمول رجیستر را اجرا نمی‌کند.,P1,بله
M-CORE-N4,سنجش,هسته ۸ سرمایه,مواجهه با خطر,جمعیت در پهنه خطر ÷ کل جمعیت ×۱۰۰,GIS مخاطرات,سالانه/مطابق منبع,محله و زیرمحله,A_PUBLIC_AUTOMATIC,PROVISIONAL_PUBLIC,پهنه سیل/زلزله/رانش/حریق رسمی + Copernicus DEM، JRC water و NASA FIRMS؛ جمعیت WorldPop/GHSL؛ https://global-surface-water.appspot.com/; https://firms.modaps.eosdis.nasa.gov/,تقاطع جمعیت/ساختمان با hazard layers سناریو و دوره بازگشت مشخص؛ مواجهه هر خطر جدا و ترکیب فقط با وزن مصوب.,مرز محله تأییدشده؛ پوشش مکانی و زمانی ثبت‌شده؛ checksum و license؛ کنترل واحد/دامنه؛ عدم تبدیل missing به صفر؛ مقایسه با حداقل یک منبع مستقل.,صفحه فعلی کد کوتاه ۴۰ شاخص را می‌پذیرد، اما connector فعلی بسیاری از مقادیر را از POI/متغیر ملی با ضرایب ابتکاری می‌سازد و فرمول رجیستر را اجرا نمی‌کند.,P1,بله
M-CORE-N5,سنجش,هسته ۸ سرمایه,تاب‌آوری اقلیمی,میانگین وزنی گرما، آب‌گرفتگی، خشکسالی و ظرفیت پاسخ پس از نرمال‌سازی,GIS/اقلیم/مدیریت بحران,سالانه/مطابق منبع,محله و زیرمحله,D_HYBRID_REVIEW,PROVISIONAL_THEN_REVIEW,ERA5-Land، CHIRPS/GPM، LST Landsat/MODIS، JRC GSW و داده ظرفیت پاسخ مدیریت بحران؛ https://cds.climate.copernicus.eu/; https://www.chc.ucsb.edu/data/chirps; https://global-surface-water.appspot.com/,زیرشاخص گرما، آب‌گرفتگی، خشکسالی و ظرفیت پاسخ جداگانه؛ استانداردسازی اقلیمی ۱۰+ ساله؛ تابع ترکیب نسخه‌دار.,مولفه‌های عینی، مکانی، رفتاری و ادراکی جدا بمانند؛ حداقل پوشش مصوب؛ تعارض شواهد و عدم‌قطعیت نمایش داده شود؛ تأیید بازبین برای خروجی رسمی.,صفحه فعلی کد کوتاه ۴۰ شاخص را می‌پذیرد، اما connector فعلی بسیاری از مقادیر را از POI/متغیر ملی با ضرایب ابتکاری می‌سازد و فرمول رجیستر را اجرا نمی‌کند.,P2,جزئی/مشروط
M-CORE-C1,سنجش,هسته ۸ سرمایه,دارایی فرهنگی,دارایی فرهنگی فعال/ثبت‌شده ÷ جمعیت ×۱۰۰۰,GIS/اسناد,سالانه/مطابق منبع,محله و زیرمحله,A_PUBLIC_AUTOMATIC,PROVISIONAL_PUBLIC,ثبت رسمی میراث/فرهنگ + Wikidata/OSM؛ https://query.wikidata.org/; https://download.geofabrik.de/asia/iran.html,Deduplicate مکان‌ها؛ وضعیت ثبت و فعالیت جدا؛ تعداد دارایی فعال/ثبت‌شده بر جمعیت ×۱۰۰۰.,مرز محله تأییدشده؛ پوشش مکانی و زمانی ثبت‌شده؛ checksum و license؛ کنترل واحد/دامنه؛ عدم تبدیل missing به صفر؛ مقایسه با حداقل یک منبع مستقل.,صفحه فعلی کد کوتاه ۴۰ شاخص را می‌پذیرد، اما connector فعلی بسیاری از مقادیر را از POI/متغیر ملی با ضرایب ابتکاری می‌سازد و فرمول رجیستر را اجرا نمی‌کند.,P1,بله
M-CORE-C2,سنجش,هسته ۸ سرمایه,فعال‌بودن دارایی فرهنگی,دارایی دارای استفاده/برنامه فعال ÷ کل دارایی ×۱۰۰,مشاهده/برنامه فعالیت,سالانه/مطابق منبع,محله و زیرمحله,D_HYBRID_REVIEW,PROVISIONAL_THEN_REVIEW,تقویم رسمی رویداد، بلیت/ثبت‌نام، برنامه مراکز، وب‌سایت و شبکه اجتماعی رسمی با مجوز,NLP برای استخراج تاریخ/مکان/برنامه؛ دارایی با فعالیت معتبر در پنجره زمانی تقسیم بر کل؛ بازبینی نمونه‌ای انسانی.,مولفه‌های عینی، مکانی، رفتاری و ادراکی جدا بمانند؛ حداقل پوشش مصوب؛ تعارض شواهد و عدم‌قطعیت نمایش داده شود؛ تأیید بازبین برای خروجی رسمی.,صفحه فعلی کد کوتاه ۴۰ شاخص را می‌پذیرد، اما connector فعلی بسیاری از مقادیر را از POI/متغیر ملی با ضرایب ابتکاری می‌سازد و فرمول رجیستر را اجرا نمی‌کند.,P2,جزئی/مشروط
M-CORE-C3,سنجش,هسته ۸ سرمایه,هویت محله‌ای,(میانگین وزنی لیکرت−۱)÷۴×۱۰۰,پیمایش,سالانه و پس از مداخله,محله و زیرمحله,E_SURVEY_OR_FIELD,SURVEY_ONLY,پیمایش هویت محله‌ای,میانگین لیکرت طبق رجیستر؛ نام تاریخی یا تراکم میراث جانشین احساس هویت نیست.,جانشین‌سازی با POI، مدل زبانی یا تصویر ماهواره‌ای ممنوع؛ فقط ابزار استاندارد، نمونه‌گیری، وزن‌دهی، ناشناس‌سازی و آزمون پایایی/روایی.,صفحه فعلی کد کوتاه ۴۰ شاخص را می‌پذیرد، اما connector فعلی بسیاری از مقادیر را از POI/متغیر ملی با ضرایب ابتکاری می‌سازد و فرمول رجیستر را اجرا نمی‌کند.,P3,خیر
M-CORE-C4,سنجش,هسته ۸ سرمایه,مشارکت فرهنگی,مشارکت‌کنندگان فعالیت فرهنگی ÷ جمعیت واجد ×۱۰۰,پیمایش/ثبت برنامه,سالانه و پس از مداخله,محله و زیرمحله,B_RESTRICTED_AUTOMATIC,VERIFIED_AFTER_CONTRACT,ثبت‌نام/بلیت و حضور فعالیت‌های فرهنگی + جمعیت واجد SCI,شرکت‌کننده یکتا در پنجره زمانی تقسیم بر جمعیت واجد؛ بازدید آنلاین و حضوری جدا.,قرارداد تبادل داده و مبنای قانونی؛ حذف شناسه شخصی؛ کنترل جمع صورت/مخرج؛ تطبیق با آمار منتشره؛ نسخه، زمان مرجع، پوشش و evidence_id.,صفحه فعلی کد کوتاه ۴۰ شاخص را می‌پذیرد، اما connector فعلی بسیاری از مقادیر را از POI/متغیر ملی با ضرایب ابتکاری می‌سازد و فرمول رجیستر را اجرا نمی‌کند.,P2,بله
M-CORE-C5,سنجش,هسته ۸ سرمایه,انتقال هویت,جوانان مشارکت‌کننده در روایت/فعالیت محلی ÷ جوانان واجد ×۱۰۰,پیمایش,سالانه و پس از مداخله,محله و زیرمحله,D_HYBRID_REVIEW,PROVISIONAL_THEN_REVIEW,ثبت برنامه‌های محلی با سن شرکت‌کننده، مدارس/کانون‌ها و آرشیو روایت؛ پیمایش در صورت فقدان ثبت,جوانان یکتای مشارکت‌کننده تقسیم بر جوانان واجد؛ کیفیت و نقش مشارکت با rubric و نمونه‌بینی.,مولفه‌های عینی، مکانی، رفتاری و ادراکی جدا بمانند؛ حداقل پوشش مصوب؛ تعارض شواهد و عدم‌قطعیت نمایش داده شود؛ تأیید بازبین برای خروجی رسمی.,صفحه فعلی کد کوتاه ۴۰ شاخص را می‌پذیرد، اما connector فعلی بسیاری از مقادیر را از POI/متغیر ملی با ضرایب ابتکاری می‌سازد و فرمول رجیستر را اجرا نمی‌کند.,P3,جزئی/مشروط
M-CORE-G1,سنجش,هسته ۸ سرمایه,مشارکت در تصمیم‌گیری,فرایندهای دارای مشارکت واقعی گروه‌های محلی ÷ کل فرایندها ×۱۰۰,اسناد/پیمایش,سالانه و پس از مداخله,محله و زیرمحله,D_HYBRID_REVIEW,PROVISIONAL_THEN_REVIEW,صورت‌جلسه، سامانه مشورت عمومی، رأی/نظر ثبت‌شده و فهرست ذی‌نفعان,NLP فقط استخراج مدرک؛ فرایند «مشارکت واقعی» با قواعد حق رأی/اثر بر تصمیم و بازبینی انسانی.,مولفه‌های عینی، مکانی، رفتاری و ادراکی جدا بمانند؛ حداقل پوشش مصوب؛ تعارض شواهد و عدم‌قطعیت نمایش داده شود؛ تأیید بازبین برای خروجی رسمی.,صفحه فعلی کد کوتاه ۴۰ شاخص را می‌پذیرد، اما connector فعلی بسیاری از مقادیر را از POI/متغیر ملی با ضرایب ابتکاری می‌سازد و فرمول رجیستر را اجرا نمی‌کند.,P2,جزئی/مشروط
M-CORE-G2,سنجش,هسته ۸ سرمایه,پاسخگویی,درخواست‌های حل‌شده در SLA ÷ درخواست‌های واجد ×۱۰۰,سامانه مدیریت شهری,سالانه/مطابق منبع,محله و زیرمحله,B_RESTRICTED_AUTOMATIC,VERIFIED_AFTER_CONTRACT,سامانه ۱۳۷/۱۸۸۸، CRM شهرداری و SLA خدمت,درخواست واجد یکتا؛ حل قطعی در SLA تقسیم بر کل واجد؛ reopen و duplicate مدیریت شود.,قرارداد تبادل داده و مبنای قانونی؛ حذف شناسه شخصی؛ کنترل جمع صورت/مخرج؛ تطبیق با آمار منتشره؛ نسخه، زمان مرجع، پوشش و evidence_id.,صفحه فعلی کد کوتاه ۴۰ شاخص را می‌پذیرد، اما connector فعلی بسیاری از مقادیر را از POI/متغیر ملی با ضرایب ابتکاری می‌سازد و فرمول رجیستر را اجرا نمی‌کند.,P1,بله
M-CORE-G3,سنجش,هسته ۸ سرمایه,هماهنگی نهادی,امتیاز شبکه همکاری: تراکم/مرکزیت/تداوم توافق‌های عملی,ارزیابی شبکه/خبرگان,سالانه/مطابق منبع,محله و زیرمحله,D_HYBRID_REVIEW,PROVISIONAL_THEN_REVIEW,توافق‌نامه‌ها، پروژه‌های مشترک، صورت‌جلسه و گردش‌کار بین‌سازمانی,گراف سازمانی با تراکم/مرکزیت/تداوم همکاری؛ لبه فقط با مدرک عملی؛ وزن و تفسیر با تصویب متخصص.,مولفه‌های عینی، مکانی، رفتاری و ادراکی جدا بمانند؛ حداقل پوشش مصوب؛ تعارض شواهد و عدم‌قطعیت نمایش داده شود؛ تأیید بازبین برای خروجی رسمی.,صفحه فعلی کد کوتاه ۴۰ شاخص را می‌پذیرد، اما connector فعلی بسیاری از مقادیر را از POI/متغیر ملی با ضرایب ابتکاری می‌سازد و فرمول رجیستر را اجرا نمی‌کند.,P3,جزئی/مشروط
M-CORE-G4,سنجش,هسته ۸ سرمایه,ظرفیت اجرا,پروژه‌های تکمیل‌شده در زمان/بودجه ÷ پروژه‌های مصوب ×۱۰۰,داده پروژه,سالانه/مطابق منبع,محله و زیرمحله,B_RESTRICTED_AUTOMATIC,VERIFIED_AFTER_CONTRACT,سامانه کنترل پروژه، بودجه و قراردادها,پروژه تکمیل‌شده هم‌زمان و هم‌بودجه تقسیم بر مصوب واجد؛ تغییر دامنه و تعلیق جدا.,قرارداد تبادل داده و مبنای قانونی؛ حذف شناسه شخصی؛ کنترل جمع صورت/مخرج؛ تطبیق با آمار منتشره؛ نسخه، زمان مرجع، پوشش و evidence_id.,صفحه فعلی کد کوتاه ۴۰ شاخص را می‌پذیرد، اما connector فعلی بسیاری از مقادیر را از POI/متغیر ملی با ضرایب ابتکاری می‌سازد و فرمول رجیستر را اجرا نمی‌کند.,P1,بله
M-CORE-G5,سنجش,هسته ۸ سرمایه,یادگیری نهادی,پروژه‌های استفاده‌کننده از ارزیابی قبلی ÷ کل پروژه‌ها ×۱۰۰,اسناد/ارزیابی,سالانه/مطابق منبع,محله و زیرمحله,D_HYBRID_REVIEW,PROVISIONAL_THEN_REVIEW,گزارش ارزیابی، مصوبه اصلاحی، lesson learned و نسخه پروژه,پیوند صریح ارزیابی قبلی به تصمیم/طراحی جدید؛ NLP پیشنهاد پیوند می‌دهد و بازبین تأیید می‌کند.,مولفه‌های عینی، مکانی، رفتاری و ادراکی جدا بمانند؛ حداقل پوشش مصوب؛ تعارض شواهد و عدم‌قطعیت نمایش داده شود؛ تأیید بازبین برای خروجی رسمی.,صفحه فعلی کد کوتاه ۴۰ شاخص را می‌پذیرد، اما connector فعلی بسیاری از مقادیر را از POI/متغیر ملی با ضرایب ابتکاری می‌سازد و فرمول رجیستر را اجرا نمی‌کند.,P2,جزئی/مشروط
M-CORE-R1,سنجش,هسته ۸ سرمایه,اتصال به شبکه شهری,میانه زمان سفر جمعیت‌وزن‌دار به مراکز اصلی,GIS شبکه,سالانه/مطابق منبع,محله و زیرمحله,A_PUBLIC_AUTOMATIC,PROVISIONAL_PUBLIC,OSM PBF/شبکه رسمی، مراکز اصلی و در صورت دسترسی GTFS؛ https://download.geofabrik.de/asia/iran.html,زمان سفر شبکه‌ای چندحالته از سلول‌های جمعیت؛ میانه جمعیت‌وزن‌دار؛ ساعت و mode ثابت.,مرز محله تأییدشده؛ پوشش مکانی و زمانی ثبت‌شده؛ checksum و license؛ کنترل واحد/دامنه؛ عدم تبدیل missing به صفر؛ مقایسه با حداقل یک منبع مستقل.,صفحه فعلی کد کوتاه ۴۰ شاخص را می‌پذیرد، اما connector فعلی بسیاری از مقادیر را از POI/متغیر ملی با ضرایب ابتکاری می‌سازد و فرمول رجیستر را اجرا نمی‌کند.,P0,بله
M-CORE-R2,سنجش,هسته ۸ سرمایه,دسترسی به فرصت شغلی,تعداد فرصت شغلی قابل دسترس در آستانه زمان برای هر مبدأ، جمعیت‌وزن‌دار,GIS/بازار کار,سالانه/مطابق منبع,محله و زیرمحله,D_HYBRID_REVIEW,PROVISIONAL_THEN_REVIEW,ثبت فرصت شغلی وزارت کار/کاریابی و feed مجاز آگهی‌ها + شبکه سفر,فرصت فعال deduplicate شده در isochrone زمانی برای هر مبدأ؛ وزن مهارت/ظرفیت؛ داده آگهی بدون مجوز ممنوع.,مولفه‌های عینی، مکانی، رفتاری و ادراکی جدا بمانند؛ حداقل پوشش مصوب؛ تعارض شواهد و عدم‌قطعیت نمایش داده شود؛ تأیید بازبین برای خروجی رسمی.,صفحه فعلی کد کوتاه ۴۰ شاخص را می‌پذیرد، اما connector فعلی بسیاری از مقادیر را از POI/متغیر ملی با ضرایب ابتکاری می‌سازد و فرمول رجیستر را اجرا نمی‌کند.,P2,جزئی/مشروط
M-CORE-R3,سنجش,هسته ۸ سرمایه,دسترسی به دانش,میانه زمان شبکه‌ای به مراکز آموزش/دانش فعال,GIS/ثبت مراکز,سالانه/مطابق منبع,محله و زیرمحله,A_PUBLIC_AUTOMATIC,PROVISIONAL_PUBLIC,ثبت رسمی مراکز آموزش/دانش + OSM و شبکه سفر؛ https://download.geofabrik.de/asia/iran.html,مرکز فعال و متناسب با سطح؛ زمان شبکه‌ای از جمعیت؛ میانه و پوشش آستانه‌ای هم‌زمان گزارش شود.,مرز محله تأییدشده؛ پوشش مکانی و زمانی ثبت‌شده؛ checksum و license؛ کنترل واحد/دامنه؛ عدم تبدیل missing به صفر؛ مقایسه با حداقل یک منبع مستقل.,صفحه فعلی کد کوتاه ۴۰ شاخص را می‌پذیرد، اما connector فعلی بسیاری از مقادیر را از POI/متغیر ملی با ضرایب ابتکاری می‌سازد و فرمول رجیستر را اجرا نمی‌کند.,P0,بله
M-CORE-R4,سنجش,هسته ۸ سرمایه,اتصال اقتصادی,فروش/خرید/همکاری بیرون‌محله‌ای بنگاه‌ها ÷ کل تعامل اقتصادی ×۱۰۰,پیمایش بنگاه,سالانه و پس از مداخله,محله و زیرمحله,B_RESTRICTED_AUTOMATIC,VERIFIED_AFTER_CONTRACT,تراکنش و زنجیره تأمین تجمیعی بنگاه، مالیات/فاکتور و همکاری قراردادی,تعامل اقتصادی بیرون‌محله‌ای تقسیم بر کل تعامل؛ محرمانگی، حداقل n و حذف مقادیر قابل شناسایی.,قرارداد تبادل داده و مبنای قانونی؛ حذف شناسه شخصی؛ کنترل جمع صورت/مخرج؛ تطبیق با آمار منتشره؛ نسخه، زمان مرجع، پوشش و evidence_id.,صفحه فعلی کد کوتاه ۴۰ شاخص را می‌پذیرد، اما connector فعلی بسیاری از مقادیر را از POI/متغیر ملی با ضرایب ابتکاری می‌سازد و فرمول رجیستر را اجرا نمی‌کند.,P3,بله
M-CORE-R5,سنجش,هسته ۸ سرمایه,اتصال دیجیتال,میانگین نرمال‌شده پوشش، سرعت، پایداری و استفاده مؤثر,اپراتور/پیمایش,سالانه و پس از مداخله,محله و زیرمحله,D_HYBRID_REVIEW,PROVISIONAL_THEN_REVIEW,رگولاتوری/اپراتور + Ookla Open Data، M-Lab و OpenCellID؛ https://github.com/teamookla/ookla-open-data; https://www.measurementlab.net/data/; https://opencellid.org/,پوشش، سرعت، latency و پایداری مکانی؛ «استفاده مؤثر» فقط از داده اپراتوری تجمیعی یا پیمایش و نباید از پوشش استنباط شود.,مولفه‌های عینی، مکانی، رفتاری و ادراکی جدا بمانند؛ حداقل پوشش مصوب؛ تعارض شواهد و عدم‌قطعیت نمایش داده شود؛ تأیید بازبین برای خروجی رسمی.,صفحه فعلی کد کوتاه ۴۰ شاخص را می‌پذیرد، اما connector فعلی بسیاری از مقادیر را از POI/متغیر ملی با ضرایب ابتکاری می‌سازد و فرمول رجیستر را اجرا نمی‌کند.,P2,جزئی/مشروط
M-SUR-C1,سنجش,پیمایش ادراکی ۱۵‌گویه,محله از نظر فضای سبز و درختان غنی است,Score = 100×(Mean−1)/4,پیمایش؛ —,سالانه و پیش/پس از مداخله,محله/زیرمحله,E_SURVEY_OR_FIELD,SURVEY_ONLY,پیمایش ادراکی استاندارد ۱۵‌گویه,محاسبه عین فرمول رجیستر؛ داده عینی فقط برای مقایسه ادراک-واقعیت نگهداری شود.,جانشین‌سازی با POI، مدل زبانی یا تصویر ماهواره‌ای ممنوع؛ فقط ابزار استاندارد، نمونه‌گیری، وزن‌دهی، ناشناس‌سازی و آزمون پایایی/روایی.,فرم پیمایش وجود دارد اما داده ادراکی نباید با proxy عینی پر شود.,P3,خیر
M-SUR-C2,سنجش,پیمایش ادراکی ۱۵‌گویه,کیفیت هوا در بیشتر روزها قابل قبول است,Score = 100×(Mean−1)/4,پیمایش؛ —,سالانه و پیش/پس از مداخله,محله/زیرمحله,E_SURVEY_OR_FIELD,SURVEY_ONLY,پیمایش ادراکی استاندارد ۱۵‌گویه,محاسبه عین فرمول رجیستر؛ داده عینی فقط برای مقایسه ادراک-واقعیت نگهداری شود.,جانشین‌سازی با POI، مدل زبانی یا تصویر ماهواره‌ای ممنوع؛ فقط ابزار استاندارد، نمونه‌گیری، وزن‌دهی، ناشناس‌سازی و آزمون پایایی/روایی.,فرم پیمایش وجود دارد اما داده ادراکی نباید با proxy عینی پر شود.,P3,خیر
M-SUR-C3,سنجش,پیمایش ادراکی ۱۵‌گویه,آلودگی صوتی محله آزاردهنده است,Score = 100−[100×(Mean−1)/4],پیمایش؛ اگر پاسخ ۴ یا ۵: منبع صدا چیست؟,سالانه و پیش/پس از مداخله,محله/زیرمحله,E_SURVEY_OR_FIELD,SURVEY_ONLY,پیمایش ادراکی استاندارد ۱۵‌گویه,محاسبه عین فرمول رجیستر؛ داده عینی فقط برای مقایسه ادراک-واقعیت نگهداری شود.,جانشین‌سازی با POI، مدل زبانی یا تصویر ماهواره‌ای ممنوع؛ فقط ابزار استاندارد، نمونه‌گیری، وزن‌دهی، ناشناس‌سازی و آزمون پایایی/روایی.,فرم پیمایش وجود دارد اما داده ادراکی نباید با proxy عینی پر شود.,P3,خیر
M-SUR-A1,سنجش,پیمایش ادراکی ۱۵‌گویه,دسترسی به حمل‌ونقل عمومی از خانه آسان است,Score = 100×(Mean−1)/4,پیمایش؛ اگر پاسخ ۱ یا ۲: کدام وسیله/مانع؟,سالانه و پیش/پس از مداخله,محله/زیرمحله,E_SURVEY_OR_FIELD,SURVEY_ONLY,پیمایش ادراکی استاندارد ۱۵‌گویه,محاسبه عین فرمول رجیستر؛ داده عینی فقط برای مقایسه ادراک-واقعیت نگهداری شود.,جانشین‌سازی با POI، مدل زبانی یا تصویر ماهواره‌ای ممنوع؛ فقط ابزار استاندارد، نمونه‌گیری، وزن‌دهی، ناشناس‌سازی و آزمون پایایی/روایی.,فرم پیمایش وجود دارد اما داده ادراکی نباید با proxy عینی پر شود.,P3,خیر
M-SUR-A2,سنجش,پیمایش ادراکی ۱۵‌گویه,دسترسی به خدمات روزمره آسان است,Score = 100×(Mean−1)/4,پیمایش؛ اگر پاسخ ۱ یا ۲: کدام خدمت؟,سالانه و پیش/پس از مداخله,محله/زیرمحله,E_SURVEY_OR_FIELD,SURVEY_ONLY,پیمایش ادراکی استاندارد ۱۵‌گویه,محاسبه عین فرمول رجیستر؛ داده عینی فقط برای مقایسه ادراک-واقعیت نگهداری شود.,جانشین‌سازی با POI، مدل زبانی یا تصویر ماهواره‌ای ممنوع؛ فقط ابزار استاندارد، نمونه‌گیری، وزن‌دهی، ناشناس‌سازی و آزمون پایایی/روایی.,فرم پیمایش وجود دارد اما داده ادراکی نباید با proxy عینی پر شود.,P3,خیر
M-SUR-A3,سنجش,پیمایش ادراکی ۱۵‌گویه,مسیرهای پیاده به هم متصل و جابه‌جایی آسان است,Score = 100×(Mean−1)/4,پیمایش؛ اگر پاسخ ۱ یا ۲: کدام مسیر؟,سالانه و پیش/پس از مداخله,محله/زیرمحله,E_SURVEY_OR_FIELD,SURVEY_ONLY,پیمایش ادراکی استاندارد ۱۵‌گویه,محاسبه عین فرمول رجیستر؛ داده عینی فقط برای مقایسه ادراک-واقعیت نگهداری شود.,جانشین‌سازی با POI، مدل زبانی یا تصویر ماهواره‌ای ممنوع؛ فقط ابزار استاندارد، نمونه‌گیری، وزن‌دهی، ناشناس‌سازی و آزمون پایایی/روایی.,فرم پیمایش وجود دارد اما داده ادراکی نباید با proxy عینی پر شود.,P3,خیر
M-SUR-U1,سنجش,پیمایش ادراکی ۱۵‌گویه,پیاده‌روها هموار، پیوسته و بدون مانع‌اند,Score = 100×(Mean−1)/4,پیمایش؛ اگر پاسخ ۱ یا ۲: نوع مانع؟,سالانه و پیش/پس از مداخله,محله/زیرمحله,E_SURVEY_OR_FIELD,SURVEY_ONLY,پیمایش ادراکی استاندارد ۱۵‌گویه,محاسبه عین فرمول رجیستر؛ داده عینی فقط برای مقایسه ادراک-واقعیت نگهداری شود.,جانشین‌سازی با POI، مدل زبانی یا تصویر ماهواره‌ای ممنوع؛ فقط ابزار استاندارد، نمونه‌گیری، وزن‌دهی، ناشناس‌سازی و آزمون پایایی/روایی.,فرم پیمایش وجود دارد اما داده ادراکی نباید با proxy عینی پر شود.,P3,خیر
M-SUR-U2,سنجش,پیمایش ادراکی ۱۵‌گویه,روشنایی معابر در شب کافی است,Score = 100×(Mean−1)/4,پیمایش؛ اگر پاسخ ۱ یا ۲: کدام معبر؟,سالانه و پیش/پس از مداخله,محله/زیرمحله,E_SURVEY_OR_FIELD,SURVEY_ONLY,پیمایش ادراکی استاندارد ۱۵‌گویه,محاسبه عین فرمول رجیستر؛ داده عینی فقط برای مقایسه ادراک-واقعیت نگهداری شود.,جانشین‌سازی با POI، مدل زبانی یا تصویر ماهواره‌ای ممنوع؛ فقط ابزار استاندارد، نمونه‌گیری، وزن‌دهی، ناشناس‌سازی و آزمون پایایی/روایی.,فرم پیمایش وجود دارد اما داده ادراکی نباید با proxy عینی پر شود.,P3,خیر
M-SUR-U3,سنجش,پیمایش ادراکی ۱۵‌گویه,پارک‌ها و فضاهای سبز امن، تمیز، فعال و قابل استفاده‌اند,Score = 100×(Mean−1)/4,پیمایش؛ اگر پاسخ ۱ یا ۲: نگهداری/امنیت/امکانات/دسترسی؟,سالانه و پیش/پس از مداخله,محله/زیرمحله,E_SURVEY_OR_FIELD,SURVEY_ONLY,پیمایش ادراکی استاندارد ۱۵‌گویه,محاسبه عین فرمول رجیستر؛ داده عینی فقط برای مقایسه ادراک-واقعیت نگهداری شود.,جانشین‌سازی با POI، مدل زبانی یا تصویر ماهواره‌ای ممنوع؛ فقط ابزار استاندارد، نمونه‌گیری، وزن‌دهی، ناشناس‌سازی و آزمون پایایی/روایی.,فرم پیمایش وجود دارد اما داده ادراکی نباید با proxy عینی پر شود.,P3,خیر
M-SUR-E1,سنجش,پیمایش ادراکی ۱۵‌گویه,در طول روز در محله احساس امنیت می‌کنم,Score = 100×(Mean−1)/4,پیمایش؛ اگر پاسخ ۱ یا ۲: عامل و مکان؟,سالانه و پیش/پس از مداخله,محله/زیرمحله,E_SURVEY_OR_FIELD,SURVEY_ONLY,پیمایش ادراکی استاندارد ۱۵‌گویه,محاسبه عین فرمول رجیستر؛ داده عینی فقط برای مقایسه ادراک-واقعیت نگهداری شود.,جانشین‌سازی با POI، مدل زبانی یا تصویر ماهواره‌ای ممنوع؛ فقط ابزار استاندارد، نمونه‌گیری، وزن‌دهی، ناشناس‌سازی و آزمون پایایی/روایی.,فرم پیمایش وجود دارد اما داده ادراکی نباید با proxy عینی پر شود.,P3,خیر
M-SUR-E2,سنجش,پیمایش ادراکی ۱۵‌گویه,به محله خود تعلق دارم,Score = 100×(Mean−1)/4,پیمایش؛ اگر پاسخ ۱ یا ۲: چرا؟,سالانه و پیش/پس از مداخله,محله/زیرمحله,E_SURVEY_OR_FIELD,SURVEY_ONLY,پیمایش ادراکی استاندارد ۱۵‌گویه,محاسبه عین فرمول رجیستر؛ داده عینی فقط برای مقایسه ادراک-واقعیت نگهداری شود.,جانشین‌سازی با POI، مدل زبانی یا تصویر ماهواره‌ای ممنوع؛ فقط ابزار استاندارد، نمونه‌گیری، وزن‌دهی، ناشناس‌سازی و آزمون پایایی/روایی.,فرم پیمایش وجود دارد اما داده ادراکی نباید با proxy عینی پر شود.,P3,خیر
M-SUR-E3,سنجش,پیمایش ادراکی ۱۵‌گویه,به همسایگان اعتماد دارم,Score = 100×(Mean−1)/4,پیمایش؛ اگر پاسخ ۱ یا ۲: زمینه بی‌اعتمادی؟,سالانه و پیش/پس از مداخله,محله/زیرمحله,E_SURVEY_OR_FIELD,SURVEY_ONLY,پیمایش ادراکی استاندارد ۱۵‌گویه,محاسبه عین فرمول رجیستر؛ داده عینی فقط برای مقایسه ادراک-واقعیت نگهداری شود.,جانشین‌سازی با POI، مدل زبانی یا تصویر ماهواره‌ای ممنوع؛ فقط ابزار استاندارد، نمونه‌گیری، وزن‌دهی، ناشناس‌سازی و آزمون پایایی/روایی.,فرم پیمایش وجود دارد اما داده ادراکی نباید با proxy عینی پر شود.,P3,خیر
M-SUR-O1,سنجش,پیمایش ادراکی ۱۵‌گویه,از زندگی در این محله راضی هستم,Score = 100×(Mean−1)/4,پیمایش؛ اگر پاسخ ۱ یا ۲: مهم‌ترین علت؟,سالانه و پیش/پس از مداخله,محله/زیرمحله,E_SURVEY_OR_FIELD,SURVEY_ONLY,پیمایش ادراکی استاندارد ۱۵‌گویه,محاسبه عین فرمول رجیستر؛ داده عینی فقط برای مقایسه ادراک-واقعیت نگهداری شود.,جانشین‌سازی با POI، مدل زبانی یا تصویر ماهواره‌ای ممنوع؛ فقط ابزار استاندارد، نمونه‌گیری، وزن‌دهی، ناشناس‌سازی و آزمون پایایی/روایی.,فرم پیمایش وجود دارد اما داده ادراکی نباید با proxy عینی پر شود.,P3,خیر
M-SUR-O2,سنجش,پیمایش ادراکی ۱۵‌گویه,در یک ماه گذشته احساس تنهایی داشته‌ام,Score = 100−[100×(Mean−1)/4],پیمایش؛ اگر پاسخ ۴ یا ۵: شخصی یا محله‌ای؟,سالانه و پیش/پس از مداخله,محله/زیرمحله,E_SURVEY_OR_FIELD,SURVEY_ONLY,پیمایش ادراکی استاندارد ۱۵‌گویه,محاسبه عین فرمول رجیستر؛ داده عینی فقط برای مقایسه ادراک-واقعیت نگهداری شود.,جانشین‌سازی با POI، مدل زبانی یا تصویر ماهواره‌ای ممنوع؛ فقط ابزار استاندارد، نمونه‌گیری، وزن‌دهی، ناشناس‌سازی و آزمون پایایی/روایی.,فرم پیمایش وجود دارد اما داده ادراکی نباید با proxy عینی پر شود.,P3,خیر
M-SUR-O3,سنجش,پیمایش ادراکی ۱۵‌گویه,اگر شرایط مالی اجازه دهد، مایل به ادامه سکونت هستم,Score = 100×(Mean−1)/4,پیمایش؛ اگر پاسخ ۱ یا ۲: علت جابه‌جایی؟,سالانه و پیش/پس از مداخله,محله/زیرمحله,E_SURVEY_OR_FIELD,SURVEY_ONLY,پیمایش ادراکی استاندارد ۱۵‌گویه,محاسبه عین فرمول رجیستر؛ داده عینی فقط برای مقایسه ادراک-واقعیت نگهداری شود.,جانشین‌سازی با POI، مدل زبانی یا تصویر ماهواره‌ای ممنوع؛ فقط ابزار استاندارد، نمونه‌گیری، وزن‌دهی، ناشناس‌سازی و آزمون پایایی/روایی.,فرم پیمایش وجود دارد اما داده ادراکی نباید با proxy عینی پر شود.,P3,خیر
M-K-H,سنجش,امتیازهای سرمایه,امتیاز سرمایه انسانی,K_H = Σ(w_i Z_i) / Σ(w_i),محاسبه قطعی پس از QA,هر دوره سنجش,محله/زیرمحله,C_DERIVED_DETERMINISTIC,COMPUTE_AFTER_UPSTREAM_QA,MeasurementRecordهای معتبر شاخص‌های همان سرمایه و وزن‌های نسخه‌دار,میانگین وزنی بدون جایگزینی missing؛ score، coverage، confidence و contribution هر شاخص جدا.,فقط ورودی validated؛ formula_version و registry_version ثابت؛ پوشش وزنی گزارش شود؛ missing بازنرمال‌سازی پنهان نشود؛ آزمون مرجع و تحلیل حساسیت.,محاسبه میانگین ساده موجود است؛ وزن نسخه‌دار، coverage و uncertainty در تصمیم‌یار اعمال نمی‌شود.,P0,بله
M-K-S,سنجش,امتیازهای سرمایه,امتیاز سرمایه اجتماعی,K_S = Σ(w_i Z_i) / Σ(w_i),محاسبه قطعی پس از QA,هر دوره سنجش,محله/زیرمحله,C_DERIVED_DETERMINISTIC,COMPUTE_AFTER_UPSTREAM_QA,MeasurementRecordهای معتبر شاخص‌های همان سرمایه و وزن‌های نسخه‌دار,میانگین وزنی بدون جایگزینی missing؛ score، coverage، confidence و contribution هر شاخص جدا.,فقط ورودی validated؛ formula_version و registry_version ثابت؛ پوشش وزنی گزارش شود؛ missing بازنرمال‌سازی پنهان نشود؛ آزمون مرجع و تحلیل حساسیت.,محاسبه میانگین ساده موجود است؛ وزن نسخه‌دار، coverage و uncertainty در تصمیم‌یار اعمال نمی‌شود.,P0,بله
M-K-EC,سنجش,امتیازهای سرمایه,امتیاز سرمایه اقتصادی,K_EC = Σ(w_i Z_i) / Σ(w_i),محاسبه قطعی پس از QA,هر دوره سنجش,محله/زیرمحله,C_DERIVED_DETERMINISTIC,COMPUTE_AFTER_UPSTREAM_QA,MeasurementRecordهای معتبر شاخص‌های همان سرمایه و وزن‌های نسخه‌دار,میانگین وزنی بدون جایگزینی missing؛ score، coverage، confidence و contribution هر شاخص جدا.,فقط ورودی validated؛ formula_version و registry_version ثابت؛ پوشش وزنی گزارش شود؛ missing بازنرمال‌سازی پنهان نشود؛ آزمون مرجع و تحلیل حساسیت.,محاسبه میانگین ساده موجود است؛ وزن نسخه‌دار، coverage و uncertainty در تصمیم‌یار اعمال نمی‌شود.,P0,بله
M-K-P,سنجش,امتیازهای سرمایه,امتیاز سرمایه کالبدی–زیرساختی,K_P = Σ(w_i Z_i) / Σ(w_i),محاسبه قطعی پس از QA,هر دوره سنجش,محله/زیرمحله,C_DERIVED_DETERMINISTIC,COMPUTE_AFTER_UPSTREAM_QA,MeasurementRecordهای معتبر شاخص‌های همان سرمایه و وزن‌های نسخه‌دار,میانگین وزنی بدون جایگزینی missing؛ score، coverage، confidence و contribution هر شاخص جدا.,فقط ورودی validated؛ formula_version و registry_version ثابت؛ پوشش وزنی گزارش شود؛ missing بازنرمال‌سازی پنهان نشود؛ آزمون مرجع و تحلیل حساسیت.,محاسبه میانگین ساده موجود است؛ وزن نسخه‌دار، coverage و uncertainty در تصمیم‌یار اعمال نمی‌شود.,P0,بله
M-K-N,سنجش,امتیازهای سرمایه,امتیاز سرمایه طبیعی–محیطی,K_N = Σ(w_i Z_i) / Σ(w_i),محاسبه قطعی پس از QA,هر دوره سنجش,محله/زیرمحله,C_DERIVED_DETERMINISTIC,COMPUTE_AFTER_UPSTREAM_QA,MeasurementRecordهای معتبر شاخص‌های همان سرمایه و وزن‌های نسخه‌دار,میانگین وزنی بدون جایگزینی missing؛ score، coverage، confidence و contribution هر شاخص جدا.,فقط ورودی validated؛ formula_version و registry_version ثابت؛ پوشش وزنی گزارش شود؛ missing بازنرمال‌سازی پنهان نشود؛ آزمون مرجع و تحلیل حساسیت.,محاسبه میانگین ساده موجود است؛ وزن نسخه‌دار، coverage و uncertainty در تصمیم‌یار اعمال نمی‌شود.,P0,بله
M-K-C,سنجش,امتیازهای سرمایه,امتیاز سرمایه فرهنگی–هویتی,K_C = Σ(w_i Z_i) / Σ(w_i),محاسبه قطعی پس از QA,هر دوره سنجش,محله/زیرمحله,C_DERIVED_DETERMINISTIC,COMPUTE_AFTER_UPSTREAM_QA,MeasurementRecordهای معتبر شاخص‌های همان سرمایه و وزن‌های نسخه‌دار,میانگین وزنی بدون جایگزینی missing؛ score، coverage، confidence و contribution هر شاخص جدا.,فقط ورودی validated؛ formula_version و registry_version ثابت؛ پوشش وزنی گزارش شود؛ missing بازنرمال‌سازی پنهان نشود؛ آزمون مرجع و تحلیل حساسیت.,محاسبه میانگین ساده موجود است؛ وزن نسخه‌دار، coverage و uncertainty در تصمیم‌یار اعمال نمی‌شود.,P0,بله
M-K-G,سنجش,امتیازهای سرمایه,امتیاز سرمایه نهادی–حکمرانی,K_G = Σ(w_i Z_i) / Σ(w_i),محاسبه قطعی پس از QA,هر دوره سنجش,محله/زیرمحله,C_DERIVED_DETERMINISTIC,COMPUTE_AFTER_UPSTREAM_QA,MeasurementRecordهای معتبر شاخص‌های همان سرمایه و وزن‌های نسخه‌دار,میانگین وزنی بدون جایگزینی missing؛ score، coverage، confidence و contribution هر شاخص جدا.,فقط ورودی validated؛ formula_version و registry_version ثابت؛ پوشش وزنی گزارش شود؛ missing بازنرمال‌سازی پنهان نشود؛ آزمون مرجع و تحلیل حساسیت.,محاسبه میانگین ساده موجود است؛ وزن نسخه‌دار، coverage و uncertainty در تصمیم‌یار اعمال نمی‌شود.,P0,بله
M-K-R,سنجش,امتیازهای سرمایه,امتیاز سرمایه شبکه‌ای–ارتباطی,K_R = Σ(w_i Z_i) / Σ(w_i),محاسبه قطعی پس از QA,هر دوره سنجش,محله/زیرمحله,C_DERIVED_DETERMINISTIC,COMPUTE_AFTER_UPSTREAM_QA,MeasurementRecordهای معتبر شاخص‌های همان سرمایه و وزن‌های نسخه‌دار,میانگین وزنی بدون جایگزینی missing؛ score، coverage، confidence و contribution هر شاخص جدا.,فقط ورودی validated؛ formula_version و registry_version ثابت؛ پوشش وزنی گزارش شود؛ missing بازنرمال‌سازی پنهان نشود؛ آزمون مرجع و تحلیل حساسیت.,محاسبه میانگین ساده موجود است؛ وزن نسخه‌دار، coverage و uncertainty در تصمیم‌یار اعمال نمی‌شود.,P0,بله
M-K-TOTAL,سنجش,امتیازهای سرمایه,شاخص کلی ذخیره سرمایه K,K = Σ(v_j K_j) / Σ(v_j),محاسبه قطعی,هر دوره سنجش,محله/زیرمحله,C_DERIVED_DETERMINISTIC,COMPUTE_AFTER_UPSTREAM_QA,MeasurementRecordهای معتبر شاخص‌های همان سرمایه و وزن‌های نسخه‌دار,میانگین وزنی بدون جایگزینی missing؛ score، coverage، confidence و contribution هر شاخص جدا.,فقط ورودی validated؛ formula_version و registry_version ثابت؛ پوشش وزنی گزارش شود؛ missing بازنرمال‌سازی پنهان نشود؛ آزمون مرجع و تحلیل حساسیت.,محاسبه میانگین ساده موجود است؛ وزن نسخه‌دار، coverage و uncertainty در تصمیم‌یار اعمال نمی‌شود.,P0,بله
M-STAGE-C,سنجش,زنجیره C-A-U-E-O,امتیاز ظرفیت,C = Σ(w_i Z_i) / Σ(w_i),محاسبه قطعی,هر دوره سنجش,سلول سرمایه×مکان×گروه×زمان,C_DERIVED_DETERMINISTIC,COMPUTE_AFTER_UPSTREAM_QA,شاخص‌های معتبر نگاشت‌شده به مرحله و سلول سرمایه×مکان×گروه×زمان,میانگین وزنی هر سلول؛ مرحله بدون داده null بماند؛ پوشش مرحله گزارش شود.,فقط ورودی validated؛ formula_version و registry_version ثابت؛ پوشش وزنی گزارش شود؛ missing بازنرمال‌سازی پنهان نشود؛ آزمون مرجع و تحلیل حساسیت.,محاسبه مرحله‌ای موجود است، اما سلول پنج‌بعدی، پوشش و missingness کامل نیست.,P0,بله
M-STAGE-A,سنجش,زنجیره C-A-U-E-O,امتیاز دسترسی,A = Σ(w_i Z_i) / Σ(w_i),محاسبه قطعی,هر دوره سنجش,سلول سرمایه×مکان×گروه×زمان,C_DERIVED_DETERMINISTIC,COMPUTE_AFTER_UPSTREAM_QA,شاخص‌های معتبر نگاشت‌شده به مرحله و سلول سرمایه×مکان×گروه×زمان,میانگین وزنی هر سلول؛ مرحله بدون داده null بماند؛ پوشش مرحله گزارش شود.,فقط ورودی validated؛ formula_version و registry_version ثابت؛ پوشش وزنی گزارش شود؛ missing بازنرمال‌سازی پنهان نشود؛ آزمون مرجع و تحلیل حساسیت.,محاسبه مرحله‌ای موجود است، اما سلول پنج‌بعدی، پوشش و missingness کامل نیست.,P0,بله
M-STAGE-U,سنجش,زنجیره C-A-U-E-O,امتیاز استفاده,U = Σ(w_i Z_i) / Σ(w_i),محاسبه قطعی,هر دوره سنجش,سلول سرمایه×مکان×گروه×زمان,C_DERIVED_DETERMINISTIC,COMPUTE_AFTER_UPSTREAM_QA,شاخص‌های معتبر نگاشت‌شده به مرحله و سلول سرمایه×مکان×گروه×زمان,میانگین وزنی هر سلول؛ مرحله بدون داده null بماند؛ پوشش مرحله گزارش شود.,فقط ورودی validated؛ formula_version و registry_version ثابت؛ پوشش وزنی گزارش شود؛ missing بازنرمال‌سازی پنهان نشود؛ آزمون مرجع و تحلیل حساسیت.,محاسبه مرحله‌ای موجود است، اما سلول پنج‌بعدی، پوشش و missingness کامل نیست.,P0,بله
M-STAGE-E,سنجش,زنجیره C-A-U-E-O,امتیاز تجربه,E = Σ(w_i Z_i) / Σ(w_i),محاسبه قطعی,هر دوره سنجش,سلول سرمایه×مکان×گروه×زمان,C_DERIVED_DETERMINISTIC,COMPUTE_AFTER_UPSTREAM_QA,شاخص‌های معتبر نگاشت‌شده به مرحله و سلول سرمایه×مکان×گروه×زمان,میانگین وزنی هر سلول؛ مرحله بدون داده null بماند؛ پوشش مرحله گزارش شود.,فقط ورودی validated؛ formula_version و registry_version ثابت؛ پوشش وزنی گزارش شود؛ missing بازنرمال‌سازی پنهان نشود؛ آزمون مرجع و تحلیل حساسیت.,محاسبه مرحله‌ای موجود است، اما سلول پنج‌بعدی، پوشش و missingness کامل نیست.,P0,بله
M-STAGE-O,سنجش,زنجیره C-A-U-E-O,امتیاز پیامد,O = Σ(w_i Z_i) / Σ(w_i),محاسبه قطعی,هر دوره سنجش,سلول سرمایه×مکان×گروه×زمان,C_DERIVED_DETERMINISTIC,COMPUTE_AFTER_UPSTREAM_QA,شاخص‌های معتبر نگاشت‌شده به مرحله و سلول سرمایه×مکان×گروه×زمان,میانگین وزنی هر سلول؛ مرحله بدون داده null بماند؛ پوشش مرحله گزارش شود.,فقط ورودی validated؛ formula_version و registry_version ثابت؛ پوشش وزنی گزارش شود؛ missing بازنرمال‌سازی پنهان نشود؛ آزمون مرجع و تحلیل حساسیت.,محاسبه مرحله‌ای موجود است، اما سلول پنج‌بعدی، پوشش و missingness کامل نیست.,P0,بله
M-Q,سنجش,خروجی‌های بالادستی,کیفیت محقق‌شده Q,"Q = weighted_mean(A,U,E,O)",محاسبه قطعی,هر دوره سنجش,محله/زیرمحله,D_HYBRID_REVIEW,PROVISIONAL_THEN_REVIEW,محاسبه قطعی,"Q = weighted_mean(A,U,E,O)",مولفه‌های عینی، مکانی، رفتاری و ادراکی جدا بمانند؛ حداقل پوشش مصوب؛ تعارض شواهد و عدم‌قطعیت نمایش داده شود؛ تأیید بازبین برای خروجی رسمی.,نیازمند اتصال به Evidence Registry و اجرای فرمول نسخه‌دار است.,P3,جزئی/مشروط
M-T,سنجش,خروجی‌های بالادستی,توان تبدیل T,"T = H(activation,conversion,governance,1−friction)",تابع مصوب پس از کالیبراسیون,هر دوره سنجش,محله/زیرمحله,D_HYBRID_REVIEW,PROVISIONAL_THEN_REVIEW,تابع مصوب پس از کالیبراسیون,"T = H(activation,conversion,governance,1−friction)",مولفه‌های عینی، مکانی، رفتاری و ادراکی جدا بمانند؛ حداقل پوشش مصوب؛ تعارض شواهد و عدم‌قطعیت نمایش داده شود؛ تأیید بازبین برای خروجی رسمی.,نیازمند اتصال به Evidence Registry و اجرای فرمول نسخه‌دار است.,P3,جزئی/مشروط
M-R,سنجش,خروجی‌های بالادستی,توان بازتولید R,"R = H(learning,sustainability,new_capital)",تابع مصوب پس از کالیبراسیون,سالانه/پس از مداخله,محله/زیرمحله,D_HYBRID_REVIEW,PROVISIONAL_THEN_REVIEW,تابع مصوب پس از کالیبراسیون,"R = H(learning,sustainability,new_capital)",مولفه‌های عینی، مکانی، رفتاری و ادراکی جدا بمانند؛ حداقل پوشش مصوب؛ تعارض شواهد و عدم‌قطعیت نمایش داده شود؛ تأیید بازبین برای خروجی رسمی.,نیازمند اتصال به Evidence Registry و اجرای فرمول نسخه‌دار است.,P3,جزئی/مشروط
M-BAND-Q,سنجش,باند مدیریتی,باند وضعیت Q,0–39 بحرانی؛ 40–59 ضعیف؛ 60–74 متوسط؛ 75–89 خوب؛ 90–100 ممتاز,طبقه‌بندی,هر دوره سنجش,محله/زیرمحله,C_DERIVED_DETERMINISTIC,COMPUTE_AFTER_UPSTREAM_QA,Q/T/R معتبر و thresholds نسخه‌دار,طبقه‌بندی قطعی؛ در confidence پایین برچسب provisional.,فقط ورودی validated؛ formula_version و registry_version ثابت؛ پوشش وزنی گزارش شود؛ missing بازنرمال‌سازی پنهان نشود؛ آزمون مرجع و تحلیل حساسیت.,منطق پایه موجود است؛ gate شواهد، uncertainty و آدرس پنج‌بعدی معتبر باید افزوده شود.,P0,بله
M-BAND-T,سنجش,باند مدیریتی,باند وضعیت T,0–39 بحرانی؛ 40–59 ضعیف؛ 60–74 متوسط؛ 75–89 خوب؛ 90–100 ممتاز,طبقه‌بندی,هر دوره سنجش,محله/زیرمحله,C_DERIVED_DETERMINISTIC,COMPUTE_AFTER_UPSTREAM_QA,Q/T/R معتبر و thresholds نسخه‌دار,طبقه‌بندی قطعی؛ در confidence پایین برچسب provisional.,فقط ورودی validated؛ formula_version و registry_version ثابت؛ پوشش وزنی گزارش شود؛ missing بازنرمال‌سازی پنهان نشود؛ آزمون مرجع و تحلیل حساسیت.,منطق پایه موجود است؛ gate شواهد، uncertainty و آدرس پنج‌بعدی معتبر باید افزوده شود.,P0,بله
M-BAND-R,سنجش,باند مدیریتی,باند وضعیت R,0–39 بحرانی؛ 40–59 ضعیف؛ 60–74 متوسط؛ 75–89 خوب؛ 90–100 ممتاز,طبقه‌بندی,هر دوره سنجش,محله/زیرمحله,C_DERIVED_DETERMINISTIC,COMPUTE_AFTER_UPSTREAM_QA,Q/T/R معتبر و thresholds نسخه‌دار,طبقه‌بندی قطعی؛ در confidence پایین برچسب provisional.,فقط ورودی validated؛ formula_version و registry_version ثابت؛ پوشش وزنی گزارش شود؛ missing بازنرمال‌سازی پنهان نشود؛ آزمون مرجع و تحلیل حساسیت.,منطق پایه موجود است؛ gate شواهد، uncertainty و آدرس پنج‌بعدی معتبر باید افزوده شود.,P0,بله
M-KTR-TYPE,سنجش,تیپ‌شناسی K–T–R,تیپ تشخیصی K–T–R,"Rule(K,T,R) → A/B/C/D/E",قواعد تصمیم نسخه‌گذاری‌شده,هر دوره سنجش,محله,C_DERIVED_DETERMINISTIC,COMPUTE_AFTER_UPSTREAM_QA,K/T/R معتبر و قواعد تصمیم نسخه‌گذاری‌شده,Rule engine قابل بازپخش؛ stability با Monte Carlo/حساسیت.,فقط ورودی validated؛ formula_version و registry_version ثابت؛ پوشش وزنی گزارش شود؛ missing بازنرمال‌سازی پنهان نشود؛ آزمون مرجع و تحلیل حساسیت.,نیازمند اتصال به Evidence Registry و اجرای فرمول نسخه‌دار است.,P1,بله
D-GAP-CA,تشخیص,شکاف تبدیل,شکاف ظرفیت تا دسترسی,G_CA = C − A,محاسبه قطعی,هر دوره سنجش,سرمایه×زیرمکان×گروه×زمان,C_DERIVED_DETERMINISTIC,COMPUTE_AFTER_UPSTREAM_QA,سلول‌های معتبر C/A/U/E/O,تفاضل فقط برای دو مرحله موجود؛ confidence شکاف تابع حداقل confidence دو طرف.,فقط ورودی validated؛ formula_version و registry_version ثابت؛ پوشش وزنی گزارش شود؛ missing بازنرمال‌سازی پنهان نشود؛ آزمون مرجع و تحلیل حساسیت.,منطق پایه موجود است؛ gate شواهد، uncertainty و آدرس پنج‌بعدی معتبر باید افزوده شود.,P0,بله
D-GAP-AU,تشخیص,شکاف تبدیل,شکاف دسترسی تا استفاده,G_AU = A − U,محاسبه قطعی,هر دوره سنجش,سرمایه×زیرمکان×گروه×زمان,C_DERIVED_DETERMINISTIC,COMPUTE_AFTER_UPSTREAM_QA,سلول‌های معتبر C/A/U/E/O,تفاضل فقط برای دو مرحله موجود؛ confidence شکاف تابع حداقل confidence دو طرف.,فقط ورودی validated؛ formula_version و registry_version ثابت؛ پوشش وزنی گزارش شود؛ missing بازنرمال‌سازی پنهان نشود؛ آزمون مرجع و تحلیل حساسیت.,منطق پایه موجود است؛ gate شواهد، uncertainty و آدرس پنج‌بعدی معتبر باید افزوده شود.,P0,بله
D-GAP-UE,تشخیص,شکاف تبدیل,شکاف استفاده تا تجربه,G_UE = U − E,محاسبه قطعی,هر دوره سنجش,سرمایه×زیرمکان×گروه×زمان,C_DERIVED_DETERMINISTIC,COMPUTE_AFTER_UPSTREAM_QA,سلول‌های معتبر C/A/U/E/O,تفاضل فقط برای دو مرحله موجود؛ confidence شکاف تابع حداقل confidence دو طرف.,فقط ورودی validated؛ formula_version و registry_version ثابت؛ پوشش وزنی گزارش شود؛ missing بازنرمال‌سازی پنهان نشود؛ آزمون مرجع و تحلیل حساسیت.,منطق پایه موجود است؛ gate شواهد، uncertainty و آدرس پنج‌بعدی معتبر باید افزوده شود.,P0,بله
D-GAP-EO,تشخیص,شکاف تبدیل,شکاف تجربه تا پیامد,G_EO = E − O,محاسبه قطعی,هر دوره سنجش,سرمایه×زیرمکان×گروه×زمان,C_DERIVED_DETERMINISTIC,COMPUTE_AFTER_UPSTREAM_QA,سلول‌های معتبر C/A/U/E/O,تفاضل فقط برای دو مرحله موجود؛ confidence شکاف تابع حداقل confidence دو طرف.,فقط ورودی validated؛ formula_version و registry_version ثابت؛ پوشش وزنی گزارش شود؛ missing بازنرمال‌سازی پنهان نشود؛ آزمون مرجع و تحلیل حساسیت.,منطق پایه موجود است؛ gate شواهد، uncertainty و آدرس پنج‌بعدی معتبر باید افزوده شود.,P0,بله
D-GAP-MAX,تشخیص,گلوگاه,بزرگ‌ترین شکاف مثبت,"max(0,G_CA,G_AU,G_UE,G_EO)",محاسبه قطعی,هر دوره,سلول پنج‌بعدی,C_DERIVED_DETERMINISTIC,COMPUTE_AFTER_UPSTREAM_QA,شکاف‌ها، سلول‌ها و ابعاد نشانی مسئله,argmax/min با tie handling؛ نشانی ناقص مانع حکم قطعی شود.,فقط ورودی validated؛ formula_version و registry_version ثابت؛ پوشش وزنی گزارش شود؛ missing بازنرمال‌سازی پنهان نشود؛ آزمون مرجع و تحلیل حساسیت.,منطق پایه موجود است؛ gate شواهد، uncertainty و آدرس پنج‌بعدی معتبر باید افزوده شود.,P0,بله
D-BOTTLENECK-TRANSITION,تشخیص,گلوگاه,گذار گلوگاهی,"argmax(G_CA,G_AU,G_UE,G_EO)",قاعده قطعی,هر دوره,سلول پنج‌بعدی,C_DERIVED_DETERMINISTIC,COMPUTE_AFTER_UPSTREAM_QA,شکاف‌ها، سلول‌ها و ابعاد نشانی مسئله,argmax/min با tie handling؛ نشانی ناقص مانع حکم قطعی شود.,فقط ورودی validated؛ formula_version و registry_version ثابت؛ پوشش وزنی گزارش شود؛ missing بازنرمال‌سازی پنهان نشود؛ آزمون مرجع و تحلیل حساسیت.,منطق پایه موجود است؛ gate شواهد، uncertainty و آدرس پنج‌بعدی معتبر باید افزوده شود.,P0,بله
D-BOTTLENECK-CELL,تشخیص,گلوگاه,امتیاز پایین‌ترین سلول,min(valid cell scores),محاسبه قطعی,هر دوره,پنج‌بعدی,C_DERIVED_DETERMINISTIC,COMPUTE_AFTER_UPSTREAM_QA,شکاف‌ها، سلول‌ها و ابعاد نشانی مسئله,argmax/min با tie handling؛ نشانی ناقص مانع حکم قطعی شود.,فقط ورودی validated؛ formula_version و registry_version ثابت؛ پوشش وزنی گزارش شود؛ missing بازنرمال‌سازی پنهان نشود؛ آزمون مرجع و تحلیل حساسیت.,منطق پایه موجود است؛ gate شواهد، uncertainty و آدرس پنج‌بعدی معتبر باید افزوده شود.,P0,بله
D-BASE-DEFICIT,تشخیص,گلوگاه,پرچم کمبود پایه,C < threshold_C,قاعده تصمیم,هر دوره,پنج‌بعدی,C_DERIVED_DETERMINISTIC,COMPUTE_AFTER_UPSTREAM_QA,شکاف‌ها، سلول‌ها و ابعاد نشانی مسئله,argmax/min با tie handling؛ نشانی ناقص مانع حکم قطعی شود.,فقط ورودی validated؛ formula_version و registry_version ثابت؛ پوشش وزنی گزارش شود؛ missing بازنرمال‌سازی پنهان نشود؛ آزمون مرجع و تحلیل حساسیت.,منطق پایه موجود است؛ gate شواهد، uncertainty و آدرس پنج‌بعدی معتبر باید افزوده شود.,P0,بله
D-ADDRESS-COMPLETE,تشخیص,گلوگاه,کامل‌بودن نشانی مسئله,completed dimensions / 5 × 100,کنترل فراداده,هر تشخیص,پرونده مسئله,C_DERIVED_DETERMINISTIC,COMPUTE_AFTER_UPSTREAM_QA,شکاف‌ها، سلول‌ها و ابعاد نشانی مسئله,argmax/min با tie handling؛ نشانی ناقص مانع حکم قطعی شود.,فقط ورودی validated؛ formula_version و registry_version ثابت؛ پوشش وزنی گزارش شود؛ missing بازنرمال‌سازی پنهان نشود؛ آزمون مرجع و تحلیل حساسیت.,منطق پایه موجود است؛ gate شواهد، uncertainty و آدرس پنج‌بعدی معتبر باید افزوده شود.,P0,بله
D-JUSTICE-GROUP,تشخیص,عدالت,شکاف عدالت گروهی,JusticeGap = P_best − P_worst,محاسبه قطعی,هر دوره,محله/زیرمحله,C_DERIVED_DETERMINISTIC,COMPUTE_AFTER_UPSTREAM_QA,مقادیر تفکیک‌شده گروهی/بلوک و پوشش هر گروه,بهترین−بدترین با حداقل حجم/پوشش؛ suppression برای گروه کوچک؛ نقشه شکاف مکانی.,فقط ورودی validated؛ formula_version و registry_version ثابت؛ پوشش وزنی گزارش شود؛ missing بازنرمال‌سازی پنهان نشود؛ آزمون مرجع و تحلیل حساسیت.,نیازمند اتصال به Evidence Registry و اجرای فرمول نسخه‌دار است.,P1,بله
D-JUSTICE-SPATIAL,تشخیص,عدالت,شکاف عدالت مکانی,max(subarea) − min(subarea),GIS/محاسبه,هر دوره,زیرمحله/بلوک,C_DERIVED_DETERMINISTIC,COMPUTE_AFTER_UPSTREAM_QA,مقادیر تفکیک‌شده گروهی/بلوک و پوشش هر گروه,بهترین−بدترین با حداقل حجم/پوشش؛ suppression برای گروه کوچک؛ نقشه شکاف مکانی.,فقط ورودی validated؛ formula_version و registry_version ثابت؛ پوشش وزنی گزارش شود؛ missing بازنرمال‌سازی پنهان نشود؛ آزمون مرجع و تحلیل حساسیت.,نیازمند اتصال به Evidence Registry و اجرای فرمول نسخه‌دار است.,P1,بله
D-JUSTICE-ADEQUACY,تشخیص,عدالت,کفایت داده عدالت,indicators with valid disaggregation / key indicators,کنترل داده,هر دوره,کل پرونده,C_DERIVED_DETERMINISTIC,COMPUTE_AFTER_UPSTREAM_QA,مقادیر تفکیک‌شده گروهی/بلوک و پوشش هر گروه,بهترین−بدترین با حداقل حجم/پوشش؛ suppression برای گروه کوچک؛ نقشه شکاف مکانی.,فقط ورودی validated؛ formula_version و registry_version ثابت؛ پوشش وزنی گزارش شود؛ missing بازنرمال‌سازی پنهان نشود؛ آزمون مرجع و تحلیل حساسیت.,نیازمند اتصال به Evidence Registry و اجرای فرمول نسخه‌دار است.,P1,بله
D-TREND-DIR,تشخیص,روند,جهت روند,sign(robust trend),تحلیل روند,سالانه,محله/زیرمحله,C_DERIVED_DETERMINISTIC,COMPUTE_AFTER_UPSTREAM_QA,سری زمانی هم‌تعریف و هم‌مرز با حداقل تعداد نقاط,Theil-Sen/رگرسیون مقاوم؛ شکست روش/مرز به‌عنوان discontinuity؛ بازه اطمینان.,فقط ورودی validated؛ formula_version و registry_version ثابت؛ پوشش وزنی گزارش شود؛ missing بازنرمال‌سازی پنهان نشود؛ آزمون مرجع و تحلیل حساسیت.,نیازمند اتصال به Evidence Registry و اجرای فرمول نسخه‌دار است.,P1,بله
D-TREND-RATE,تشخیص,روند,نرخ تغییر,robust slope per period,رگرسیون مقاوم/تغییر دوره‌ای,سالانه,محله/زیرمحله,C_DERIVED_DETERMINISTIC,COMPUTE_AFTER_UPSTREAM_QA,سری زمانی هم‌تعریف و هم‌مرز با حداقل تعداد نقاط,Theil-Sen/رگرسیون مقاوم؛ شکست روش/مرز به‌عنوان discontinuity؛ بازه اطمینان.,فقط ورودی validated؛ formula_version و registry_version ثابت؛ پوشش وزنی گزارش شود؛ missing بازنرمال‌سازی پنهان نشود؛ آزمون مرجع و تحلیل حساسیت.,نیازمند اتصال به Evidence Registry و اجرای فرمول نسخه‌دار است.,P1,بله
D-EVID-OBJ,تشخیص,کفایت شواهد,پوشش شواهد عینی و ثبتی,valid evidence / required evidence × 100,ممیزی evidence registry,هر دوره,کل پرونده,C_DERIVED_DETERMINISTIC,COMPUTE_AFTER_UPSTREAM_QA,Evidence registry، الزامات هر شاخص، استقلال منبع و وضعیت QA,پوشش عینی/GIS/رفتاری/ادراکی، همگرایی، تعارض و کفایت؛ مجوز محاسبه از gate.,فقط ورودی validated؛ formula_version و registry_version ثابت؛ پوشش وزنی گزارش شود؛ missing بازنرمال‌سازی پنهان نشود؛ آزمون مرجع و تحلیل حساسیت.,"Evidence registry غنی در موتور گونه‌شناسی وجود دارد، ولی تصمیم‌یار هنوز از Record<string,number> استفاده می‌کند.",P0,بله
D-EVID-GIS,تشخیص,کفایت شواهد,پوشش شواهد مکانی GIS,valid evidence / required evidence × 100,ممیزی evidence registry,هر دوره,کل پرونده,C_DERIVED_DETERMINISTIC,COMPUTE_AFTER_UPSTREAM_QA,Evidence registry، الزامات هر شاخص، استقلال منبع و وضعیت QA,پوشش عینی/GIS/رفتاری/ادراکی، همگرایی، تعارض و کفایت؛ مجوز محاسبه از gate.,فقط ورودی validated؛ formula_version و registry_version ثابت؛ پوشش وزنی گزارش شود؛ missing بازنرمال‌سازی پنهان نشود؛ آزمون مرجع و تحلیل حساسیت.,"Evidence registry غنی در موتور گونه‌شناسی وجود دارد، ولی تصمیم‌یار هنوز از Record<string,number> استفاده می‌کند.",P0,بله
D-EVID-BEH,تشخیص,کفایت شواهد,پوشش شواهد رفتاری,valid evidence / required evidence × 100,ممیزی evidence registry,هر دوره,کل پرونده,C_DERIVED_DETERMINISTIC,COMPUTE_AFTER_UPSTREAM_QA,Evidence registry، الزامات هر شاخص، استقلال منبع و وضعیت QA,پوشش عینی/GIS/رفتاری/ادراکی، همگرایی، تعارض و کفایت؛ مجوز محاسبه از gate.,فقط ورودی validated؛ formula_version و registry_version ثابت؛ پوشش وزنی گزارش شود؛ missing بازنرمال‌سازی پنهان نشود؛ آزمون مرجع و تحلیل حساسیت.,"Evidence registry غنی در موتور گونه‌شناسی وجود دارد، ولی تصمیم‌یار هنوز از Record<string,number> استفاده می‌کند.",P0,بله
D-EVID-PER,تشخیص,کفایت شواهد,پوشش شواهد ادراکی,valid evidence / required evidence × 100,ممیزی evidence registry,هر دوره,کل پرونده,C_DERIVED_DETERMINISTIC,COMPUTE_AFTER_UPSTREAM_QA,Evidence registry، الزامات هر شاخص، استقلال منبع و وضعیت QA,پوشش عینی/GIS/رفتاری/ادراکی، همگرایی، تعارض و کفایت؛ مجوز محاسبه از gate.,فقط ورودی validated؛ formula_version و registry_version ثابت؛ پوشش وزنی گزارش شود؛ missing بازنرمال‌سازی پنهان نشود؛ آزمون مرجع و تحلیل حساسیت.,"Evidence registry غنی در موتور گونه‌شناسی وجود دارد، ولی تصمیم‌یار هنوز از Record<string,number> استفاده می‌کند.",P0,بله
D-EVID-CONVERGENCE,تشخیص,کفایت شواهد,همگرایی شواهد,supporting independent streams / available streams,ممیزی شواهد,هر فرضیه,پرونده فرضیه,C_DERIVED_DETERMINISTIC,COMPUTE_AFTER_UPSTREAM_QA,Evidence registry، الزامات هر شاخص، استقلال منبع و وضعیت QA,پوشش عینی/GIS/رفتاری/ادراکی، همگرایی، تعارض و کفایت؛ مجوز محاسبه از gate.,فقط ورودی validated؛ formula_version و registry_version ثابت؛ پوشش وزنی گزارش شود؛ missing بازنرمال‌سازی پنهان نشود؛ آزمون مرجع و تحلیل حساسیت.,"Evidence registry غنی در موتور گونه‌شناسی وجود دارد، ولی تصمیم‌یار هنوز از Record<string,number> استفاده می‌کند.",P0,بله
D-EVID-SUFFICIENCY,تشخیص,کفایت شواهد,کفایت کلی شواهد,"H(coverage,timeliness,disaggregation,convergence)",تابع مصوب,هر دوره,کل پرونده,C_DERIVED_DETERMINISTIC,COMPUTE_AFTER_UPSTREAM_QA,Evidence registry، الزامات هر شاخص، استقلال منبع و وضعیت QA,پوشش عینی/GIS/رفتاری/ادراکی، همگرایی، تعارض و کفایت؛ مجوز محاسبه از gate.,فقط ورودی validated؛ formula_version و registry_version ثابت؛ پوشش وزنی گزارش شود؛ missing بازنرمال‌سازی پنهان نشود؛ آزمون مرجع و تحلیل حساسیت.,"Evidence registry غنی در موتور گونه‌شناسی وجود دارد، ولی تصمیم‌یار هنوز از Record<string,number> استفاده می‌کند.",P0,بله
D-EVID-STATUS,تشخیص,کفایت شواهد,وضعیت اتکای علت,"rule(evidence,intervention test)",قاعده تصمیم,هر فرضیه,پرونده فرضیه,C_DERIVED_DETERMINISTIC,COMPUTE_AFTER_UPSTREAM_QA,Evidence registry، الزامات هر شاخص، استقلال منبع و وضعیت QA,پوشش عینی/GIS/رفتاری/ادراکی، همگرایی، تعارض و کفایت؛ مجوز محاسبه از gate.,فقط ورودی validated؛ formula_version و registry_version ثابت؛ پوشش وزنی گزارش شود؛ missing بازنرمال‌سازی پنهان نشود؛ آزمون مرجع و تحلیل حساسیت.,"Evidence registry غنی در موتور گونه‌شناسی وجود دارد، ولی تصمیم‌یار هنوز از Record<string,number> استفاده می‌کند.",P0,بله
D-EVID-CONFLICT,تشخیص,کفایت شواهد,تعارض شواهد,conflicting streams / available streams,ممیزی شواهد,هر فرضیه,پرونده فرضیه,C_DERIVED_DETERMINISTIC,COMPUTE_AFTER_UPSTREAM_QA,Evidence registry، الزامات هر شاخص، استقلال منبع و وضعیت QA,پوشش عینی/GIS/رفتاری/ادراکی، همگرایی، تعارض و کفایت؛ مجوز محاسبه از gate.,فقط ورودی validated؛ formula_version و registry_version ثابت؛ پوشش وزنی گزارش شود؛ missing بازنرمال‌سازی پنهان نشود؛ آزمون مرجع و تحلیل حساسیت.,"Evidence registry غنی در موتور گونه‌شناسی وجود دارد، ولی تصمیم‌یار هنوز از Record<string,number> استفاده می‌کند.",P0,بله
D-EXTERNAL-CAUSE,تشخیص,کفایت شواهد,پرچم علت بیرونی,0/1 + named external factor,مقایسه زمینه‌ای,هر تشخیص,محله و زمینه شهر,C_DERIVED_DETERMINISTIC,COMPUTE_AFTER_UPSTREAM_QA,Evidence registry، الزامات هر شاخص، استقلال منبع و وضعیت QA,پوشش عینی/GIS/رفتاری/ادراکی، همگرایی، تعارض و کفایت؛ مجوز محاسبه از gate.,فقط ورودی validated؛ formula_version و registry_version ثابت؛ پوشش وزنی گزارش شود؛ missing بازنرمال‌سازی پنهان نشود؛ آزمون مرجع و تحلیل حساسیت.,"Evidence registry غنی در موتور گونه‌شناسی وجود دارد، ولی تصمیم‌یار هنوز از Record<string,number> استفاده می‌کند.",P0,بله
D-FRIC-COST,تشخیص,اصطکاک‌های تبدیل,شدت اصطکاک هزینه و استطاعت,normalize(objective + behavioral + perceptual evidence),ترکیب داده و آزمون فرضیه,هر دوره/پس از مداخله,محل و گروه هدف,D_HYBRID_REVIEW,PROVISIONAL_THEN_REVIEW,شواهد عینی، مکانی، رفتاری و ادراکی مستقل برای هر friction,مولفه‌ها جدا؛ تابع H فقط پس از حداقل پوشش و کالیبراسیون؛ LLM صرفاً توضیح و بازیابی سند.,مولفه‌های عینی، مکانی، رفتاری و ادراکی جدا بمانند؛ حداقل پوشش مصوب؛ تعارض شواهد و عدم‌قطعیت نمایش داده شود؛ تأیید بازبین برای خروجی رسمی.,تشخیص فعلی heuristic است و چهار جریان شواهد در سرویس عملاً تفکیک و امتیازدهی نشده‌اند.,P2,جزئی/مشروط
D-FRIC-SAFE,تشخیص,اصطکاک‌های تبدیل,شدت اصطکاک ناامنی,normalize(objective + behavioral + perceptual evidence),ترکیب داده و آزمون فرضیه,هر دوره/پس از مداخله,محل و گروه هدف,D_HYBRID_REVIEW,PROVISIONAL_THEN_REVIEW,شواهد عینی، مکانی، رفتاری و ادراکی مستقل برای هر friction,مولفه‌ها جدا؛ تابع H فقط پس از حداقل پوشش و کالیبراسیون؛ LLM صرفاً توضیح و بازیابی سند.,مولفه‌های عینی، مکانی، رفتاری و ادراکی جدا بمانند؛ حداقل پوشش مصوب؛ تعارض شواهد و عدم‌قطعیت نمایش داده شود؛ تأیید بازبین برای خروجی رسمی.,تشخیص فعلی heuristic است و چهار جریان شواهد در سرویس عملاً تفکیک و امتیازدهی نشده‌اند.,P2,جزئی/مشروط
D-FRIC-QUAL,تشخیص,اصطکاک‌های تبدیل,شدت اصطکاک کیفیت و نگهداری,normalize(objective + behavioral + perceptual evidence),ترکیب داده و آزمون فرضیه,هر دوره/پس از مداخله,محل و گروه هدف,D_HYBRID_REVIEW,PROVISIONAL_THEN_REVIEW,شواهد عینی، مکانی، رفتاری و ادراکی مستقل برای هر friction,مولفه‌ها جدا؛ تابع H فقط پس از حداقل پوشش و کالیبراسیون؛ LLM صرفاً توضیح و بازیابی سند.,مولفه‌های عینی، مکانی، رفتاری و ادراکی جدا بمانند؛ حداقل پوشش مصوب؛ تعارض شواهد و عدم‌قطعیت نمایش داده شود؛ تأیید بازبین برای خروجی رسمی.,تشخیص فعلی heuristic است و چهار جریان شواهد در سرویس عملاً تفکیک و امتیازدهی نشده‌اند.,P2,جزئی/مشروط
D-FRIC-TIME,تشخیص,اصطکاک‌های تبدیل,شدت اصطکاک زمان و ساعات فعالیت,normalize(objective + behavioral + perceptual evidence),ترکیب داده و آزمون فرضیه,هر دوره/پس از مداخله,محل و گروه هدف,D_HYBRID_REVIEW,PROVISIONAL_THEN_REVIEW,شواهد عینی، مکانی، رفتاری و ادراکی مستقل برای هر friction,مولفه‌ها جدا؛ تابع H فقط پس از حداقل پوشش و کالیبراسیون؛ LLM صرفاً توضیح و بازیابی سند.,مولفه‌های عینی، مکانی، رفتاری و ادراکی جدا بمانند؛ حداقل پوشش مصوب؛ تعارض شواهد و عدم‌قطعیت نمایش داده شود؛ تأیید بازبین برای خروجی رسمی.,تشخیص فعلی heuristic است و چهار جریان شواهد در سرویس عملاً تفکیک و امتیازدهی نشده‌اند.,P2,جزئی/مشروط
D-FRIC-PHYS,تشخیص,اصطکاک‌های تبدیل,شدت اصطکاک مانع فیزیکی و دسترس‌پذیری,normalize(objective + behavioral + perceptual evidence),ترکیب داده و آزمون فرضیه,هر دوره/پس از مداخله,محل و گروه هدف,D_HYBRID_REVIEW,PROVISIONAL_THEN_REVIEW,شواهد عینی، مکانی، رفتاری و ادراکی مستقل برای هر friction,مولفه‌ها جدا؛ تابع H فقط پس از حداقل پوشش و کالیبراسیون؛ LLM صرفاً توضیح و بازیابی سند.,مولفه‌های عینی، مکانی، رفتاری و ادراکی جدا بمانند؛ حداقل پوشش مصوب؛ تعارض شواهد و عدم‌قطعیت نمایش داده شود؛ تأیید بازبین برای خروجی رسمی.,تشخیص فعلی heuristic است و چهار جریان شواهد در سرویس عملاً تفکیک و امتیازدهی نشده‌اند.,P2,جزئی/مشروط
D-FRIC-INFO,تشخیص,اصطکاک‌های تبدیل,شدت اصطکاک اطلاعات و اتصال,normalize(objective + behavioral + perceptual evidence),ترکیب داده و آزمون فرضیه,هر دوره/پس از مداخله,محل و گروه هدف,D_HYBRID_REVIEW,PROVISIONAL_THEN_REVIEW,شواهد عینی، مکانی، رفتاری و ادراکی مستقل برای هر friction,مولفه‌ها جدا؛ تابع H فقط پس از حداقل پوشش و کالیبراسیون؛ LLM صرفاً توضیح و بازیابی سند.,مولفه‌های عینی، مکانی، رفتاری و ادراکی جدا بمانند؛ حداقل پوشش مصوب؛ تعارض شواهد و عدم‌قطعیت نمایش داده شود؛ تأیید بازبین برای خروجی رسمی.,تشخیص فعلی heuristic است و چهار جریان شواهد در سرویس عملاً تفکیک و امتیازدهی نشده‌اند.,P2,جزئی/مشروط
D-FRIC-NORM,تشخیص,اصطکاک‌های تبدیل,شدت اصطکاک هنجار، تبعیض و عدم تناسب,normalize(objective + behavioral + perceptual evidence),ترکیب داده و آزمون فرضیه,هر دوره/پس از مداخله,محل و گروه هدف,D_HYBRID_REVIEW,PROVISIONAL_THEN_REVIEW,شواهد عینی، مکانی، رفتاری و ادراکی مستقل برای هر friction,مولفه‌ها جدا؛ تابع H فقط پس از حداقل پوشش و کالیبراسیون؛ LLM صرفاً توضیح و بازیابی سند.,مولفه‌های عینی، مکانی، رفتاری و ادراکی جدا بمانند؛ حداقل پوشش مصوب؛ تعارض شواهد و عدم‌قطعیت نمایش داده شود؛ تأیید بازبین برای خروجی رسمی.,تشخیص فعلی heuristic است و چهار جریان شواهد در سرویس عملاً تفکیک و امتیازدهی نشده‌اند.,P2,جزئی/مشروط
D-FRIC-GOV,تشخیص,اصطکاک‌های تبدیل,شدت اصطکاک حکمرانی و هماهنگی,normalize(objective + behavioral + perceptual evidence),ترکیب داده و آزمون فرضیه,هر دوره/پس از مداخله,محل و گروه هدف,D_HYBRID_REVIEW,PROVISIONAL_THEN_REVIEW,شواهد عینی، مکانی، رفتاری و ادراکی مستقل برای هر friction,مولفه‌ها جدا؛ تابع H فقط پس از حداقل پوشش و کالیبراسیون؛ LLM صرفاً توضیح و بازیابی سند.,مولفه‌های عینی، مکانی، رفتاری و ادراکی جدا بمانند؛ حداقل پوشش مصوب؛ تعارض شواهد و عدم‌قطعیت نمایش داده شود؛ تأیید بازبین برای خروجی رسمی.,تشخیص فعلی heuristic است و چهار جریان شواهد در سرویس عملاً تفکیک و امتیازدهی نشده‌اند.,P2,جزئی/مشروط
D-FRIC-TOTAL,تشخیص,اصطکاک‌های تبدیل,شاخص ترکیبی اصطکاک,Friction = H(valid friction dimensions),تابع مصوب,هر دوره,محل و گروه هدف,D_HYBRID_REVIEW,PROVISIONAL_THEN_REVIEW,شواهد عینی، مکانی، رفتاری و ادراکی مستقل برای هر friction,مولفه‌ها جدا؛ تابع H فقط پس از حداقل پوشش و کالیبراسیون؛ LLM صرفاً توضیح و بازیابی سند.,مولفه‌های عینی، مکانی، رفتاری و ادراکی جدا بمانند؛ حداقل پوشش مصوب؛ تعارض شواهد و عدم‌قطعیت نمایش داده شود؛ تأیید بازبین برای خروجی رسمی.,تشخیص فعلی heuristic است و چهار جریان شواهد در سرویس عملاً تفکیک و امتیازدهی نشده‌اند.,P2,جزئی/مشروط
D-HYP-N,تشخیص,فرضیه علّی,تعداد فرضیه‌های رقیب,count(valid competing hypotheses),بازبینی روش,هر تشخیص,پرونده رخداد,D_HYBRID_REVIEW,PROVISIONAL_THEN_REVIEW,دفتر فرضیه، DAG، شواهد مستقل و طراحی ارزیابی,ثبت فرضیه‌های رقیب؛ سه‌سوسازی؛ ارتقا از initial به convergent/tested فقط با قواعد شواهد.,مولفه‌های عینی، مکانی، رفتاری و ادراکی جدا بمانند؛ حداقل پوشش مصوب؛ تعارض شواهد و عدم‌قطعیت نمایش داده شود؛ تأیید بازبین برای خروجی رسمی.,تشخیص فعلی heuristic است و چهار جریان شواهد در سرویس عملاً تفکیک و امتیازدهی نشده‌اند.,P2,جزئی/مشروط
D-HYP-SUPPORT,تشخیص,فرضیه علّی,قدرت پشتیبانی فرضیه,supporting streams / available streams,سه‌سوسازی,هر فرضیه,پرونده فرضیه,D_HYBRID_REVIEW,PROVISIONAL_THEN_REVIEW,دفتر فرضیه، DAG، شواهد مستقل و طراحی ارزیابی,ثبت فرضیه‌های رقیب؛ سه‌سوسازی؛ ارتقا از initial به convergent/tested فقط با قواعد شواهد.,مولفه‌های عینی، مکانی، رفتاری و ادراکی جدا بمانند؛ حداقل پوشش مصوب؛ تعارض شواهد و عدم‌قطعیت نمایش داده شود؛ تأیید بازبین برای خروجی رسمی.,تشخیص فعلی heuristic است و چهار جریان شواهد در سرویس عملاً تفکیک و امتیازدهی نشده‌اند.,P2,جزئی/مشروط
D-CAUSAL-TEST,تشخیص,فرضیه علّی,قدرت آزمون علّی,رده طراحی: توصیفی/پیش‌پس/مقایسه‌ای/آزمایشی,ارزیابی اثر,پس از مداخله,محل آزمایش,D_HYBRID_REVIEW,PROVISIONAL_THEN_REVIEW,دفتر فرضیه، DAG، شواهد مستقل و طراحی ارزیابی,ثبت فرضیه‌های رقیب؛ سه‌سوسازی؛ ارتقا از initial به convergent/tested فقط با قواعد شواهد.,مولفه‌های عینی، مکانی، رفتاری و ادراکی جدا بمانند؛ حداقل پوشش مصوب؛ تعارض شواهد و عدم‌قطعیت نمایش داده شود؛ تأیید بازبین برای خروجی رسمی.,تشخیص فعلی heuristic است و چهار جریان شواهد در سرویس عملاً تفکیک و امتیازدهی نشده‌اند.,P2,جزئی/مشروط
P-SEVERITY,تجویز,اولویت,شدت مسئله,"normalize(gap, low score, risk)",محاسبه/داوری مصوب,هر مسئله,مکان هدف,D_HYBRID_REVIEW,PROVISIONAL_THEN_REVIEW,شکاف/ریسک، جمعیت متاثر، ماتریس اثر، آمادگی اجرا و عدالت,هر مولفه با provenance؛ ضرب هندسی با کف/epsilon مصوب؛ عدم صفرشدن مصنوعی؛ تحلیل حساسیت.,مولفه‌های عینی، مکانی، رفتاری و ادراکی جدا بمانند؛ حداقل پوشش مصوب؛ تعارض شواهد و عدم‌قطعیت نمایش داده شود؛ تأیید بازبین برای خروجی رسمی.,خروجی پیشنهادی وجود دارد، اما ورودی‌های واقعی مالک/هزینه/عدالت/آسیب و workflow تصویب کامل نیست.,P2,جزئی/مشروط
P-POPULATION,تجویز,اولویت,جمعیت متاثر,affected / eligible × 100 + count,GIS/ثبت/پیمایش,هر مسئله,مکان هدف,A_PUBLIC_AUTOMATIC,PROVISIONAL_PUBLIC,WorldPop/GHSL یا جمعیت بلوکی SCI + هندسه محدوده اثر؛ https://hub.worldpop.org/; https://human-settlement.emergency.copernicus.eu/,تقاطع جمعیت با محدوده متاثر؛ count و درصد واجد؛ dasymetric allocation فقط با برچسب روش.,مرز محله تأییدشده؛ پوشش مکانی و زمانی ثبت‌شده؛ checksum و license؛ کنترل واحد/دامنه؛ عدم تبدیل missing به صفر؛ مقایسه با حداقل یک منبع مستقل.,خروجی پیشنهادی وجود دارد، اما ورودی‌های واقعی مالک/هزینه/عدالت/آسیب و workflow تصویب کامل نیست.,P1,بله
P-LEVERAGE,تجویز,اولویت,قدرت اهرمی,weighted affected outcomes/capitals,تحلیل شبکه اثر/خبرگان,هر گزینه,سبد اقدام,D_HYBRID_REVIEW,PROVISIONAL_THEN_REVIEW,شکاف/ریسک، جمعیت متاثر، ماتریس اثر، آمادگی اجرا و عدالت,هر مولفه با provenance؛ ضرب هندسی با کف/epsilon مصوب؛ عدم صفرشدن مصنوعی؛ تحلیل حساسیت.,مولفه‌های عینی، مکانی، رفتاری و ادراکی جدا بمانند؛ حداقل پوشش مصوب؛ تعارض شواهد و عدم‌قطعیت نمایش داده شود؛ تأیید بازبین برای خروجی رسمی.,خروجی پیشنهادی وجود دارد، اما ورودی‌های واقعی مالک/هزینه/عدالت/آسیب و workflow تصویب کامل نیست.,P2,جزئی/مشروط
P-FEASIBILITY,تجویز,اولویت,امکان اجرا,"H(authority,cost,time,capacity,cooperation)",اسناد/خبرگان,هر گزینه,سبد اقدام,D_HYBRID_REVIEW,PROVISIONAL_THEN_REVIEW,شکاف/ریسک، جمعیت متاثر، ماتریس اثر، آمادگی اجرا و عدالت,هر مولفه با provenance؛ ضرب هندسی با کف/epsilon مصوب؛ عدم صفرشدن مصنوعی؛ تحلیل حساسیت.,مولفه‌های عینی، مکانی، رفتاری و ادراکی جدا بمانند؛ حداقل پوشش مصوب؛ تعارض شواهد و عدم‌قطعیت نمایش داده شود؛ تأیید بازبین برای خروجی رسمی.,خروجی پیشنهادی وجود دارد، اما ورودی‌های واقعی مالک/هزینه/عدالت/آسیب و workflow تصویب کامل نیست.,P2,جزئی/مشروط
P-EQUITY,تجویز,اولویت,امتیاز عدالت اقدام,benefit to deprived / total expected benefit,تحلیل توزیعی,هر گزینه,گروه و مکان هدف,D_HYBRID_REVIEW,PROVISIONAL_THEN_REVIEW,شکاف/ریسک، جمعیت متاثر، ماتریس اثر، آمادگی اجرا و عدالت,هر مولفه با provenance؛ ضرب هندسی با کف/epsilon مصوب؛ عدم صفرشدن مصنوعی؛ تحلیل حساسیت.,مولفه‌های عینی، مکانی، رفتاری و ادراکی جدا بمانند؛ حداقل پوشش مصوب؛ تعارض شواهد و عدم‌قطعیت نمایش داده شود؛ تأیید بازبین برای خروجی رسمی.,خروجی پیشنهادی وجود دارد، اما ورودی‌های واقعی مالک/هزینه/عدالت/آسیب و workflow تصویب کامل نیست.,P2,جزئی/مشروط
P-PRIORITY,تجویز,اولویت,امتیاز پایه اولویت,Priority = Severity×Population×Leverage×Feasibility,محاسبه قطعی,هر گزینه,سبد اقدام,D_HYBRID_REVIEW,PROVISIONAL_THEN_REVIEW,شکاف/ریسک، جمعیت متاثر، ماتریس اثر، آمادگی اجرا و عدالت,هر مولفه با provenance؛ ضرب هندسی با کف/epsilon مصوب؛ عدم صفرشدن مصنوعی؛ تحلیل حساسیت.,مولفه‌های عینی، مکانی، رفتاری و ادراکی جدا بمانند؛ حداقل پوشش مصوب؛ تعارض شواهد و عدم‌قطعیت نمایش داده شود؛ تأیید بازبین برای خروجی رسمی.,خروجی پیشنهادی وجود دارد، اما ورودی‌های واقعی مالک/هزینه/عدالت/آسیب و workflow تصویب کامل نیست.,P2,جزئی/مشروط
P-PRIORITY-EQ,تجویز,اولویت,امتیاز اولویت با عدالت,Priority* = Priority×Equity,محاسبه قطعی,هر گزینه,سبد اقدام,D_HYBRID_REVIEW,PROVISIONAL_THEN_REVIEW,شکاف/ریسک، جمعیت متاثر، ماتریس اثر، آمادگی اجرا و عدالت,هر مولفه با provenance؛ ضرب هندسی با کف/epsilon مصوب؛ عدم صفرشدن مصنوعی؛ تحلیل حساسیت.,مولفه‌های عینی، مکانی، رفتاری و ادراکی جدا بمانند؛ حداقل پوشش مصوب؛ تعارض شواهد و عدم‌قطعیت نمایش داده شود؛ تأیید بازبین برای خروجی رسمی.,خروجی پیشنهادی وجود دارد، اما ورودی‌های واقعی مالک/هزینه/عدالت/آسیب و workflow تصویب کامل نیست.,P2,جزئی/مشروط
P-CAPITAL-BREADTH,تجویز,سبد مداخله,پوشش چندسرمایه‌ای,count(capitals with material positive effect),تحلیل اثر,هر سبد,سبد اقدام,D_HYBRID_REVIEW,PROVISIONAL_THEN_REVIEW,impact matrix نسخه‌دار، causal graph، پوشش گروه هدف و وابستگی اقدامات,محاسبه breadth/reach قطعی؛ complementarity نیازمند مدل علّی و تصویب بازبین.,مولفه‌های عینی، مکانی، رفتاری و ادراکی جدا بمانند؛ حداقل پوشش مصوب؛ تعارض شواهد و عدم‌قطعیت نمایش داده شود؛ تأیید بازبین برای خروجی رسمی.,خروجی پیشنهادی وجود دارد، اما ورودی‌های واقعی مالک/هزینه/عدالت/آسیب و workflow تصویب کامل نیست.,P2,جزئی/مشروط
P-COMPLEMENT,تجویز,سبد مداخله,مکمل‌بودن اجزای سبد,expert/causal complementarity score,تحلیل علّی/خبرگان,هر سبد,سبد اقدام,D_HYBRID_REVIEW,PROVISIONAL_THEN_REVIEW,impact matrix نسخه‌دار، causal graph، پوشش گروه هدف و وابستگی اقدامات,محاسبه breadth/reach قطعی؛ complementarity نیازمند مدل علّی و تصویب بازبین.,مولفه‌های عینی، مکانی، رفتاری و ادراکی جدا بمانند؛ حداقل پوشش مصوب؛ تعارض شواهد و عدم‌قطعیت نمایش داده شود؛ تأیید بازبین برای خروجی رسمی.,خروجی پیشنهادی وجود دارد، اما ورودی‌های واقعی مالک/هزینه/عدالت/آسیب و workflow تصویب کامل نیست.,P2,جزئی/مشروط
P-OWNER-READY,تجویز,آمادگی اجرا,آمادگی مسئول و همکاران,completed responsibility fields / required,ممیزی شناسنامه,پیش از تصویب,پرونده اقدام,B_RESTRICTED_AUTOMATIC,VERIFIED_AFTER_CONTRACT,شناسنامه اقدام، بودجه، مسئول، مجوز، زمان و همکاران,ممیزی فیلدهای اجباری و مدارک؛ نسبت کامل‌شده/موردنیاز؛ مدرک منقضی نامعتبر.,قرارداد تبادل داده و مبنای قانونی؛ حذف شناسه شخصی؛ کنترل جمع صورت/مخرج؛ تطبیق با آمار منتشره؛ نسخه، زمان مرجع، پوشش و evidence_id.,خروجی پیشنهادی وجود دارد، اما ورودی‌های واقعی مالک/هزینه/عدالت/آسیب و workflow تصویب کامل نیست.,P1,بله
P-RESOURCE-READY,تجویز,آمادگی اجرا,آمادگی منابع,secured resources / required resources,ممیزی اجرایی,پیش از اجرا,پرونده اقدام,B_RESTRICTED_AUTOMATIC,VERIFIED_AFTER_CONTRACT,شناسنامه اقدام، بودجه، مسئول، مجوز، زمان و همکاران,ممیزی فیلدهای اجباری و مدارک؛ نسبت کامل‌شده/موردنیاز؛ مدرک منقضی نامعتبر.,قرارداد تبادل داده و مبنای قانونی؛ حذف شناسه شخصی؛ کنترل جمع صورت/مخرج؛ تطبیق با آمار منتشره؛ نسخه، زمان مرجع، پوشش و evidence_id.,خروجی پیشنهادی وجود دارد، اما ورودی‌های واقعی مالک/هزینه/عدالت/آسیب و workflow تصویب کامل نیست.,P1,بله
P-AUTHORITY-READY,تجویز,آمادگی اجرا,کفایت اختیار و مجوز,approved authorities / required authorities,ممیزی حقوقی,پیش از اجرا,پرونده اقدام,B_RESTRICTED_AUTOMATIC,VERIFIED_AFTER_CONTRACT,شناسنامه اقدام، بودجه، مسئول، مجوز، زمان و همکاران,ممیزی فیلدهای اجباری و مدارک؛ نسبت کامل‌شده/موردنیاز؛ مدرک منقضی نامعتبر.,قرارداد تبادل داده و مبنای قانونی؛ حذف شناسه شخصی؛ کنترل جمع صورت/مخرج؛ تطبیق با آمار منتشره؛ نسخه، زمان مرجع، پوشش و evidence_id.,خروجی پیشنهادی وجود دارد، اما ورودی‌های واقعی مالک/هزینه/عدالت/آسیب و workflow تصویب کامل نیست.,P1,بله
P-HARMED-CAPITALS,تجویز,فیلتر عدم‌آسیب,تعداد سرمایه‌های آسیب‌دیده,count(capitals with material negative effect),ارزیابی پیشینی/پسینی,پیش و پس از اقدام,مکان اثر,D_HYBRID_REVIEW,PROVISIONAL_THEN_REVIEW,impact assessment پیشینی/پسینی و safeguard registry,تعداد سرمایه آسیب‌دیده و breach بحرانی؛ rule engine و تأیید انسانی برای رد.,مولفه‌های عینی، مکانی، رفتاری و ادراکی جدا بمانند؛ حداقل پوشش مصوب؛ تعارض شواهد و عدم‌قطعیت نمایش داده شود؛ تأیید بازبین برای خروجی رسمی.,خروجی پیشنهادی وجود دارد، اما ورودی‌های واقعی مالک/هزینه/عدالت/آسیب و workflow تصویب کامل نیست.,P2,جزئی/مشروط
P-REJECT-FLAG,تجویز,فیلتر عدم‌آسیب,پرچم رد اقدام,harmed_capitals ≥ 2 OR critical safeguard breach,قاعده تصمیم,پیش از تصویب,پرونده اقدام,D_HYBRID_REVIEW,PROVISIONAL_THEN_REVIEW,impact assessment پیشینی/پسینی و safeguard registry,تعداد سرمایه آسیب‌دیده و breach بحرانی؛ rule engine و تأیید انسانی برای رد.,مولفه‌های عینی، مکانی، رفتاری و ادراکی جدا بمانند؛ حداقل پوشش مصوب؛ تعارض شواهد و عدم‌قطعیت نمایش داده شود؛ تأیید بازبین برای خروجی رسمی.,خروجی پیشنهادی وجود دارد، اما ورودی‌های واقعی مالک/هزینه/عدالت/آسیب و workflow تصویب کامل نیست.,P2,جزئی/مشروط
P-DISPLACEMENT-RISK,تجویز,حفاظت,ریسک جابه‌جایی اجباری,"H(rent burden,tenure insecurity,price pressure)",پیمایش/بازار/ثبت,پیش و پس از اقدام,مکان هدف,D_HYBRID_REVIEW,PROVISIONAL_THEN_REVIEW,اجاره/قیمت/تصرف، ثبت خانوار هدف و فشار بازار با دسترسی قانونی,مدل displacement/affordability با خط پایه و گروه مقایسه؛ بازه عدم‌قطعیت و کنترل محرمانگی.,مولفه‌های عینی، مکانی، رفتاری و ادراکی جدا بمانند؛ حداقل پوشش مصوب؛ تعارض شواهد و عدم‌قطعیت نمایش داده شود؛ تأیید بازبین برای خروجی رسمی.,خروجی پیشنهادی وجود دارد، اما ورودی‌های واقعی مالک/هزینه/عدالت/آسیب و workflow تصویب کامل نیست.,P2,جزئی/مشروط
P-AFFORD-IMPACT,تجویز,حفاظت,اثر اقدام بر استطاعت مسکن,post rent burden − baseline rent burden,پیمایش/بازار,پیش و پس,مکان هدف,D_HYBRID_REVIEW,PROVISIONAL_THEN_REVIEW,اجاره/قیمت/تصرف، ثبت خانوار هدف و فشار بازار با دسترسی قانونی,مدل displacement/affordability با خط پایه و گروه مقایسه؛ بازه عدم‌قطعیت و کنترل محرمانگی.,مولفه‌های عینی، مکانی، رفتاری و ادراکی جدا بمانند؛ حداقل پوشش مصوب؛ تعارض شواهد و عدم‌قطعیت نمایش داده شود؛ تأیید بازبین برای خروجی رسمی.,خروجی پیشنهادی وجود دارد، اما ورودی‌های واقعی مالک/هزینه/عدالت/آسیب و workflow تصویب کامل نیست.,P2,جزئی/مشروط
P-TARGET-REACH,تجویز,سبد مداخله,پوشش گروه هدف,reached target / eligible target × 100,ثبت خدمت/GIS,حین و پس از اجرا,مکان هدف,B_RESTRICTED_AUTOMATIC,VERIFIED_AFTER_CONTRACT,ثبت خدمت و فهرست واجدان + GIS,افراد/خانوار یکتای دریافت‌کننده بر واجدان؛ suppression و کنترل double counting.,قرارداد تبادل داده و مبنای قانونی؛ حذف شناسه شخصی؛ کنترل جمع صورت/مخرج؛ تطبیق با آمار منتشره؛ نسخه، زمان مرجع، پوشش و evidence_id.,خروجی پیشنهادی وجود دارد، اما ورودی‌های واقعی مالک/هزینه/عدالت/آسیب و workflow تصویب کامل نیست.,P2,بله
P-TRACEABILITY,تجویز,شناسنامه اقدام,ردیابی مسئله تا اقدام,completed trace fields / required fields,ممیزی شناسنامه,پیش از اجرا,پرونده اقدام,B_RESTRICTED_AUTOMATIC,VERIFIED_AFTER_CONTRACT,پیوند مسئله→فرضیه→اقدام→مالک→بودجه→خروجی→پیامد,ممیزی trace fields و شناسه‌های خارجی؛ عدم انتشار اقدام بدون traceability کافی.,قرارداد تبادل داده و مبنای قانونی؛ حذف شناسه شخصی؛ کنترل جمع صورت/مخرج؛ تطبیق با آمار منتشره؛ نسخه، زمان مرجع، پوشش و evidence_id.,خروجی پیشنهادی وجود دارد، اما ورودی‌های واقعی مالک/هزینه/عدالت/آسیب و workflow تصویب کامل نیست.,P1,بله
L-BASELINE,یادگیری,ارزیابی مداخله,کامل‌بودن خط پایه,valid baseline indicators / required indicators,ممیزی داده,پیش از اجرا,مکان/گروه هدف,B_RESTRICTED_AUTOMATIC,VERIFIED_AFTER_CONTRACT,baseline، کنترل پروژه، خروجی، پیامد، گروه مقایسه و رخدادهای ناخواسته,پیش/پس و DiD در صورت امکان؛ fidelity، maintenance و stop rules؛ تصمیم نهایی نیازمند کمیته.,قرارداد تبادل داده و مبنای قانونی؛ حذف شناسه شخصی؛ کنترل جمع صورت/مخرج؛ تطبیق با آمار منتشره؛ نسخه، زمان مرجع، پوشش و evidence_id.,اجزای UI/حافظه اولیه وجود دارد؛ چرخه مداخله، baseline نسخه‌دار و ارزیابی اثر پایدار هنوز یکپارچه نیست.,P2,بله
L-OUTPUT,یادگیری,ارزیابی مداخله,تحقق خروجی,actual output / target output × 100,پایش پروژه,حین/پایان اجرا,پروژه,B_RESTRICTED_AUTOMATIC,VERIFIED_AFTER_CONTRACT,baseline، کنترل پروژه، خروجی، پیامد، گروه مقایسه و رخدادهای ناخواسته,پیش/پس و DiD در صورت امکان؛ fidelity، maintenance و stop rules؛ تصمیم نهایی نیازمند کمیته.,قرارداد تبادل داده و مبنای قانونی؛ حذف شناسه شخصی؛ کنترل جمع صورت/مخرج؛ تطبیق با آمار منتشره؛ نسخه، زمان مرجع، پوشش و evidence_id.,اجزای UI/حافظه اولیه وجود دارد؛ چرخه مداخله، baseline نسخه‌دار و ارزیابی اثر پایدار هنوز یکپارچه نیست.,P2,بله
L-OUTCOME,یادگیری,ارزیابی مداخله,تغییر پیامد نزدیک,post − baseline؛ ترجیحاً با گروه مقایسه,ارزیابی اثر,پس از اجرا,مکان/گروه هدف,B_RESTRICTED_AUTOMATIC,VERIFIED_AFTER_CONTRACT,baseline، کنترل پروژه، خروجی، پیامد، گروه مقایسه و رخدادهای ناخواسته,پیش/پس و DiD در صورت امکان؛ fidelity، maintenance و stop rules؛ تصمیم نهایی نیازمند کمیته.,قرارداد تبادل داده و مبنای قانونی؛ حذف شناسه شخصی؛ کنترل جمع صورت/مخرج؛ تطبیق با آمار منتشره؛ نسخه، زمان مرجع، پوشش و evidence_id.,اجزای UI/حافظه اولیه وجود دارد؛ چرخه مداخله، baseline نسخه‌دار و ارزیابی اثر پایدار هنوز یکپارچه نیست.,P2,بله
L-IMPACT,یادگیری,ارزیابی مداخله,اثر نهایی,causal effect / difference-in-differences where feasible,ارزیابی اثر,میان/بلندمدت,مکان/گروه هدف,B_RESTRICTED_AUTOMATIC,VERIFIED_AFTER_CONTRACT,baseline، کنترل پروژه، خروجی، پیامد، گروه مقایسه و رخدادهای ناخواسته,پیش/پس و DiD در صورت امکان؛ fidelity، maintenance و stop rules؛ تصمیم نهایی نیازمند کمیته.,قرارداد تبادل داده و مبنای قانونی؛ حذف شناسه شخصی؛ کنترل جمع صورت/مخرج؛ تطبیق با آمار منتشره؛ نسخه، زمان مرجع، پوشش و evidence_id.,اجزای UI/حافظه اولیه وجود دارد؛ چرخه مداخله، baseline نسخه‌دار و ارزیابی اثر پایدار هنوز یکپارچه نیست.,P2,بله
L-UNINTENDED,یادگیری,ارزیابی مداخله,اثر ناخواسته,weighted adverse effects,پایش چندمنبعی,حین و پس,محدوده اثر,B_RESTRICTED_AUTOMATIC,VERIFIED_AFTER_CONTRACT,baseline، کنترل پروژه، خروجی، پیامد، گروه مقایسه و رخدادهای ناخواسته,پیش/پس و DiD در صورت امکان؛ fidelity، maintenance و stop rules؛ تصمیم نهایی نیازمند کمیته.,قرارداد تبادل داده و مبنای قانونی؛ حذف شناسه شخصی؛ کنترل جمع صورت/مخرج؛ تطبیق با آمار منتشره؛ نسخه، زمان مرجع، پوشش و evidence_id.,اجزای UI/حافظه اولیه وجود دارد؛ چرخه مداخله، baseline نسخه‌دار و ارزیابی اثر پایدار هنوز یکپارچه نیست.,P2,بله
L-FIDELITY,یادگیری,ارزیابی مداخله,وفاداری اجرا,completed critical components / planned,ممیزی پروژه,حین اجرا,پروژه,B_RESTRICTED_AUTOMATIC,VERIFIED_AFTER_CONTRACT,baseline، کنترل پروژه، خروجی، پیامد، گروه مقایسه و رخدادهای ناخواسته,پیش/پس و DiD در صورت امکان؛ fidelity، maintenance و stop rules؛ تصمیم نهایی نیازمند کمیته.,قرارداد تبادل داده و مبنای قانونی؛ حذف شناسه شخصی؛ کنترل جمع صورت/مخرج؛ تطبیق با آمار منتشره؛ نسخه، زمان مرجع، پوشش و evidence_id.,اجزای UI/حافظه اولیه وجود دارد؛ چرخه مداخله، baseline نسخه‌دار و ارزیابی اثر پایدار هنوز یکپارچه نیست.,P2,بله
L-MAINTENANCE,یادگیری,ارزیابی مداخله,آمادگی نگهداری,completed maintenance fields / required,ممیزی اجرایی,پیش از تحویل/سالانه,پروژه,B_RESTRICTED_AUTOMATIC,VERIFIED_AFTER_CONTRACT,baseline، کنترل پروژه، خروجی، پیامد، گروه مقایسه و رخدادهای ناخواسته,پیش/پس و DiD در صورت امکان؛ fidelity، maintenance و stop rules؛ تصمیم نهایی نیازمند کمیته.,قرارداد تبادل داده و مبنای قانونی؛ حذف شناسه شخصی؛ کنترل جمع صورت/مخرج؛ تطبیق با آمار منتشره؛ نسخه، زمان مرجع، پوشش و evidence_id.,اجزای UI/حافظه اولیه وجود دارد؛ چرخه مداخله، baseline نسخه‌دار و ارزیابی اثر پایدار هنوز یکپارچه نیست.,P2,بله
L-STOP,یادگیری,ارزیابی مداخله,نقض معیار توقف,any(stop condition = true),قاعده تصمیم,مستمر,پروژه,B_RESTRICTED_AUTOMATIC,VERIFIED_AFTER_CONTRACT,baseline، کنترل پروژه، خروجی، پیامد، گروه مقایسه و رخدادهای ناخواسته,پیش/پس و DiD در صورت امکان؛ fidelity، maintenance و stop rules؛ تصمیم نهایی نیازمند کمیته.,قرارداد تبادل داده و مبنای قانونی؛ حذف شناسه شخصی؛ کنترل جمع صورت/مخرج؛ تطبیق با آمار منتشره؛ نسخه، زمان مرجع، پوشش و evidence_id.,اجزای UI/حافظه اولیه وجود دارد؛ چرخه مداخله، baseline نسخه‌دار و ارزیابی اثر پایدار هنوز یکپارچه نیست.,P2,بله
L-DECISION,یادگیری,ارزیابی مداخله,تصمیم پس از آزمایش,"rule(effect,equity,harm,feasibility)",کمیته/قاعده مصوب,پس از آزمایش,پروژه,D_HYBRID_REVIEW,HUMAN_DECISION_REQUIRED,اثر، عدالت، آسیب و امکان اجرا + صورت‌جلسه کمیته,Rule engine گزینه پیشنهادی می‌دهد؛ تصمیم نهایی و دلیل توسط مرجع مجاز ثبت می‌شود.,مولفه‌های عینی، مکانی، رفتاری و ادراکی جدا بمانند؛ حداقل پوشش مصوب؛ تعارض شواهد و عدم‌قطعیت نمایش داده شود؛ تأیید بازبین برای خروجی رسمی.,اجزای UI/حافظه اولیه وجود دارد؛ چرخه مداخله، baseline نسخه‌دار و ارزیابی اثر پایدار هنوز یکپارچه نیست.,P3,جزئی/مشروط
L-CAP-S,یادگیری,قابلیت‌های S-I-F-A-M-G,قابلیت حسگری S,rubric score 0–100,ممیزی یادگیری/روبرک,پس از هر چرخه,محله/سازمان,D_HYBRID_REVIEW,PROVISIONAL_THEN_REVIEW,audit log، تصمیم‌ها، بازخوردها، adaptations و memory registry,بخش‌های قابل شمارش خودکار؛ rubricهای تفسیری با دو ارزیاب و توافق بین‌ارزیاب.,مولفه‌های عینی، مکانی، رفتاری و ادراکی جدا بمانند؛ حداقل پوشش مصوب؛ تعارض شواهد و عدم‌قطعیت نمایش داده شود؛ تأیید بازبین برای خروجی رسمی.,اجزای UI/حافظه اولیه وجود دارد؛ چرخه مداخله، baseline نسخه‌دار و ارزیابی اثر پایدار هنوز یکپارچه نیست.,P3,جزئی/مشروط
L-CAP-I,یادگیری,قابلیت‌های S-I-F-A-M-G,قابلیت تفسیر I,rubric score 0–100,ممیزی یادگیری/روبرک,پس از هر چرخه,محله/سازمان,D_HYBRID_REVIEW,PROVISIONAL_THEN_REVIEW,audit log، تصمیم‌ها، بازخوردها، adaptations و memory registry,بخش‌های قابل شمارش خودکار؛ rubricهای تفسیری با دو ارزیاب و توافق بین‌ارزیاب.,مولفه‌های عینی، مکانی، رفتاری و ادراکی جدا بمانند؛ حداقل پوشش مصوب؛ تعارض شواهد و عدم‌قطعیت نمایش داده شود؛ تأیید بازبین برای خروجی رسمی.,اجزای UI/حافظه اولیه وجود دارد؛ چرخه مداخله، baseline نسخه‌دار و ارزیابی اثر پایدار هنوز یکپارچه نیست.,P3,جزئی/مشروط
L-CAP-F,یادگیری,قابلیت‌های S-I-F-A-M-G,قابلیت بازخورد F,rubric score 0–100,ممیزی یادگیری/روبرک,پس از هر چرخه,محله/سازمان,D_HYBRID_REVIEW,PROVISIONAL_THEN_REVIEW,audit log، تصمیم‌ها، بازخوردها، adaptations و memory registry,بخش‌های قابل شمارش خودکار؛ rubricهای تفسیری با دو ارزیاب و توافق بین‌ارزیاب.,مولفه‌های عینی، مکانی، رفتاری و ادراکی جدا بمانند؛ حداقل پوشش مصوب؛ تعارض شواهد و عدم‌قطعیت نمایش داده شود؛ تأیید بازبین برای خروجی رسمی.,اجزای UI/حافظه اولیه وجود دارد؛ چرخه مداخله، baseline نسخه‌دار و ارزیابی اثر پایدار هنوز یکپارچه نیست.,P3,جزئی/مشروط
L-CAP-A,یادگیری,قابلیت‌های S-I-F-A-M-G,قابلیت انطباق A,adapted decisions / decisions requiring adaptation × 100,ممیزی یادگیری/روبرک,پس از هر چرخه,محله/سازمان,D_HYBRID_REVIEW,PROVISIONAL_THEN_REVIEW,audit log، تصمیم‌ها، بازخوردها، adaptations و memory registry,بخش‌های قابل شمارش خودکار؛ rubricهای تفسیری با دو ارزیاب و توافق بین‌ارزیاب.,مولفه‌های عینی، مکانی، رفتاری و ادراکی جدا بمانند؛ حداقل پوشش مصوب؛ تعارض شواهد و عدم‌قطعیت نمایش داده شود؛ تأیید بازبین برای خروجی رسمی.,اجزای UI/حافظه اولیه وجود دارد؛ چرخه مداخله، baseline نسخه‌دار و ارزیابی اثر پایدار هنوز یکپارچه نیست.,P3,جزئی/مشروط
L-CAP-M,یادگیری,قابلیت‌های S-I-F-A-M-G,قابلیت حافظه M,rubric score 0–100,ممیزی یادگیری/روبرک,پس از هر چرخه,محله/سازمان,D_HYBRID_REVIEW,PROVISIONAL_THEN_REVIEW,audit log، تصمیم‌ها، بازخوردها، adaptations و memory registry,بخش‌های قابل شمارش خودکار؛ rubricهای تفسیری با دو ارزیاب و توافق بین‌ارزیاب.,مولفه‌های عینی، مکانی، رفتاری و ادراکی جدا بمانند؛ حداقل پوشش مصوب؛ تعارض شواهد و عدم‌قطعیت نمایش داده شود؛ تأیید بازبین برای خروجی رسمی.,اجزای UI/حافظه اولیه وجود دارد؛ چرخه مداخله، baseline نسخه‌دار و ارزیابی اثر پایدار هنوز یکپارچه نیست.,P3,جزئی/مشروط
L-CAP-G,یادگیری,قابلیت‌های S-I-F-A-M-G,قابلیت دروازه گلوگاه G,rule(weak/critical components),ممیزی یادگیری/روبرک,پس از هر چرخه,محله/سازمان,D_HYBRID_REVIEW,PROVISIONAL_THEN_REVIEW,audit log، تصمیم‌ها، بازخوردها، adaptations و memory registry,بخش‌های قابل شمارش خودکار؛ rubricهای تفسیری با دو ارزیاب و توافق بین‌ارزیاب.,مولفه‌های عینی، مکانی، رفتاری و ادراکی جدا بمانند؛ حداقل پوشش مصوب؛ تعارض شواهد و عدم‌قطعیت نمایش داده شود؛ تأیید بازبین برای خروجی رسمی.,اجزای UI/حافظه اولیه وجود دارد؛ چرخه مداخله، baseline نسخه‌دار و ارزیابی اثر پایدار هنوز یکپارچه نیست.,P3,جزئی/مشروط
L-INDEX,یادگیری,قابلیت‌های S-I-F-A-M-G,شاخص کلی یادگیری L,"L = H(S,I,F,A,M) × G",تابع مصوب پس از کالیبراسیون,پس از هر چرخه,محله/سرمایه,D_HYBRID_REVIEW,PROVISIONAL_THEN_REVIEW,audit log، تصمیم‌ها، بازخوردها، adaptations و memory registry,بخش‌های قابل شمارش خودکار؛ rubricهای تفسیری با دو ارزیاب و توافق بین‌ارزیاب.,مولفه‌های عینی، مکانی، رفتاری و ادراکی جدا بمانند؛ حداقل پوشش مصوب؛ تعارض شواهد و عدم‌قطعیت نمایش داده شود؛ تأیید بازبین برای خروجی رسمی.,اجزای UI/حافظه اولیه وجود دارد؛ چرخه مداخله، baseline نسخه‌دار و ارزیابی اثر پایدار هنوز یکپارچه نیست.,P3,جزئی/مشروط
L-H,یادگیری,یادگیری به تفکیک سرمایه,شاخص یادگیری سرمایه انسانی,"L_H = H(S_H,I_H,F_H,A_H,M_H) × G_H",ممیزی یادگیری,پس از هر چرخه,محله/سرمایه,C_DERIVED_DETERMINISTIC,COMPUTE_AFTER_UPSTREAM_QA,S/I/F/A/M/G معتبر برای هر سرمایه,تابع H نسخه‌دار و gate؛ پوشش هر مولفه؛ بدون داده کافی null.,فقط ورودی validated؛ formula_version و registry_version ثابت؛ پوشش وزنی گزارش شود؛ missing بازنرمال‌سازی پنهان نشود؛ آزمون مرجع و تحلیل حساسیت.,اجزای UI/حافظه اولیه وجود دارد؛ چرخه مداخله، baseline نسخه‌دار و ارزیابی اثر پایدار هنوز یکپارچه نیست.,P3,بله
L-S,یادگیری,یادگیری به تفکیک سرمایه,شاخص یادگیری سرمایه اجتماعی,"L_S = H(S_S,I_S,F_S,A_S,M_S) × G_S",ممیزی یادگیری,پس از هر چرخه,محله/سرمایه,C_DERIVED_DETERMINISTIC,COMPUTE_AFTER_UPSTREAM_QA,S/I/F/A/M/G معتبر برای هر سرمایه,تابع H نسخه‌دار و gate؛ پوشش هر مولفه؛ بدون داده کافی null.,فقط ورودی validated؛ formula_version و registry_version ثابت؛ پوشش وزنی گزارش شود؛ missing بازنرمال‌سازی پنهان نشود؛ آزمون مرجع و تحلیل حساسیت.,اجزای UI/حافظه اولیه وجود دارد؛ چرخه مداخله، baseline نسخه‌دار و ارزیابی اثر پایدار هنوز یکپارچه نیست.,P3,بله
L-EC,یادگیری,یادگیری به تفکیک سرمایه,شاخص یادگیری سرمایه اقتصادی,"L_EC = H(S_EC,I_EC,F_EC,A_EC,M_EC) × G_EC",ممیزی یادگیری,پس از هر چرخه,محله/سرمایه,C_DERIVED_DETERMINISTIC,COMPUTE_AFTER_UPSTREAM_QA,S/I/F/A/M/G معتبر برای هر سرمایه,تابع H نسخه‌دار و gate؛ پوشش هر مولفه؛ بدون داده کافی null.,فقط ورودی validated؛ formula_version و registry_version ثابت؛ پوشش وزنی گزارش شود؛ missing بازنرمال‌سازی پنهان نشود؛ آزمون مرجع و تحلیل حساسیت.,اجزای UI/حافظه اولیه وجود دارد؛ چرخه مداخله، baseline نسخه‌دار و ارزیابی اثر پایدار هنوز یکپارچه نیست.,P3,بله
L-P,یادگیری,یادگیری به تفکیک سرمایه,شاخص یادگیری سرمایه کالبدی–زیرساختی,"L_P = H(S_P,I_P,F_P,A_P,M_P) × G_P",ممیزی یادگیری,پس از هر چرخه,محله/سرمایه,C_DERIVED_DETERMINISTIC,COMPUTE_AFTER_UPSTREAM_QA,S/I/F/A/M/G معتبر برای هر سرمایه,تابع H نسخه‌دار و gate؛ پوشش هر مولفه؛ بدون داده کافی null.,فقط ورودی validated؛ formula_version و registry_version ثابت؛ پوشش وزنی گزارش شود؛ missing بازنرمال‌سازی پنهان نشود؛ آزمون مرجع و تحلیل حساسیت.,اجزای UI/حافظه اولیه وجود دارد؛ چرخه مداخله، baseline نسخه‌دار و ارزیابی اثر پایدار هنوز یکپارچه نیست.,P3,بله
L-N,یادگیری,یادگیری به تفکیک سرمایه,شاخص یادگیری سرمایه طبیعی–محیطی,"L_N = H(S_N,I_N,F_N,A_N,M_N) × G_N",ممیزی یادگیری,پس از هر چرخه,محله/سرمایه,C_DERIVED_DETERMINISTIC,COMPUTE_AFTER_UPSTREAM_QA,S/I/F/A/M/G معتبر برای هر سرمایه,تابع H نسخه‌دار و gate؛ پوشش هر مولفه؛ بدون داده کافی null.,فقط ورودی validated؛ formula_version و registry_version ثابت؛ پوشش وزنی گزارش شود؛ missing بازنرمال‌سازی پنهان نشود؛ آزمون مرجع و تحلیل حساسیت.,اجزای UI/حافظه اولیه وجود دارد؛ چرخه مداخله، baseline نسخه‌دار و ارزیابی اثر پایدار هنوز یکپارچه نیست.,P3,بله
L-C,یادگیری,یادگیری به تفکیک سرمایه,شاخص یادگیری سرمایه فرهنگی–هویتی,"L_C = H(S_C,I_C,F_C,A_C,M_C) × G_C",ممیزی یادگیری,پس از هر چرخه,محله/سرمایه,C_DERIVED_DETERMINISTIC,COMPUTE_AFTER_UPSTREAM_QA,S/I/F/A/M/G معتبر برای هر سرمایه,تابع H نسخه‌دار و gate؛ پوشش هر مولفه؛ بدون داده کافی null.,فقط ورودی validated؛ formula_version و registry_version ثابت؛ پوشش وزنی گزارش شود؛ missing بازنرمال‌سازی پنهان نشود؛ آزمون مرجع و تحلیل حساسیت.,اجزای UI/حافظه اولیه وجود دارد؛ چرخه مداخله، baseline نسخه‌دار و ارزیابی اثر پایدار هنوز یکپارچه نیست.,P3,بله
L-G,یادگیری,یادگیری به تفکیک سرمایه,شاخص یادگیری سرمایه نهادی–حکمرانی,"L_G = H(S_G,I_G,F_G,A_G,M_G) × G_G",ممیزی یادگیری,پس از هر چرخه,محله/سرمایه,C_DERIVED_DETERMINISTIC,COMPUTE_AFTER_UPSTREAM_QA,S/I/F/A/M/G معتبر برای هر سرمایه,تابع H نسخه‌دار و gate؛ پوشش هر مولفه؛ بدون داده کافی null.,فقط ورودی validated؛ formula_version و registry_version ثابت؛ پوشش وزنی گزارش شود؛ missing بازنرمال‌سازی پنهان نشود؛ آزمون مرجع و تحلیل حساسیت.,اجزای UI/حافظه اولیه وجود دارد؛ چرخه مداخله، baseline نسخه‌دار و ارزیابی اثر پایدار هنوز یکپارچه نیست.,P3,بله
L-R,یادگیری,یادگیری به تفکیک سرمایه,شاخص یادگیری سرمایه شبکه‌ای–ارتباطی,"L_R = H(S_R,I_R,F_R,A_R,M_R) × G_R",ممیزی یادگیری,پس از هر چرخه,محله/سرمایه,C_DERIVED_DETERMINISTIC,COMPUTE_AFTER_UPSTREAM_QA,S/I/F/A/M/G معتبر برای هر سرمایه,تابع H نسخه‌دار و gate؛ پوشش هر مولفه؛ بدون داده کافی null.,فقط ورودی validated؛ formula_version و registry_version ثابت؛ پوشش وزنی گزارش شود؛ missing بازنرمال‌سازی پنهان نشود؛ آزمون مرجع و تحلیل حساسیت.,اجزای UI/حافظه اولیه وجود دارد؛ چرخه مداخله، baseline نسخه‌دار و ارزیابی اثر پایدار هنوز یکپارچه نیست.,P3,بله
L-VL,یادگیری,پویایی,سرعت یادگیری V_l,validated adaptations / time,تحلیل روند,دوره‌ای,سیستم,C_DERIVED_DETERMINISTIC,COMPUTE_AFTER_UPSTREAM_QA,سری زمانی adaptation، تغییر زمینه، مسائل جدید/حل‌شده و Q/T/R,نرخ‌ها در واحد زمان ثابت؛ Vc=0 به‌صورت حالت ویژه؛ robust slope و rule response نسخه‌دار.,فقط ورودی validated؛ formula_version و registry_version ثابت؛ پوشش وزنی گزارش شود؛ missing بازنرمال‌سازی پنهان نشود؛ آزمون مرجع و تحلیل حساسیت.,اجزای UI/حافظه اولیه وجود دارد؛ چرخه مداخله، baseline نسخه‌دار و ارزیابی اثر پایدار هنوز یکپارچه نیست.,P3,بله
L-VC,یادگیری,پویایی,سرعت تغییر محیط V_c,magnitude of contextual change / time,تحلیل روند,دوره‌ای,محله و شهر,C_DERIVED_DETERMINISTIC,COMPUTE_AFTER_UPSTREAM_QA,سری زمانی adaptation، تغییر زمینه، مسائل جدید/حل‌شده و Q/T/R,نرخ‌ها در واحد زمان ثابت؛ Vc=0 به‌صورت حالت ویژه؛ robust slope و rule response نسخه‌دار.,فقط ورودی validated؛ formula_version و registry_version ثابت؛ پوشش وزنی گزارش شود؛ missing بازنرمال‌سازی پنهان نشود؛ آزمون مرجع و تحلیل حساسیت.,اجزای UI/حافظه اولیه وجود دارد؛ چرخه مداخله، baseline نسخه‌دار و ارزیابی اثر پایدار هنوز یکپارچه نیست.,P3,بله
L-DYN-RES,یادگیری,پویایی,تاب‌آوری پویا,DynamicResilience = V_l / V_c,محاسبه قطعی,دوره‌ای,محله,C_DERIVED_DETERMINISTIC,COMPUTE_AFTER_UPSTREAM_QA,سری زمانی adaptation، تغییر زمینه، مسائل جدید/حل‌شده و Q/T/R,نرخ‌ها در واحد زمان ثابت؛ Vc=0 به‌صورت حالت ویژه؛ robust slope و rule response نسخه‌دار.,فقط ورودی validated؛ formula_version و registry_version ثابت؛ پوشش وزنی گزارش شود؛ missing بازنرمال‌سازی پنهان نشود؛ آزمون مرجع و تحلیل حساسیت.,اجزای UI/حافظه اولیه وجود دارد؛ چرخه مداخله، baseline نسخه‌دار و ارزیابی اثر پایدار هنوز یکپارچه نیست.,P3,بله
L-PT,یادگیری,پویایی,تولید مسئله P(t),weighted new/escalated problems,تحلیل پرونده,دوره‌ای,محله,C_DERIVED_DETERMINISTIC,COMPUTE_AFTER_UPSTREAM_QA,سری زمانی adaptation، تغییر زمینه، مسائل جدید/حل‌شده و Q/T/R,نرخ‌ها در واحد زمان ثابت؛ Vc=0 به‌صورت حالت ویژه؛ robust slope و rule response نسخه‌دار.,فقط ورودی validated؛ formula_version و registry_version ثابت؛ پوشش وزنی گزارش شود؛ missing بازنرمال‌سازی پنهان نشود؛ آزمون مرجع و تحلیل حساسیت.,اجزای UI/حافظه اولیه وجود دارد؛ چرخه مداخله، baseline نسخه‌دار و ارزیابی اثر پایدار هنوز یکپارچه نیست.,P3,بله
L-ST,یادگیری,پویایی,ظرفیت حل مسئله S(t),weighted resolved/contained problems,تحلیل پرونده,دوره‌ای,محله,C_DERIVED_DETERMINISTIC,COMPUTE_AFTER_UPSTREAM_QA,سری زمانی adaptation، تغییر زمینه، مسائل جدید/حل‌شده و Q/T/R,نرخ‌ها در واحد زمان ثابت؛ Vc=0 به‌صورت حالت ویژه؛ robust slope و rule response نسخه‌دار.,فقط ورودی validated؛ formula_version و registry_version ثابت؛ پوشش وزنی گزارش شود؛ missing بازنرمال‌سازی پنهان نشود؛ آزمون مرجع و تحلیل حساسیت.,اجزای UI/حافظه اولیه وجود دارد؛ چرخه مداخله، baseline نسخه‌دار و ارزیابی اثر پایدار هنوز یکپارچه نیست.,P3,بله
L-DT,یادگیری,پویایی,ناترازی حل مسئله D(t),D(t) = P(t) − S(t),محاسبه قطعی,دوره‌ای,محله,C_DERIVED_DETERMINISTIC,COMPUTE_AFTER_UPSTREAM_QA,سری زمانی adaptation، تغییر زمینه، مسائل جدید/حل‌شده و Q/T/R,نرخ‌ها در واحد زمان ثابت؛ Vc=0 به‌صورت حالت ویژه؛ robust slope و rule response نسخه‌دار.,فقط ورودی validated؛ formula_version و registry_version ثابت؛ پوشش وزنی گزارش شود؛ missing بازنرمال‌سازی پنهان نشود؛ آزمون مرجع و تحلیل حساسیت.,اجزای UI/حافظه اولیه وجود دارد؛ چرخه مداخله، baseline نسخه‌دار و ارزیابی اثر پایدار هنوز یکپارچه نیست.,P3,بله
L-DDT,یادگیری,پویایی,شتاب ناترازی dD/dt,slope of D(t),تحلیل روند,دوره‌ای,محله,C_DERIVED_DETERMINISTIC,COMPUTE_AFTER_UPSTREAM_QA,سری زمانی adaptation، تغییر زمینه، مسائل جدید/حل‌شده و Q/T/R,نرخ‌ها در واحد زمان ثابت؛ Vc=0 به‌صورت حالت ویژه؛ robust slope و rule response نسخه‌دار.,فقط ورودی validated؛ formula_version و registry_version ثابت؛ پوشش وزنی گزارش شود؛ missing بازنرمال‌سازی پنهان نشود؛ آزمون مرجع و تحلیل حساسیت.,اجزای UI/حافظه اولیه وجود دارد؛ چرخه مداخله، baseline نسخه‌دار و ارزیابی اثر پایدار هنوز یکپارچه نیست.,P3,بله
L-RESPONSE-LEVEL,یادگیری,پویایی,سطح پاسخ مدیریتی,"rule(Q,T,R,gaps,D,dD/dt)",قاعده نسخه‌گذاری‌شده,هر چرخه,محله,C_DERIVED_DETERMINISTIC,COMPUTE_AFTER_UPSTREAM_QA,سری زمانی adaptation، تغییر زمینه، مسائل جدید/حل‌شده و Q/T/R,نرخ‌ها در واحد زمان ثابت؛ Vc=0 به‌صورت حالت ویژه؛ robust slope و rule response نسخه‌دار.,فقط ورودی validated؛ formula_version و registry_version ثابت؛ پوشش وزنی گزارش شود؛ missing بازنرمال‌سازی پنهان نشود؛ آزمون مرجع و تحلیل حساسیت.,اجزای UI/حافظه اولیه وجود دارد؛ چرخه مداخله، baseline نسخه‌دار و ارزیابی اثر پایدار هنوز یکپارچه نیست.,P3,بله
L-SI,یادگیری,شاخص حفاظتی,ماندگاری اجتماعی SI,SI = target households remaining after / target households before,پایش پنل/ثبت,پیش و پس,محدوده مداخله,D_HYBRID_REVIEW,PROVISIONAL_THEN_REVIEW,پنل خانوار/ثبت سکونت، مشاهده رفتاری مجاز و اجزای IRI,SI و IRI با داده محرمانه تجمیعی؛ GI از تصویر ماهواره‌ای/تشخیص جنسیت چهره استخراج نشود و فقط پروتکل رفتاری اخلاقی مجاز است.,مولفه‌های عینی، مکانی، رفتاری و ادراکی جدا بمانند؛ حداقل پوشش مصوب؛ تعارض شواهد و عدم‌قطعیت نمایش داده شود؛ تأیید بازبین برای خروجی رسمی.,اجزای UI/حافظه اولیه وجود دارد؛ چرخه مداخله، baseline نسخه‌دار و ارزیابی اثر پایدار هنوز یکپارچه نیست.,P3,جزئی/مشروط
L-GI,یادگیری,شاخص حفاظتی,حضور برابر GI,GI = female presence / male presence,مشاهده رفتاری,چند نوبت و فصل,فضای عمومی,E_SURVEY_OR_FIELD,BEHAVIORAL_OBSERVATION_ONLY,شمارش رفتاری نمونه‌ای با پروتکل اخلاقی و ناشناس؛ داده ماهواره‌ای یا تشخیص جنسیت چهره ممنوع,نسبت حضور ثبت‌شده در چند زمان/فصل؛ جنسیت ادراک‌شده محدودیت جدی دارد و باید روش تصویب شود.,جانشین‌سازی با POI، مدل زبانی یا تصویر ماهواره‌ای ممنوع؛ فقط ابزار استاندارد، نمونه‌گیری، وزن‌دهی، ناشناس‌سازی و آزمون پایایی/روایی.,اجزای UI/حافظه اولیه وجود دارد؛ چرخه مداخله، baseline نسخه‌دار و ارزیابی اثر پایدار هنوز یکپارچه نیست.,P3,خیر
L-IRI,یادگیری,شاخص حفاظتی,توان بازآفرینی درونی IRI,"IRI = H(internal capacity,collective action,external network,dependency−)",تابع مصوب/ارزیابی ترکیبی,سالانه,محله,D_HYBRID_REVIEW,PROVISIONAL_THEN_REVIEW,پنل خانوار/ثبت سکونت، مشاهده رفتاری مجاز و اجزای IRI,SI و IRI با داده محرمانه تجمیعی؛ GI از تصویر ماهواره‌ای/تشخیص جنسیت چهره استخراج نشود و فقط پروتکل رفتاری اخلاقی مجاز است.,مولفه‌های عینی، مکانی، رفتاری و ادراکی جدا بمانند؛ حداقل پوشش مصوب؛ تعارض شواهد و عدم‌قطعیت نمایش داده شود؛ تأیید بازبین برای خروجی رسمی.,اجزای UI/حافظه اولیه وجود دارد؛ چرخه مداخله، baseline نسخه‌دار و ارزیابی اثر پایدار هنوز یکپارچه نیست.,P3,جزئی/مشروط
