code,value,unit,score_1_5,quality,status,source_version,reference_date,synthetic
PHY-001,,,1.00,0.90,validated,SYNTHETIC-TEST,2025-01-01,true
PHY-002,,,1.37,0.90,validated,SYNTHETIC-TEST,2025-01-01,true
PHY-003,,,1.74,0.90,validated,SYNTHETIC-TEST,2025-01-01,true
PHY-004,,,2.11,0.90,validated,SYNTHETIC-TEST,2025-01-01,true
PHY-005,,,2.48,0.90,validated,SYNTHETIC-TEST,2025-01-01,true
PHY-006,,,2.85,0.90,validated,SYNTHETIC-TEST,2025-01-01,true
PHY-007,,,3.22,0.90,validated,SYNTHETIC-TEST,2025-01-01,true
PHY-008,,,3.59,0.90,validated,SYNTHETIC-TEST,2025-01-01,true
PHY-009,,,3.96,0.90,validated,SYNTHETIC-TEST,2025-01-01,true
PHY-010,,,4.33,0.90,validated,SYNTHETIC-TEST,2025-01-01,true
PHY-011,,,4.70,0.90,validated,SYNTHETIC-TEST,2025-01-01,true
PHY-012,,,1.06,0.90,validated,SYNTHETIC-TEST,2025-01-01,true
PHY-013,,,1.43,0.90,validated,SYNTHETIC-TEST,2025-01-01,true
PHY-014,,,1.80,0.90,validated,SYNTHETIC-TEST,2025-01-01,true
PHY-015,,,2.17,0.90,validated,SYNTHETIC-TEST,2025-01-01,true
PHY-016,,,2.54,0.90,validated,SYNTHETIC-TEST,2025-01-01,true
PHY-017,,,2.91,0.90,validated,SYNTHETIC-TEST,2025-01-01,true
PHY-018,,,3.28,0.90,validated,SYNTHETIC-TEST,2025-01-01,true
PHY-019,,,3.65,0.90,validated,SYNTHETIC-TEST,2025-01-01,true
PHY-020,,,4.02,0.90,validated,SYNTHETIC-TEST,2025-01-01,true
PHY-021,,,4.39,0.90,validated,SYNTHETIC-TEST,2025-01-01,true
PHY-022,,,4.76,0.90,validated,SYNTHETIC-TEST,2025-01-01,true
PHY-023,,,1.12,0.90,validated,SYNTHETIC-TEST,2025-01-01,true
PHY-024,,,1.49,0.90,validated,SYNTHETIC-TEST,2025-01-01,true
PHY-025,,,1.86,0.90,validated,SYNTHETIC-TEST,2025-01-01,true
PHY-026,,,2.23,0.90,validated,SYNTHETIC-TEST,2025-01-01,true
PHY-027,,,2.60,0.90,validated,SYNTHETIC-TEST,2025-01-01,true
PHY-028,,,2.97,0.90,validated,SYNTHETIC-TEST,2025-01-01,true
PHY-029,,,3.34,0.90,validated,SYNTHETIC-TEST,2025-01-01,true
PHY-030,,,3.71,0.90,validated,SYNTHETIC-TEST,2025-01-01,true
PHY-031,,,4.08,0.90,validated,SYNTHETIC-TEST,2025-01-01,true
PHY-032,,,4.45,0.90,validated,SYNTHETIC-TEST,2025-01-01,true
PHY-033,,,4.82,0.90,validated,SYNTHETIC-TEST,2025-01-01,true
PHY-034,,,1.18,0.90,validated,SYNTHETIC-TEST,2025-01-01,true
PHY-035,,,1.55,0.90,validated,SYNTHETIC-TEST,2025-01-01,true
PHY-036,,,1.92,0.90,validated,SYNTHETIC-TEST,2025-01-01,true
PHY-037,,,2.29,0.90,validated,SYNTHETIC-TEST,2025-01-01,true
PHY-038,,,2.66,0.90,validated,SYNTHETIC-TEST,2025-01-01,true
PHY-039,,,3.03,0.90,validated,SYNTHETIC-TEST,2025-01-01,true
PHY-040,,,3.40,0.90,validated,SYNTHETIC-TEST,2025-01-01,true
PHY-041,,,3.77,0.90,validated,SYNTHETIC-TEST,2025-01-01,true
PHY-042,,,4.14,0.90,validated,SYNTHETIC-TEST,2025-01-01,true
PHY-043,,,4.51,0.90,validated,SYNTHETIC-TEST,2025-01-01,true
PHY-044,,,4.88,0.90,validated,SYNTHETIC-TEST,2025-01-01,true
PHY-045,,,1.24,0.90,validated,SYNTHETIC-TEST,2025-01-01,true
PHY-046,,,1.61,0.90,validated,SYNTHETIC-TEST,2025-01-01,true
PHY-047,,,1.98,0.90,validated,SYNTHETIC-TEST,2025-01-01,true
PHY-048,,,2.35,0.90,validated,SYNTHETIC-TEST,2025-01-01,true
PHY-049,,,2.72,0.90,validated,SYNTHETIC-TEST,2025-01-01,true
PHY-050,,,3.09,0.90,validated,SYNTHETIC-TEST,2025-01-01,true
PHY-051,,,3.46,0.90,validated,SYNTHETIC-TEST,2025-01-01,true
PHY-052,,,3.83,0.90,validated,SYNTHETIC-TEST,2025-01-01,true
PHY-053,,,4.20,0.90,validated,SYNTHETIC-TEST,2025-01-01,true
PHY-054,,,4.57,0.90,validated,SYNTHETIC-TEST,2025-01-01,true
PHY-055,,,4.94,0.90,validated,SYNTHETIC-TEST,2025-01-01,true
PHY-056,,,1.30,0.90,validated,SYNTHETIC-TEST,2025-01-01,true
PHY-057,,,1.67,0.90,validated,SYNTHETIC-TEST,2025-01-01,true
PHY-058,,,2.04,0.90,validated,SYNTHETIC-TEST,2025-01-01,true
PHY-059,,,2.41,0.90,validated,SYNTHETIC-TEST,2025-01-01,true
PHY-060,,,2.78,0.90,validated,SYNTHETIC-TEST,2025-01-01,true
PHY-061,,,3.15,0.90,validated,SYNTHETIC-TEST,2025-01-01,true
PHY-062,,,3.52,0.90,validated,SYNTHETIC-TEST,2025-01-01,true
PHY-063,,,3.89,0.90,validated,SYNTHETIC-TEST,2025-01-01,true
PHY-064,,,4.26,0.90,validated,SYNTHETIC-TEST,2025-01-01,true
PHY-065,,,4.63,0.90,validated,SYNTHETIC-TEST,2025-01-01,true
PHY-066,,,5.00,0.90,validated,SYNTHETIC-TEST,2025-01-01,true
PHY-067,,,1.36,0.90,validated,SYNTHETIC-TEST,2025-01-01,true
PHY-068,,,1.73,0.90,validated,SYNTHETIC-TEST,2025-01-01,true
PHY-069,,,2.10,0.90,validated,SYNTHETIC-TEST,2025-01-01,true
PHY-070,,,2.47,0.90,validated,SYNTHETIC-TEST,2025-01-01,true
PHY-071,,,2.84,0.90,validated,SYNTHETIC-TEST,2025-01-01,true
PHY-072,,,3.21,0.90,validated,SYNTHETIC-TEST,2025-01-01,true
PHY-073,,,3.58,0.90,validated,SYNTHETIC-TEST,2025-01-01,true
PHY-074,,,3.95,0.90,validated,SYNTHETIC-TEST,2025-01-01,true
PHY-075,,,4.32,0.90,validated,SYNTHETIC-TEST,2025-01-01,true
PHY-076,,,4.69,0.90,validated,SYNTHETIC-TEST,2025-01-01,true
PHY-077,,,1.05,0.90,validated,SYNTHETIC-TEST,2025-01-01,true
PHY-078,,,1.42,0.90,validated,SYNTHETIC-TEST,2025-01-01,true
PHY-079,,,1.79,0.90,validated,SYNTHETIC-TEST,2025-01-01,true
PHY-080,,,2.16,0.90,validated,SYNTHETIC-TEST,2025-01-01,true
PHY-081,,,2.53,0.90,validated,SYNTHETIC-TEST,2025-01-01,true
PHY-082,,,2.90,0.90,validated,SYNTHETIC-TEST,2025-01-01,true
PHY-083,,,3.27,0.90,validated,SYNTHETIC-TEST,2025-01-01,true
PHY-084,,,3.64,0.90,validated,SYNTHETIC-TEST,2025-01-01,true
PHY-085,,,4.01,0.90,validated,SYNTHETIC-TEST,2025-01-01,true
PHY-086,,,4.38,0.90,validated,SYNTHETIC-TEST,2025-01-01,true
PHY-087,,,4.75,0.90,validated,SYNTHETIC-TEST,2025-01-01,true
PHY-088,,,1.11,0.90,validated,SYNTHETIC-TEST,2025-01-01,true
PHY-089,,,1.48,0.90,validated,SYNTHETIC-TEST,2025-01-01,true
PHY-090,,,1.85,0.90,validated,SYNTHETIC-TEST,2025-01-01,true
PHY-091,,,2.22,0.90,validated,SYNTHETIC-TEST,2025-01-01,true
PHY-092,,,2.59,0.90,validated,SYNTHETIC-TEST,2025-01-01,true
PHY-093,,,2.96,0.90,validated,SYNTHETIC-TEST,2025-01-01,true
PHY-094,,,3.33,0.90,validated,SYNTHETIC-TEST,2025-01-01,true
PHY-095,,,3.70,0.90,validated,SYNTHETIC-TEST,2025-01-01,true
PHY-096,,,4.07,0.90,validated,SYNTHETIC-TEST,2025-01-01,true
PHY-097,,,4.44,0.90,validated,SYNTHETIC-TEST,2025-01-01,true
PHY-098,,,4.81,0.90,validated,SYNTHETIC-TEST,2025-01-01,true
PHY-099,,,1.17,0.90,validated,SYNTHETIC-TEST,2025-01-01,true
PHY-100,,,1.54,0.90,validated,SYNTHETIC-TEST,2025-01-01,true
PHY-101,,,1.91,0.90,validated,SYNTHETIC-TEST,2025-01-01,true
PHY-102,,,2.28,0.90,validated,SYNTHETIC-TEST,2025-01-01,true
PHY-103,,,2.65,0.90,validated,SYNTHETIC-TEST,2025-01-01,true
PHY-104,,,3.02,0.90,validated,SYNTHETIC-TEST,2025-01-01,true
PHY-105,,,3.39,0.90,validated,SYNTHETIC-TEST,2025-01-01,true
PHY-106,,,3.76,0.90,validated,SYNTHETIC-TEST,2025-01-01,true
PHY-107,,,4.13,0.90,validated,SYNTHETIC-TEST,2025-01-01,true
PHY-108,,,4.50,0.90,validated,SYNTHETIC-TEST,2025-01-01,true
PHY-109,,,4.87,0.90,validated,SYNTHETIC-TEST,2025-01-01,true
PHY-110,,,1.23,0.90,validated,SYNTHETIC-TEST,2025-01-01,true
PHY-111,,,1.60,0.90,validated,SYNTHETIC-TEST,2025-01-01,true
PHY-112,,,1.97,0.90,validated,SYNTHETIC-TEST,2025-01-01,true
PHY-113,,,2.34,0.90,validated,SYNTHETIC-TEST,2025-01-01,true
PHY-114,,,2.71,0.90,validated,SYNTHETIC-TEST,2025-01-01,true
PHY-115,,,3.08,0.90,validated,SYNTHETIC-TEST,2025-01-01,true
PHY-116,,,3.45,0.90,validated,SYNTHETIC-TEST,2025-01-01,true
PHY-117,,,3.82,0.90,validated,SYNTHETIC-TEST,2025-01-01,true
PHY-118,,,4.19,0.90,validated,SYNTHETIC-TEST,2025-01-01,true
PHY-119,,,4.56,0.90,validated,SYNTHETIC-TEST,2025-01-01,true
PHY-120,,,4.93,0.90,validated,SYNTHETIC-TEST,2025-01-01,true
PHY-121,,,1.29,0.90,validated,SYNTHETIC-TEST,2025-01-01,true
PHY-122,,,1.66,0.90,validated,SYNTHETIC-TEST,2025-01-01,true
PHY-123,,,2.03,0.90,validated,SYNTHETIC-TEST,2025-01-01,true
PHY-124,,,2.40,0.90,validated,SYNTHETIC-TEST,2025-01-01,true
PHY-125,,,2.77,0.90,validated,SYNTHETIC-TEST,2025-01-01,true
PHY-126,,,3.14,0.90,validated,SYNTHETIC-TEST,2025-01-01,true
PHY-127,,,3.51,0.90,validated,SYNTHETIC-TEST,2025-01-01,true
PHY-128,,,3.88,0.90,validated,SYNTHETIC-TEST,2025-01-01,true
PHY-129,,,4.25,0.90,validated,SYNTHETIC-TEST,2025-01-01,true
PHY-130,,,4.62,0.90,validated,SYNTHETIC-TEST,2025-01-01,true
PHY-131,,,4.99,0.90,validated,SYNTHETIC-TEST,2025-01-01,true
PHY-132,,,1.35,0.90,validated,SYNTHETIC-TEST,2025-01-01,true
PHY-133,,,1.72,0.90,validated,SYNTHETIC-TEST,2025-01-01,true
PHY-134,,,2.09,0.90,validated,SYNTHETIC-TEST,2025-01-01,true
PHY-135,,,2.46,0.90,validated,SYNTHETIC-TEST,2025-01-01,true
PHY-136,,,2.83,0.90,validated,SYNTHETIC-TEST,2025-01-01,true
PHY-137,,,3.20,0.90,validated,SYNTHETIC-TEST,2025-01-01,true
PHY-138,,,3.57,0.90,validated,SYNTHETIC-TEST,2025-01-01,true
PHY-139,,,3.94,0.90,validated,SYNTHETIC-TEST,2025-01-01,true
PHY-140,,,4.31,0.90,validated,SYNTHETIC-TEST,2025-01-01,true
PHY-141,,,4.68,0.90,validated,SYNTHETIC-TEST,2025-01-01,true
PHY-142,,,1.04,0.90,validated,SYNTHETIC-TEST,2025-01-01,true
PHY-143,,,1.41,0.90,validated,SYNTHETIC-TEST,2025-01-01,true
PHY-144,,,1.78,0.90,validated,SYNTHETIC-TEST,2025-01-01,true
PHY-145,,,2.15,0.90,validated,SYNTHETIC-TEST,2025-01-01,true
PHY-146,,,2.52,0.90,validated,SYNTHETIC-TEST,2025-01-01,true
PHY-147,,,2.89,0.90,validated,SYNTHETIC-TEST,2025-01-01,true
PHY-148,,,3.26,0.90,validated,SYNTHETIC-TEST,2025-01-01,true
PHY-149,,,3.63,0.90,validated,SYNTHETIC-TEST,2025-01-01,true
PHY-150,,,4.00,0.90,validated,SYNTHETIC-TEST,2025-01-01,true
PHY-151,,,4.37,0.90,validated,SYNTHETIC-TEST,2025-01-01,true
PHY-152,,,4.74,0.90,validated,SYNTHETIC-TEST,2025-01-01,true
PHY-153,,,1.10,0.90,validated,SYNTHETIC-TEST,2025-01-01,true
PHY-154,,,1.47,0.90,validated,SYNTHETIC-TEST,2025-01-01,true
PHY-155,,,1.84,0.90,validated,SYNTHETIC-TEST,2025-01-01,true
PHY-156,,,2.21,0.90,validated,SYNTHETIC-TEST,2025-01-01,true
PHY-157,,,2.58,0.90,validated,SYNTHETIC-TEST,2025-01-01,true
PHY-158,,,2.95,0.90,validated,SYNTHETIC-TEST,2025-01-01,true
PHY-159,,,3.32,0.90,validated,SYNTHETIC-TEST,2025-01-01,true
PHY-160,,,3.69,0.90,validated,SYNTHETIC-TEST,2025-01-01,true
PHY-161,,,4.06,0.90,validated,SYNTHETIC-TEST,2025-01-01,true
PHY-162,,,4.43,0.90,validated,SYNTHETIC-TEST,2025-01-01,true
PHY-163,,,4.80,0.90,validated,SYNTHETIC-TEST,2025-01-01,true
PHY-164,,,1.16,0.90,validated,SYNTHETIC-TEST,2025-01-01,true
PHY-165,,,1.53,0.90,validated,SYNTHETIC-TEST,2025-01-01,true
PHY-166,,,1.90,0.90,validated,SYNTHETIC-TEST,2025-01-01,true
PHY-167,,,2.27,0.90,validated,SYNTHETIC-TEST,2025-01-01,true
PHY-168,,,2.64,0.90,validated,SYNTHETIC-TEST,2025-01-01,true
PHY-169,,,3.01,0.90,validated,SYNTHETIC-TEST,2025-01-01,true
PHY-170,,,3.38,0.90,validated,SYNTHETIC-TEST,2025-01-01,true
PHY-171,,,3.75,0.90,validated,SYNTHETIC-TEST,2025-01-01,true
PHY-172,,,4.12,0.90,validated,SYNTHETIC-TEST,2025-01-01,true
PHY-173,,,4.49,0.90,validated,SYNTHETIC-TEST,2025-01-01,true
PHY-174,,,4.86,0.90,validated,SYNTHETIC-TEST,2025-01-01,true
PHY-175,,,1.22,0.90,validated,SYNTHETIC-TEST,2025-01-01,true
PHY-176,,,1.59,0.90,validated,SYNTHETIC-TEST,2025-01-01,true
PHY-177,,,1.96,0.90,validated,SYNTHETIC-TEST,2025-01-01,true
BEH-001,,,2.33,0.90,validated,SYNTHETIC-TEST,2025-01-01,true
BEH-002,,,2.70,0.90,validated,SYNTHETIC-TEST,2025-01-01,true
BEH-003,,,3.07,0.90,validated,SYNTHETIC-TEST,2025-01-01,true
BEH-004,,,3.44,0.90,validated,SYNTHETIC-TEST,2025-01-01,true
BEH-005,,,3.81,0.90,validated,SYNTHETIC-TEST,2025-01-01,true
BEH-006,,,4.18,0.90,validated,SYNTHETIC-TEST,2025-01-01,true
BEH-007,,,4.55,0.90,validated,SYNTHETIC-TEST,2025-01-01,true
BEH-008,,,4.92,0.90,validated,SYNTHETIC-TEST,2025-01-01,true
BEH-009,,,1.28,0.90,validated,SYNTHETIC-TEST,2025-01-01,true
BEH-010,,,1.65,0.90,validated,SYNTHETIC-TEST,2025-01-01,true
BEH-011,,,2.02,0.90,validated,SYNTHETIC-TEST,2025-01-01,true
BEH-012,,,2.39,0.90,validated,SYNTHETIC-TEST,2025-01-01,true
BEH-013,,,2.76,0.90,validated,SYNTHETIC-TEST,2025-01-01,true
BEH-014,,,3.13,0.90,validated,SYNTHETIC-TEST,2025-01-01,true
BEH-015,,,3.50,0.90,validated,SYNTHETIC-TEST,2025-01-01,true
BEH-016,,,3.87,0.90,validated,SYNTHETIC-TEST,2025-01-01,true
BEH-017,,,4.24,0.90,validated,SYNTHETIC-TEST,2025-01-01,true
BEH-018,,,4.61,0.90,validated,SYNTHETIC-TEST,2025-01-01,true
BEH-019,,,4.98,0.90,validated,SYNTHETIC-TEST,2025-01-01,true
BEH-020,,,1.34,0.90,validated,SYNTHETIC-TEST,2025-01-01,true
BEH-021,,,1.71,0.90,validated,SYNTHETIC-TEST,2025-01-01,true
BEH-022,,,2.08,0.90,validated,SYNTHETIC-TEST,2025-01-01,true
BEH-023,,,2.45,0.90,validated,SYNTHETIC-TEST,2025-01-01,true
BEH-024,,,2.82,0.90,validated,SYNTHETIC-TEST,2025-01-01,true
BEH-025,,,3.19,0.90,validated,SYNTHETIC-TEST,2025-01-01,true
BEH-026,,,3.56,0.90,validated,SYNTHETIC-TEST,2025-01-01,true
BEH-027,,,3.93,0.90,validated,SYNTHETIC-TEST,2025-01-01,true
BEH-028,,,4.30,0.90,validated,SYNTHETIC-TEST,2025-01-01,true
BEH-029,,,4.67,0.90,validated,SYNTHETIC-TEST,2025-01-01,true
BEH-030,,,1.03,0.90,validated,SYNTHETIC-TEST,2025-01-01,true
BEH-031,,,1.40,0.90,validated,SYNTHETIC-TEST,2025-01-01,true
BEH-032,,,1.77,0.90,validated,SYNTHETIC-TEST,2025-01-01,true
BEH-033,,,2.14,0.90,validated,SYNTHETIC-TEST,2025-01-01,true
BEH-034,,,2.51,0.90,validated,SYNTHETIC-TEST,2025-01-01,true
BEH-035,,,2.88,0.90,validated,SYNTHETIC-TEST,2025-01-01,true
BEH-036,,,3.25,0.90,validated,SYNTHETIC-TEST,2025-01-01,true
BEH-037,,,3.62,0.90,validated,SYNTHETIC-TEST,2025-01-01,true
BEH-038,,,3.99,0.90,validated,SYNTHETIC-TEST,2025-01-01,true
BEH-039,,,4.36,0.90,validated,SYNTHETIC-TEST,2025-01-01,true
BEH-040,,,4.73,0.90,validated,SYNTHETIC-TEST,2025-01-01,true
BEH-041,,,1.09,0.90,validated,SYNTHETIC-TEST,2025-01-01,true
BEH-042,,,1.46,0.90,validated,SYNTHETIC-TEST,2025-01-01,true
BEH-043,,,1.83,0.90,validated,SYNTHETIC-TEST,2025-01-01,true
BEH-044,,,2.20,0.90,validated,SYNTHETIC-TEST,2025-01-01,true
BEH-045,,,2.57,0.90,validated,SYNTHETIC-TEST,2025-01-01,true
BEH-046,,,2.94,0.90,validated,SYNTHETIC-TEST,2025-01-01,true
BEH-047,,,3.31,0.90,validated,SYNTHETIC-TEST,2025-01-01,true
BEH-048,,,3.68,0.90,validated,SYNTHETIC-TEST,2025-01-01,true
BEH-049,,,4.05,0.90,validated,SYNTHETIC-TEST,2025-01-01,true
BEH-050,,,4.42,0.90,validated,SYNTHETIC-TEST,2025-01-01,true
BEH-051,,,4.79,0.90,validated,SYNTHETIC-TEST,2025-01-01,true
BEH-052,,,1.15,0.90,validated,SYNTHETIC-TEST,2025-01-01,true
BEH-053,,,1.52,0.90,validated,SYNTHETIC-TEST,2025-01-01,true
BEH-054,,,1.89,0.90,validated,SYNTHETIC-TEST,2025-01-01,true
BEH-055,,,2.26,0.90,validated,SYNTHETIC-TEST,2025-01-01,true
BEH-056,,,2.63,0.90,validated,SYNTHETIC-TEST,2025-01-01,true
BEH-057,,,3.00,0.90,validated,SYNTHETIC-TEST,2025-01-01,true
BEH-058,,,3.37,0.90,validated,SYNTHETIC-TEST,2025-01-01,true
BEH-059,,,3.74,0.90,validated,SYNTHETIC-TEST,2025-01-01,true
BEH-060,,,4.11,0.90,validated,SYNTHETIC-TEST,2025-01-01,true
BEH-061,,,4.48,0.90,validated,SYNTHETIC-TEST,2025-01-01,true
BEH-062,,,4.85,0.90,validated,SYNTHETIC-TEST,2025-01-01,true
BEH-063,,,1.21,0.90,validated,SYNTHETIC-TEST,2025-01-01,true
BEH-064,,,1.58,0.90,validated,SYNTHETIC-TEST,2025-01-01,true
BEH-065,,,1.95,0.90,validated,SYNTHETIC-TEST,2025-01-01,true
BEH-066,,,2.32,0.90,validated,SYNTHETIC-TEST,2025-01-01,true
BEH-067,,,2.69,0.90,validated,SYNTHETIC-TEST,2025-01-01,true
BEH-068,,,3.06,0.90,validated,SYNTHETIC-TEST,2025-01-01,true
BEH-069,,,3.43,0.90,validated,SYNTHETIC-TEST,2025-01-01,true
BEH-070,,,3.80,0.90,validated,SYNTHETIC-TEST,2025-01-01,true
BEH-071,,,4.17,0.90,validated,SYNTHETIC-TEST,2025-01-01,true
BEH-072,,,4.54,0.90,validated,SYNTHETIC-TEST,2025-01-01,true
BEH-073,,,4.91,0.90,validated,SYNTHETIC-TEST,2025-01-01,true
BEH-074,,,1.27,0.90,validated,SYNTHETIC-TEST,2025-01-01,true
BEH-075,,,1.64,0.90,validated,SYNTHETIC-TEST,2025-01-01,true
BEH-076,,,2.01,0.90,validated,SYNTHETIC-TEST,2025-01-01,true
BEH-077,,,2.38,0.90,validated,SYNTHETIC-TEST,2025-01-01,true
BEH-078,,,2.75,0.90,validated,SYNTHETIC-TEST,2025-01-01,true
BEH-079,,,3.12,0.90,validated,SYNTHETIC-TEST,2025-01-01,true
BEH-080,,,3.49,0.90,validated,SYNTHETIC-TEST,2025-01-01,true
BEH-081,,,3.86,0.90,validated,SYNTHETIC-TEST,2025-01-01,true
BEH-082,,,4.23,0.90,validated,SYNTHETIC-TEST,2025-01-01,true
BEH-083,,,4.60,0.90,validated,SYNTHETIC-TEST,2025-01-01,true
BEH-084,,,4.97,0.90,validated,SYNTHETIC-TEST,2025-01-01,true
BEH-085,,,1.33,0.90,validated,SYNTHETIC-TEST,2025-01-01,true
BEH-086,,,1.70,0.90,validated,SYNTHETIC-TEST,2025-01-01,true
BEH-087,,,2.07,0.90,validated,SYNTHETIC-TEST,2025-01-01,true
BEH-088,,,2.44,0.90,validated,SYNTHETIC-TEST,2025-01-01,true
BEH-089,,,2.81,0.90,validated,SYNTHETIC-TEST,2025-01-01,true
BEH-090,,,3.18,0.90,validated,SYNTHETIC-TEST,2025-01-01,true
BEH-091,,,3.55,0.90,validated,SYNTHETIC-TEST,2025-01-01,true
BEH-092,,,3.92,0.90,validated,SYNTHETIC-TEST,2025-01-01,true
BEH-093,,,4.29,0.90,validated,SYNTHETIC-TEST,2025-01-01,true
BEH-094,,,4.66,0.90,validated,SYNTHETIC-TEST,2025-01-01,true
BEH-095,,,1.02,0.90,validated,SYNTHETIC-TEST,2025-01-01,true
BEH-096,,,1.39,0.90,validated,SYNTHETIC-TEST,2025-01-01,true
BEH-097,,,1.76,0.90,validated,SYNTHETIC-TEST,2025-01-01,true
BEH-098,,,2.13,0.90,validated,SYNTHETIC-TEST,2025-01-01,true
BEH-099,,,2.50,0.90,validated,SYNTHETIC-TEST,2025-01-01,true
BEH-100,,,2.87,0.90,validated,SYNTHETIC-TEST,2025-01-01,true
BEH-101,,,3.24,0.90,validated,SYNTHETIC-TEST,2025-01-01,true
BEH-102,,,3.61,0.90,validated,SYNTHETIC-TEST,2025-01-01,true
BEH-103,,,3.98,0.90,validated,SYNTHETIC-TEST,2025-01-01,true
BEH-104,,,4.35,0.90,validated,SYNTHETIC-TEST,2025-01-01,true
BEH-105,,,4.72,0.90,validated,SYNTHETIC-TEST,2025-01-01,true
BEH-106,,,1.08,0.90,validated,SYNTHETIC-TEST,2025-01-01,true
BEH-107,,,1.45,0.90,validated,SYNTHETIC-TEST,2025-01-01,true
BEH-108,,,1.82,0.90,validated,SYNTHETIC-TEST,2025-01-01,true
BEH-109,,,2.19,0.90,validated,SYNTHETIC-TEST,2025-01-01,true
BEH-110,,,2.56,0.90,validated,SYNTHETIC-TEST,2025-01-01,true
BEH-111,,,2.93,0.90,validated,SYNTHETIC-TEST,2025-01-01,true
BEH-112,,,3.30,0.90,validated,SYNTHETIC-TEST,2025-01-01,true
BEH-113,,,3.67,0.90,validated,SYNTHETIC-TEST,2025-01-01,true
BEH-114,,,4.04,0.90,validated,SYNTHETIC-TEST,2025-01-01,true
BEH-115,,,4.41,0.90,validated,SYNTHETIC-TEST,2025-01-01,true
BEH-116,,,4.78,0.90,validated,SYNTHETIC-TEST,2025-01-01,true
BEH-117,,,1.14,0.90,validated,SYNTHETIC-TEST,2025-01-01,true
BEH-118,,,1.51,0.90,validated,SYNTHETIC-TEST,2025-01-01,true
BEH-119,,,1.88,0.90,validated,SYNTHETIC-TEST,2025-01-01,true
BEH-120,,,2.25,0.90,validated,SYNTHETIC-TEST,2025-01-01,true
BEH-121,,,2.62,0.90,validated,SYNTHETIC-TEST,2025-01-01,true
BEH-122,,,2.99,0.90,validated,SYNTHETIC-TEST,2025-01-01,true
BEH-123,,,3.36,0.90,validated,SYNTHETIC-TEST,2025-01-01,true
BEH-124,,,3.73,0.90,validated,SYNTHETIC-TEST,2025-01-01,true
BEH-125,,,4.10,0.90,validated,SYNTHETIC-TEST,2025-01-01,true
BEH-126,,,4.47,0.90,validated,SYNTHETIC-TEST,2025-01-01,true
BEH-127,,,4.84,0.90,validated,SYNTHETIC-TEST,2025-01-01,true
BEH-128,,,1.20,0.90,validated,SYNTHETIC-TEST,2025-01-01,true
BEH-129,,,1.57,0.90,validated,SYNTHETIC-TEST,2025-01-01,true
BEH-130,,,1.94,0.90,validated,SYNTHETIC-TEST,2025-01-01,true
BEH-131,,,2.31,0.90,validated,SYNTHETIC-TEST,2025-01-01,true
BEH-132,,,2.68,0.90,validated,SYNTHETIC-TEST,2025-01-01,true
BEH-133,,,3.05,0.90,validated,SYNTHETIC-TEST,2025-01-01,true
BEH-134,,,3.42,0.90,validated,SYNTHETIC-TEST,2025-01-01,true
BEH-135,,,3.79,0.90,validated,SYNTHETIC-TEST,2025-01-01,true
BEH-136,,,4.16,0.90,validated,SYNTHETIC-TEST,2025-01-01,true
BEH-137,,,4.53,0.90,validated,SYNTHETIC-TEST,2025-01-01,true
BEH-138,,,4.90,0.90,validated,SYNTHETIC-TEST,2025-01-01,true
BEH-139,,,1.26,0.90,validated,SYNTHETIC-TEST,2025-01-01,true
BEH-140,,,1.63,0.90,validated,SYNTHETIC-TEST,2025-01-01,true
BEH-141,,,2.00,0.90,validated,SYNTHETIC-TEST,2025-01-01,true
BEH-142,,,2.37,0.90,validated,SYNTHETIC-TEST,2025-01-01,true
BEH-143,,,2.74,0.90,validated,SYNTHETIC-TEST,2025-01-01,true
BEH-144,,,3.11,0.90,validated,SYNTHETIC-TEST,2025-01-01,true
BEH-145,,,3.48,0.90,validated,SYNTHETIC-TEST,2025-01-01,true
BEH-146,,,3.85,0.90,validated,SYNTHETIC-TEST,2025-01-01,true
BEH-147,,,4.22,0.90,validated,SYNTHETIC-TEST,2025-01-01,true
BEH-148,,,4.59,0.90,validated,SYNTHETIC-TEST,2025-01-01,true
BEH-149,,,4.96,0.90,validated,SYNTHETIC-TEST,2025-01-01,true
BEH-150,,,1.32,0.90,validated,SYNTHETIC-TEST,2025-01-01,true
BEH-151,,,1.69,0.90,validated,SYNTHETIC-TEST,2025-01-01,true
BEH-152,,,2.06,0.90,validated,SYNTHETIC-TEST,2025-01-01,true
BEH-153,,,2.43,0.90,validated,SYNTHETIC-TEST,2025-01-01,true
BEH-154,,,2.80,0.90,validated,SYNTHETIC-TEST,2025-01-01,true
BEH-155,,,3.17,0.90,validated,SYNTHETIC-TEST,2025-01-01,true
BEH-156,,,3.54,0.90,validated,SYNTHETIC-TEST,2025-01-01,true
BEH-157,,,3.91,0.90,validated,SYNTHETIC-TEST,2025-01-01,true
BEH-158,,,4.28,0.90,validated,SYNTHETIC-TEST,2025-01-01,true
BEH-159,,,4.65,0.90,validated,SYNTHETIC-TEST,2025-01-01,true
BEH-160,,,1.01,0.90,validated,SYNTHETIC-TEST,2025-01-01,true
BEH-161,,,1.38,0.90,validated,SYNTHETIC-TEST,2025-01-01,true
BEH-162,,,1.75,0.90,validated,SYNTHETIC-TEST,2025-01-01,true
BEH-163,,,2.12,0.90,validated,SYNTHETIC-TEST,2025-01-01,true
BEH-164,,,2.49,0.90,validated,SYNTHETIC-TEST,2025-01-01,true
BEH-165,,,2.86,0.90,validated,SYNTHETIC-TEST,2025-01-01,true
BEH-166,,,3.23,0.90,validated,SYNTHETIC-TEST,2025-01-01,true
BEH-167,,,3.60,0.90,validated,SYNTHETIC-TEST,2025-01-01,true
BEH-168,,,3.97,0.90,validated,SYNTHETIC-TEST,2025-01-01,true
BEH-169,,,4.34,0.90,validated,SYNTHETIC-TEST,2025-01-01,true
BEH-170,,,4.71,0.90,validated,SYNTHETIC-TEST,2025-01-01,true
BEH-171,,,1.07,0.90,validated,SYNTHETIC-TEST,2025-01-01,true
BEH-172,,,1.44,0.90,validated,SYNTHETIC-TEST,2025-01-01,true
BEH-173,,,1.81,0.90,validated,SYNTHETIC-TEST,2025-01-01,true
BEH-174,,,2.18,0.90,validated,SYNTHETIC-TEST,2025-01-01,true
BEH-175,,,2.55,0.90,validated,SYNTHETIC-TEST,2025-01-01,true
BEH-176,,,2.92,0.90,validated,SYNTHETIC-TEST,2025-01-01,true
BEH-177,,,3.29,0.90,validated,SYNTHETIC-TEST,2025-01-01,true
BEH-178,,,3.66,0.90,validated,SYNTHETIC-TEST,2025-01-01,true
BEH-179,,,4.03,0.90,validated,SYNTHETIC-TEST,2025-01-01,true
BEH-180,,,4.40,0.90,validated,SYNTHETIC-TEST,2025-01-01,true
BEH-181,,,4.77,0.90,validated,SYNTHETIC-TEST,2025-01-01,true
BEH-182,,,1.13,0.90,validated,SYNTHETIC-TEST,2025-01-01,true
BEH-183,,,1.50,0.90,validated,SYNTHETIC-TEST,2025-01-01,true
BEH-184,,,1.87,0.90,validated,SYNTHETIC-TEST,2025-01-01,true
BEH-185,,,2.24,0.90,validated,SYNTHETIC-TEST,2025-01-01,true
BEH-186,,,2.61,0.90,validated,SYNTHETIC-TEST,2025-01-01,true
BEH-187,,,2.98,0.90,validated,SYNTHETIC-TEST,2025-01-01,true
BEH-188,,,3.35,0.90,validated,SYNTHETIC-TEST,2025-01-01,true
BEH-189,,,3.72,0.90,validated,SYNTHETIC-TEST,2025-01-01,true
BEH-190,,,4.09,0.90,validated,SYNTHETIC-TEST,2025-01-01,true
BEH-191,,,4.46,0.90,validated,SYNTHETIC-TEST,2025-01-01,true
BEH-192,,,4.83,0.90,validated,SYNTHETIC-TEST,2025-01-01,true
BEH-193,,,1.19,0.90,validated,SYNTHETIC-TEST,2025-01-01,true
BEH-194,,,1.56,0.90,validated,SYNTHETIC-TEST,2025-01-01,true
BEH-195,,,1.93,0.90,validated,SYNTHETIC-TEST,2025-01-01,true
BEH-196,,,2.30,0.90,validated,SYNTHETIC-TEST,2025-01-01,true
BEH-197,,,2.67,0.90,validated,SYNTHETIC-TEST,2025-01-01,true
BEH-198,,,3.04,0.90,validated,SYNTHETIC-TEST,2025-01-01,true
BEH-199,,,3.41,0.90,validated,SYNTHETIC-TEST,2025-01-01,true
BEH-200,,,3.78,0.90,validated,SYNTHETIC-TEST,2025-01-01,true
BEH-201,,,4.15,0.90,validated,SYNTHETIC-TEST,2025-01-01,true
BEH-202,,,4.52,0.90,validated,SYNTHETIC-TEST,2025-01-01,true
BEH-203,,,4.89,0.90,validated,SYNTHETIC-TEST,2025-01-01,true
BEH-204,,,1.25,0.90,validated,SYNTHETIC-TEST,2025-01-01,true
BEH-205,,,1.62,0.90,validated,SYNTHETIC-TEST,2025-01-01,true
BEH-206,,,1.99,0.90,validated,SYNTHETIC-TEST,2025-01-01,true
BEH-207,,,2.36,0.90,validated,SYNTHETIC-TEST,2025-01-01,true
BEH-208,,,2.73,0.90,validated,SYNTHETIC-TEST,2025-01-01,true
BEH-209,,,3.10,0.90,validated,SYNTHETIC-TEST,2025-01-01,true
NOR-001,,,3.47,0.90,validated,SYNTHETIC-TEST,2025-01-01,true
NOR-002,,,3.84,0.90,validated,SYNTHETIC-TEST,2025-01-01,true
NOR-003,,,4.21,0.90,validated,SYNTHETIC-TEST,2025-01-01,true
NOR-004,,,4.58,0.90,validated,SYNTHETIC-TEST,2025-01-01,true
NOR-005,,,4.95,0.90,validated,SYNTHETIC-TEST,2025-01-01,true
NOR-006,,,1.31,0.90,validated,SYNTHETIC-TEST,2025-01-01,true
NOR-007,,,1.68,0.90,validated,SYNTHETIC-TEST,2025-01-01,true
NOR-008,,,2.05,0.90,validated,SYNTHETIC-TEST,2025-01-01,true
NOR-009,,,2.42,0.90,validated,SYNTHETIC-TEST,2025-01-01,true
NOR-010,,,2.79,0.90,validated,SYNTHETIC-TEST,2025-01-01,true
NOR-011,,,3.16,0.90,validated,SYNTHETIC-TEST,2025-01-01,true
NOR-012,,,3.53,0.90,validated,SYNTHETIC-TEST,2025-01-01,true
NOR-013,,,3.90,0.90,validated,SYNTHETIC-TEST,2025-01-01,true
NOR-014,,,4.27,0.90,validated,SYNTHETIC-TEST,2025-01-01,true
NOR-015,,,4.64,0.90,validated,SYNTHETIC-TEST,2025-01-01,true
NOR-016,,,1.00,0.90,validated,SYNTHETIC-TEST,2025-01-01,true
NOR-017,,,1.37,0.90,validated,SYNTHETIC-TEST,2025-01-01,true
NOR-018,,,1.74,0.90,validated,SYNTHETIC-TEST,2025-01-01,true
NOR-019,,,2.11,0.90,validated,SYNTHETIC-TEST,2025-01-01,true
NOR-020,,,2.48,0.90,validated,SYNTHETIC-TEST,2025-01-01,true
NOR-021,,,2.85,0.90,validated,SYNTHETIC-TEST,2025-01-01,true
NOR-022,,,3.22,0.90,validated,SYNTHETIC-TEST,2025-01-01,true
NOR-023,,,3.59,0.90,validated,SYNTHETIC-TEST,2025-01-01,true
NOR-024,,,3.96,0.90,validated,SYNTHETIC-TEST,2025-01-01,true
NOR-025,,,4.33,0.90,validated,SYNTHETIC-TEST,2025-01-01,true
NOR-026,,,4.70,0.90,validated,SYNTHETIC-TEST,2025-01-01,true
NOR-027,,,1.06,0.90,validated,SYNTHETIC-TEST,2025-01-01,true
NOR-028,,,1.43,0.90,validated,SYNTHETIC-TEST,2025-01-01,true
NOR-029,,,1.80,0.90,validated,SYNTHETIC-TEST,2025-01-01,true
NOR-030,,,2.17,0.90,validated,SYNTHETIC-TEST,2025-01-01,true
NOR-031,,,2.54,0.90,validated,SYNTHETIC-TEST,2025-01-01,true
NOR-032,,,2.91,0.90,validated,SYNTHETIC-TEST,2025-01-01,true
NOR-033,,,3.28,0.90,validated,SYNTHETIC-TEST,2025-01-01,true
